Date,Mars Ecliptic Longitude (deg),Sun Ecliptic Longitude (deg),Angular Separation (deg),Visible at Night
2000-01-01,327.5793596537979,279.8631054261097,47.71625422768818,True
2000-01-02,328.3549924165372,280.88249804458025,47.47249437195694,True
2000-01-03,329.13063723006326,281.90196937478476,47.2286678552785,True
2000-01-04,329.9062776210293,282.9214987243569,46.98477889667237,True
2000-01-05,330.6818960131263,283.9410641622692,46.74083185085709,True
2000-01-06,331.4574737725031,284.96064270623003,46.496831066273046,True
2000-01-07,332.23299125155086,285.9802105395,46.25278071205088,True
2000-01-08,333.0084278494966,286.99974327906176,46.008684570434866,True
2000-01-09,333.78376210214776,288.0192163003197,45.764545801828035,True
2000-01-10,334.5589718056255,289.0386051115874,45.5203666940381,True
2000-01-11,335.3340341731542,290.05788576838626,45.27614840476792,True
2000-01-12,336.1089260229147,291.07703532438353,45.031890698531186,True
2000-01-13,336.8836240002635,292.0960323300121,44.7875916702514,True
2000-01-14,337.65810484847736,293.11485740434233,44.543247444135034,True
2000-01-15,338.43234575466045,294.13349390927385,44.298851845386594,True
2000-01-16,339.2063248037893,295.1519287332694,44.054396070519886,True
2000-01-17,339.9800215623743,296.1701531311092,43.8098684312651,True
2000-01-18,340.75341777131877,297.1881634647181,43.56525430660065,True
2000-01-19,341.52649805203146,298.2059615774931,43.32053647453836,True
2000-01-20,342.2992504440854,299.22355448607965,43.075695958005724,True
2000-01-21,343.07166655477596,300.2409531840555,42.830713370720446,True
2000-01-22,343.8437411735467,301.2581706464899,42.5855705270568,True
2000-01-23,344.6154713871193,302.275219472227,42.34025191489235,True
2000-01-24,345.3868554260166,303.29210977124507,42.09474565477154,True
2000-01-25,346.1578915531431,304.30884777050517,41.84904378263792,True
2000-01-26,346.9285772309869,305.3254352785925,41.60314195239437,True
2000-01-27,347.69890864965396,306.3418698431249,41.35703880652903,True
2000-01-28,348.468880565699,307.3581452979582,41.110735267740836,True
2000-01-29,349.23848634096356,308.3742524205585,40.86423392040507,True
2000-01-30,350.0077180714492,309.39017951832705,40.61753855312213,True
2000-01-31,350.7765667265047,310.40591286318903,40.37065386331568,True
2000-02-01,351.5450222532086,311.4214369653765,40.1235852878321,True
2000-02-02,352.3130736288471,312.4367347188386,39.87633891000854,True
2000-02-03,353.08070886428595,313.4517874713608,39.62892139292518,True
2000-02-04,353.84791497461543,314.4665750805042,39.38133989411125,True
2000-02-05,354.6146779422466,315.48107601566954,39.13360192657706,True
2000-02-06,355.3809827017559,316.4952675573583,38.88571514439758,True
2000-02-07,356.14681317443154,317.5091261269859,38.63768704744564,True
2000-02-08,356.9121523734085,318.52262775677264,38.38952461663587,True
2000-02-09,357.67698258916045,319.53574868529853,38.14123390386192,True
2000-02-10,358.4412856538007,320.5484660479997,37.89281960580104,True
2000-02-11,359.2050432756018,321.56075862819193,37.64428464740985,True
2000-02-12,359.9682374347221,322.5726076409802,37.395629793741875,True
2000-02-13,0.7308508352269433,323.583997529146,37.146853306080914,True
2000-02-14,1.4928674102067885,324.594916741684,36.89795066852275,True
2000-02-15,2.2542728667666916,325.60535843025593,36.64891443651078,True
2000-02-16,3.0150552293737496,326.61532093905504,36.39973429031869,True
2000-02-17,3.7752052974401002,327.62480790665614,36.15039739078395,True
2000-02-18,4.534716896981234,328.63382779556576,35.90088910141549,True
2000-02-19,5.293586810252081,329.64239276484943,35.65119404540263,True
2000-02-20,6.051814334765401,330.65051699858657,35.40129733617886,True
2000-02-21,6.809400537370685,331.65821480958255,35.15118572778812,True
2000-02-22,7.566347370882354,332.6654989274486,34.900848443433745,True
2000-02-23,8.322656850344728,333.6723792920395,34.65027755830522,True
2000-02-24,9.078330432734148,334.6788624670191,34.399467965715075,True
2000-02-25,9.833368649759544,335.6849515874212,34.14841706233835,True
2000-02-26,10.587770961932836,336.6906466462691,33.897124315663746,True
2000-02-27,11.341535760639816,337.69594491668016,33.64559084395967,True
2000-02-28,12.094660440498368,338.70084135627184,33.39381908422655,True
2000-02-29,12.847141480258893,339.70532890590255,33.14181257435632,True
2000-03-01,13.598974492166885,340.7093986503455,32.88957584182134,True
2000-03-02,14.350154219765619,341.71303984898327,32.63711437078234,True
2000-03-03,15.100674481213296,342.7162398739531,32.384434607260175,True
2000-03-04,15.850528070600847,343.7189841164009,32.13154395419991,True
2000-03-05,16.599706644485018,344.72125593982236,31.87845070466267,True
2000-03-06,17.348200633742064,345.72303676870933,31.625163865032732,True
2000-03-07,18.09599922804454,346.7243063928369,31.371692835207625,True
2000-03-08,18.84309047662933,347.72504353583787,31.118046940791487,True
2000-03-09,19.589461531630207,348.7252266831651,30.864234848465117,True
2000-03-10,20.33509903211866,349.72483510382114,30.610263928297513,True
2000-03-11,21.07998959765591,350.7238499549625,30.35613964269345,True
2000-03-12,21.82412038084706,351.7222553456576,30.101865035189462,True
2000-03-13,22.56747962468797,352.72003925481107,29.847440369876892,True
2000-03-14,23.31005717843987,353.71719422994295,29.59286294849693,True
2000-03-15,24.051844935137122,354.713717815734,29.33812711940311,True
2000-03-16,24.79283715621153,355.70961266485233,29.083224491359204,True
2000-03-17,25.53303064438658,356.704886280373,28.82814436401361,True
2000-03-18,26.272424724938748,357.6995503548866,28.572874370052148,True
2000-03-19,27.01102101087965,358.69361972647107,28.31740128440856,True
2000-03-20,27.748822964923566,359.68711105988126,28.06171190504233,True
2000-03-21,28.485835319507736,0.680041444516182,27.805793874991554,True
2000-03-22,29.222063452495235,1.6724271306708944,27.54963632182434,True
2000-03-23,29.957512820719927,2.6642825797871996,27.29323024093273,True
2000-03-24,30.692188524455563,3.6556199043745576,27.036568620081006,True
2000-03-25,31.426095029532384,4.646448667241447,26.779646362290936,True
2000-03-26,32.159236031345856,5.636775938351621,26.522460092994233,True
2000-03-27,32.89161441929304,6.626606483778657,26.265007935514383,True
2000-03-28,33.62323229244103,7.615942973851552,26.00728931858948,True
2000-03-29,34.35409098173294,8.604786127857595,25.749304853875344,True
2000-03-30,35.08419104425272,9.593134746602429,25.49105629765029,True
2000-03-31,35.813532207223076,10.580985616538827,25.23254659068425,True
2000-04-01,36.54211325298817,11.568333301630732,24.973779951357443,True
2000-04-02,37.269931852793675,12.555169875459228,24.714761977334447,True
2000-04-03,37.996984378108806,13.541484686977933,24.455499691130875,True
2000-04-04,38.723265741912115,14.527264290926603,24.196001450985513,True
2000-04-05,39.44876934145279,15.512492688917968,23.936276652534822,True
2000-04-06,40.17348717576086,16.49715199449916,23.676335181261702,True
2000-04-07,40.89741018382886,17.481223541865358,23.416186641963503,True
2000-04-08,41.6205287935676,18.464689324009232,23.15583946955837,True
2000-04-09,42.34283360753197,19.447533529314725,22.895300078217247,True
2000-04-10,43.06431611011293,20.429743907754098,22.63457220235883,True
2000-04-11,43.78496928257928,21.411312757923195,22.373656524656088,True
2000-04-12,44.50478805095355,22.392237444365357,22.112550606588194,True
2000-04-13,45.2237695415817,23.372520465504895,21.851249076076808,True
2000-04-14,45.94191315599456,24.352169152926987,21.589744003067576,True
2000-04-15,46.65922049179844,25.331195091999984,21.32802539979846,True
2000-04-16,47.37569513666327,26.309613338945432,21.066081797717835,True
2000-04-17,48.09134236008165,27.287441498604473,20.803900861477175,True
2000-04-18,48.8061687303895,28.26469873208385,20.54146999830565,True
2000-04-19,49.52018169253293,29.241404777269295,20.278776915263634,True
2000-04-20,50.23338914914547,30.217579071406274,20.015810077739193,True
2000-04-21,50.945799086866,31.193240050817188,19.752559036048815,True
2000-04-22,51.65741927892764,32.16840466801885,19.48901461090879,True
2000-04-23,52.36825707694899,33.143088122300306,19.225168954648687,True
2000-04-24,53.078319285723964,34.11730376090006,18.961015524823907,True
2000-04-25,53.78761209999532,35.09106308395014,18.696549016045182,True
2000-04-26,54.49614107400154,36.06437577898218,18.43176529501936,True
2000-04-27,55.20391109245781,37.03724971621495,18.166661376242857,True
2000-04-28,55.910926313932194,38.00969084954443,17.901235464387767,True
2000-04-29,56.61719006343013,38.98170298861883,17.6354870748113,True
2000-04-30,57.32270466135104,39.953287437424116,17.369417223926924,True
2000-05-01,58.02747119352537,40.9244425400174,17.10302865350797,True
2000-05-02,58.73148925438286,41.89516323734719,16.836326017035667,True
2000-05-03,59.4347567307806,42.865440810879875,16.569315919900724,True
2000-05-04,60.137269726014566,43.83526303653407,16.302006689480493,True
2000-05-05,60.83902272881799,44.804614943667154,16.034407785150833,True
2000-05-06,61.54000908681464,45.77348022878578,15.766528858028863,True
2000-05-07,62.24022174821278,46.741843140031804,15.498378608180978,True
2000-05-08,62.939654131063314,47.70969044176308,15.229963689300234,True
2000-08-20,132.19159644922942,147.27442412465678,15.082827675427353,True
2000-08-21,132.8316053504323,148.23701014905288,15.405404798620566,True
2000-08-22,133.4712899569007,149.2000601831858,15.728770226285093,True
2000-08-23,134.1106543002871,150.16358799901857,16.052933698731465,True
2000-08-24,134.74970062495558,151.12760364169162,16.37790301673604,True
2000-08-25,135.38842916690697,152.09211264765375,16.703683480746776,True
2000-08-26,136.0268380473753,153.0571154214979,17.03027737412262,True
2000-08-27,136.66492336949526,154.02260699683316,17.357683627337906,True
2000-08-28,137.30267959396517,154.98857742477153,17.68589783080637,True
2000-08-29,137.94010020438446,155.955012924342,18.014912719957522,True
2000-08-30,138.57717856753953,156.92189768853945,18.344719120999912,True
2000-08-31,139.21390880315337,157.88921597573315,18.675307172579778,True
2000-09-01,139.85028646447222,158.85695399568195,19.00666753120973,True
2000-09-02,140.48630890941465,159.82510120659362,19.33879229717897,True
2000-09-03,141.12197536064838,160.79365089600205,19.67167553535367,True
2000-09-04,141.75728674277596,161.76260016108603,20.005313418310067,True
2000-09-05,142.39224541324492,162.73194952506586,20.339704111820936,True
2000-09-06,143.02685488303266,163.70170242328106,20.674847540248408,True
2000-09-07,143.66111958349546,164.67186472322425,21.010745139728783,True
2000-09-08,144.2950446994069,165.64244436296127,21.34739966355437,True
2000-09-09,144.92863606339697,166.61345112968323,21.684815066286262,True
2000-09-10,145.56190009294534,167.58489655910375,22.022996466158418,True
2000-09-11,146.1948437442024,168.55679391150449,22.361950167302098,True
2000-09-12,146.82747445453322,169.5291581655208,22.701683710987595,True
2000-09-13,147.45980004697594,170.50200596385847,23.042205916882523,True
2000-09-14,148.09182857527378,171.47535544732895,23.38352687205517,True
2000-09-15,148.72356809827187,172.44922592749728,23.725657829225412,True
2000-09-16,149.3550263863405,173.42363737426822,24.068610987927713,True
2000-09-17,149.98621057702138,174.39860972815148,24.412399151130103,True
2000-09-18,150.6171268079851,175.3741620781136,24.75703527012851,True
2000-09-19,151.24777985947367,176.3503117648595,25.10253190538583,True
2000-09-20,151.87817283610426,177.3270734725133,25.448900636409036,True
2000-09-21,152.5083069135882,178.30445836563987,25.796151452051674,True
2000-09-22,153.13818117526154,179.28247332738567,26.144292152124137,True
2000-09-23,153.76779256890305,180.26112037023017,26.493327801327126,True
2000-09-24,154.39713602178034,181.2403963219811,26.843260300200768,True
2000-09-25,155.02620474964723,182.2202929142666,27.19408816461936,True
2000-09-26,155.65499077043887,183.2007973819933,27.54580661155444,True
2000-09-27,156.2834855826606,184.18189359205698,27.898408009396377,True
2000-09-28,156.91168090908255,185.16356357190864,28.25188266282609,True
2000-09-29,157.5395693713546,186.1457891702157,28.606219798861105,True
2000-09-30,158.1671449765829,187.12855353466603,28.96140855808312,True
2000-10-01,158.79440335857976,188.1118421681249,29.317438809545138,True
2000-10-02,159.42134179145606,189.095643478751,29.67430168729493,True
2000-10-03,160.04795904569576,190.07994888909897,30.03198984340321,True
2000-10-04,160.6742551719454,191.0647526546537,30.390497482708298,True
2000-10-05,161.30023128333423,192.05005155556842,30.74982027223419,True
2000-10-06,161.92588938011363,193.0358445925915,31.10995521247787,True
2000-10-07,162.5512322339973,194.0221327698827,31.47090053588539,True
2000-10-08,163.17626332925948,195.008919002259,31.832655672999522,True
2000-10-09,163.80098684323096,195.99620814753814,32.19522130430718,True
2000-10-10,164.42540763821773,196.98400713353107,32.55859949531333,True
2000-10-11,165.04953122879553,197.97232512009117,32.92279389129564,True
2000-10-12,165.6733636840133,198.96117360930165,33.28780992528834,True
2000-10-13,166.2969114268733,199.95056639785125,33.653654970977954,True
2000-10-14,166.92018090801187,200.94051926753403,34.02033835952216,True
2000-10-15,167.5431781584345,201.93104934537143,34.387871186936934,True
2000-10-16,168.16590826219883,202.9221741358133,34.75626587361447,True
2000-10-17,168.78837482112968,203.913910315188,35.12553549405831,True
2000-10-18,169.41057949530685,204.90627244796312,35.49569295265627,True
2000-10-19,170.03252168885413,205.8992718042445,35.866750115390374,True
2000-10-20,170.65419841820938,206.89291542350333,36.23871700529395,True
2000-10-21,171.2756043662851,207.88720550609708,36.61160113981197,True
2000-10-22,171.89673210438337,208.88213915743088,36.98540705304751,True
2000-10-23,172.51757245647408,209.87770848014867,37.360136023674585,True
2000-10-24,173.13811497907764,210.87390100218715,37.73578602310951,True
2000-10-25,173.7583485240062,211.87070042053534,38.112351896529134,True
2000-10-26,174.37826183686758,212.86808761241502,38.489825775547445,True
2000-10-27,174.99784412811078,213.8660418170591,38.86819768894833,True
2000-10-28,175.61708554826149,214.86454184458134,39.247456296319854,True
2000-10-29,176.23597751406174,215.86356715377616,39.627589639714415,True
2000-10-30,176.8545128652184,216.86309867364338,40.00858580842498,True
2000-10-31,177.47268586936505,217.8631193127617,40.39043344339666,True
2000-11-01,178.09049212080177,218.86361417689,40.773122056088226,True
2000-11-02,178.70792838884813,219.86457057086514,41.15664218201701,True
2000-11-03,179.3249924658489,220.86597788464258,41.54098541879367,True
2000-11-04,179.94168304984325,221.86782745982975,41.926144409986506,True
2000-11-05,180.55799967927692,222.8701125138595,42.31211283458259,True
2000-11-06,181.17394272033985,223.87282817362677,42.69888545328692,True
2000-11-07,181.78951339178116,224.8759716424855,43.08645825070434,True
2000-11-08,182.40471379614974,225.87954249176167,43.47482869561193,True
2000-11-09,183.01954691003198,226.8835430257822,43.86399611575021,True
2000-11-10,183.63401647227371,227.88797861661808,44.25396214434437,True
2000-11-11,184.24812670698378,228.89285785116567,44.64473114418189,True
2000-11-12,184.86188183971885,229.8981923057019,45.036310465983064,True
2000-11-13,185.47528541870892,230.90399579974263,45.42871038103371,True
2000-11-14,186.088339528902,231.9102831050127,45.8219435761107,True
2000-11-15,186.70104405161254,232.91706826851043,46.21602421689789,True
2000-11-16,187.31339613488134,233.9243628643425,46.610966729461154,True
2000-11-17,187.9253899828634,234.9321745243275,47.0067845414641,True
2000-11-18,188.5370169752194,235.94050599033213,47.40348901511274,True
2000-11-19,189.14826604287808,236.94935475177556,47.80108870889748,True
2000-11-20,189.75912419110193,237.95871318081794,48.199588989716005,True
2000-11-21,190.3695770733594,238.96856901230495,48.598991938945545,True
2000-11-22,190.9796095542587,239.97890602712044,48.999296472861744,True
2000-11-23,191.58920623096225,240.98970484308467,49.40049861212242,True
2000-11-24,192.19835189825682,242.0009437574268,49.80259185916998,True
2000-11-25,192.80703194473057,243.01259960157597,50.2055676568454,True
2000-11-26,193.41523266508563,244.0246485659876,50.60941590090198,True
2000-11-27,194.0229414749983,245.03706694447573,51.01412546947742,True
2000-11-28,194.63014702380397,246.04983174846706,51.419684724663085,True
2000-11-29,195.23683921456407,247.0629211580043,51.826081943440215,True
2000-11-30,195.8430091552625,248.0763148045581,52.2333056492956,True
2000-12-01,196.44864907379,249.08999391130726,52.641344837517266,True
2000-12-02,197.05375223067892,250.10394134059075,53.05018910991183,True
2000-12-03,197.65831285794368,251.11814161142374,53.45982875348005,True
2000-12-04,198.2623261418832,252.132580952566,53.87025481068281,True
2000-12-05,198.86578825374627,253.14724745053246,54.28145919678619,True
2000-12-06,199.46869641463894,254.16213133710568,54.693434922466736,True
2000-12-07,200.07104895884726,255.17722543309102,55.10617647424377,True
2000-12-08,200.67284533310243,256.19252571624503,55.5196803831426,True
2000-12-09,201.27408594397195,257.20803190533246,55.93394596136051,True
2000-12-10,201.87477175727392,258.2237478577395,56.34897610046559,True
2000-12-11,202.47490358695217,259.2396815050445,56.76477791809231,True
2000-12-12,203.0744811045271,260.2558440722884,57.181362967761316,True
2000-12-13,203.67350173586985,261.27224850471737,57.59874676884752,True
2000-12-14,204.2719597180327,262.2889073294728,58.016947611440116,True
2000-12-15,204.86984557876457,263.3058304480493,58.43598486928471,True
2000-12-16,205.46714615661708,264.32302340122084,58.85587724460376,True
2000-12-17,206.06384508517002,265.34048643408227,59.27664134891225,True
2000-12-18,206.65992353832942,266.35821436819805,59.698290829868625,True
2000-12-19,207.25536102488596,267.37619705573456,60.12083603084861,True
2000-12-20,207.8501360929549,268.39442012808115,60.54428403512625,True
2000-12-21,208.44422689230464,269.4128658146661,60.968638922361436,True
2000-12-22,209.03761160238304,270.43151371103687,61.39390210865383,True
2000-12-23,209.63026875771348,271.45034145942685,61.82007270171337,True
2000-12-24,210.22217750094666,272.46932535022023,62.247147849273574,True
2000-12-25,210.81331778160498,273.4884408641059,62.6751230825009,True
2000-12-26,211.40367050633077,274.5076631663472,63.10399266001642,True
2000-12-27,211.99321764013646,275.52696755061504,63.533749910478576,True
2000-12-28,212.5819422591486,276.546329820578,63.96438756142942,True
2000-12-29,213.1698285616881,277.56572659807046,64.39589803638236,True
2000-12-30,213.7568618525044,278.5851355570825,64.8282737045781,True
2000-12-31,214.3430285208147,279.6045355993593,65.26150707854458,True
2001-01-01,214.92831603386477,280.6239070051913,65.69559097132654,True
2001-01-02,215.51271296270264,281.6432316078457,66.13051864514304,True
2001-01-03,216.09620904495003,282.66249304876186,66.56628400381183,True
2001-01-04,216.6787952694652,283.68167716910574,67.00288189964053,True
2001-01-05,217.26046393870223,284.7007725741794,67.44030863547715,True
2001-01-06,217.84120862758078,285.7197713586761,67.87856273109531,True
2001-01-07,218.4210239224249,286.7386698912406,68.3176459688157,True
2001-01-08,218.99990481487472,287.75746943111795,68.75756461624323,True
2001-01-09,219.57784568191977,288.77617623563594,69.19833055371618,True
2001-01-10,220.15483892972355,289.7948008163904,69.63996188666687,True
2001-01-11,220.7308735778466,290.8133562146376,70.08248263679101,True
2001-01-12,221.30593418881477,291.83185556474115,70.52592137592637,True
2001-01-13,221.88000047694482,292.85030957385874,70.97030909691392,True
2001-01-14,222.45304766731564,293.8687245974174,71.41567693010174,True
2001-01-15,223.0250473912101,294.88710168955066,71.86205429834055,True
2001-01-16,223.59596877519948,295.905436586677,72.30946781147753,True
2001-01-17,224.16577943739858,296.92372030687545,72.75794086947687,True
2001-01-18,224.73444624949832,297.94194000198524,73.20749375248693,True
2001-01-19,225.30193585222398,298.9600798016167,73.65814394939272,True
2001-01-20,225.86821498095898,299.9781215234983,74.10990654253933,True
2001-01-21,226.4332506744307,300.9960452267003,74.5627945522696,True
2001-01-22,226.99701042622112,302.0138296387665,75.01681921254536,True
2001-01-23,227.5594623159656,303.03145250494606,75.47199018898047,True
2001-01-24,228.12057513548086,304.0488909024552,75.92831576697432,True
2001-01-25,228.68031850971863,305.06612154703305,76.38580303731442,True
2001-01-26,229.23866300506222,306.0831211016196,76.84445809655739,True
2001-01-27,229.79558021771172,307.0998664839352,77.3042862662235,True
2001-01-28,230.351042840609,308.11633516503815,77.76529232442914,True
2001-01-29,230.90502471501273,309.1325054558716,78.22748074085885,True
2001-01-30,231.45750087822356,310.14835679191077,78.69085591368722,True
2001-01-31,232.00844761806906,311.16387004344506,79.155422425376,True
2001-02-01,232.5578425342039,312.1790278952124,79.62118536100851,True
2001-02-02,233.10566458367856,313.1938153465564,80.08815076287783,True
2001-02-03,233.65189405300077,314.2082203713942,80.55632631839342,True
2001-02-04,234.19651235579983,315.22223473178326,81.02572237598343,True
2001-02-05,234.73950152085354,316.23585484688994,81.4963533260364,True
2001-02-06,235.2808432441571,317.24908248638116,81.96823924222406,True
2001-02-07,235.82051747510246,318.2619249358446,82.44140746074214,True
2001-02-08,236.35850070525123,319.2743942804927,82.91589357524145,True
2001-02-09,236.8947643553558,320.2865056762768,83.39174132092103,True
2001-02-10,237.429273749413,321.29827488969113,83.86900114027813,True
2001-02-11,237.96198799701625,322.30971575048505,84.3477277534688,True
2001-02-12,238.49286074573274,323.32083820272555,84.82797745699281,True
2001-02-13,239.021841451011,324.3316473276187,85.30980587660773,True
2001-02-14,239.5488767260855,325.34214328869837,85.79326656261287,True
2001-02-15,240.0739114609881,326.35232187988726,86.27841041889914,True
2001-02-16,240.59688959518334,327.36217531507714,86.7652857198938,True
2001-02-17,241.11775457526971,328.37169299901177,87.25393842374206,True
2001-02-18,241.63644959489025,329.38086215125725,87.744412556367,True
2001-02-19,242.15291771983553,330.38966825578774,88.23675053595221,True
2001-02-20,242.66710197876014,331.39809536574273,88.73099338698259,True
2001-02-21,243.17894547000853,332.40612631634065,89.22718084633212,True
2001-02-22,243.68839150731486,333.41374290182017,89.72535139450531,True
2001-02-23,244.19538380481504,334.4209260636829,90.22554225886785,True
2001-02-24,244.69986668608462,335.42765612275775,90.72778943667313,True
2001-02-25,245.20178529370574,336.43391307062154,91.2321277769158,True
2001-02-26,245.70108577541433,337.43967692084624,91.73859114543191,True
2001-02-27,246.19771542859155,338.4449281117396,92.24721268314806,True
2001-02-28,246.69162279261073,339.449647952735,92.75802516012428,True
2001-03-01,247.18275768216918,340.4538191162263,93.27106143405715,True
2001-03-02,247.6710711479026,341.457426190825,93.7863550429224,True
2001-03-03,248.15651532934842,342.46045632153397,94.30394099218555,True
2001-03-04,248.6390431313088,343.4628999541052,94.82385682279639,True
2001-03-05,249.11860761934517,344.46475166045246,95.3461440411073,True
2001-03-06,249.5951610189459,345.4660109409137,95.87084992196779,True
2001-03-07,250.06865325379513,346.4666827901981,96.39802953640296,True
2001-03-08,250.53903010159738,347.46677772959424,96.92774762799687,True
2001-03-09,251.0062312597696,348.4663110371361,97.4600797773665,True
2001-03-10,251.4701887899076,349.4653011156597,97.9951123257521,True
2001-03-11,251.93082639702325,350.46376727299315,98.5329408759699,True
2001-03-12,252.3880597380637,351.4617274562645,99.0736677182008,True
2001-03-13,252.84179757743846,352.45919649302175,99.6173989155833,True
2001-03-14,253.29194334841506,353.45618514069605,100.16424179228099,True
2001-03-15,253.73839666532442,354.45269991574116,100.71430325041675,True
2001-03-16,254.18105450131787,355.44874345558117,101.26768895426329,True
2001-03-17,254.6198119534662,356.444315119238,101.8245031657718,True
2001-03-18,255.05456265996372,357.43941159981523,102.38484893985151,True
2001-03-19,255.48519899310824,358.434027422609,102.94882842950076,True
2001-03-20,255.911612152666,359.42815528687294,103.51654313420693,True
2001-03-21,256.3336922586091,0.42178626372914874,104.08809400512004,True
2001-03-22,256.75132850941304,1.4149098926225916,104.66358138320956,True
2001-03-23,257.16440943942257,2.4075142329674497,105.24310479354489,True
2001-03-24,257.5728232773805,3.399585931997719,105.8267626546172,True
2001-03-25,257.976458378383,4.391110365987295,106.41465198760432,True
2001-03-26,258.3752036758523,5.3820718995874985,107.00686822373521,True
2001-03-27,258.76894908342956,6.372454287586326,107.60350520415676,True
2001-03-28,259.1575857735343,7.362241218694537,108.20465544516023,True
2001-03-29,259.5410062700309,8.351416978936301,108.81041070890541,True
2001-03-30,259.91910431075314,9.339967199821896,109.42086288906876,True
2001-03-31,260.29177445080404,10.327879655902917,110.03610520509886,True
2001-04-01,260.6589113807268,11.315145081728085,110.65623370100127,True
2001-04-02,261.02040892589173,12.30175797684494,111.28134905095322,True
2001-04-03,261.37615869048693,13.287717345707673,111.91155865522074,True
2001-04-04,261.7260483391035,14.273027272707209,112.5469789336037,True
2001-04-05,262.06995959691295,15.25769717672385,113.18773757981089,True
2001-04-06,262.40776619368484,16.241741564917135,113.8339753712323,True
2001-04-07,262.73933212197886,17.225179161893813,114.48584703991494,True
2001-04-08,263.064510624576,18.208031446953594,115.14352082237761,True
2001-04-09,263.3831441899137,19.190320836024927,115.80717664611123,True
2001-04-10,263.6950655442031,20.172068883720055,116.47700333951695,True
2001-04-11,264.00009933119287,21.153294864310922,117.15319553311804,True
2001-04-12,264.2980640243873,22.13401492927596,117.83595090488865,True
2001-04-13,264.58877367081544,23.114241834127263,118.52546816331181,True
2001-04-14,264.8720392440863,24.093985081880582,119.2219458377943,True
2001-04-15,265.1476695724753,25.07325128335692,119.9255817108816,True
2001-04-16,265.4154719336878,26.052044562217255,120.63657262852945,True
2001-04-17,265.6752524607848,27.03036689162522,121.35511443084042,True
2001-04-18,265.9268165057451,28.008218307845876,122.0814018021008,True
2001-04-19,266.1699690837265,28.985596991535246,122.81562790780873,True
2001-04-20,266.4045154871125,29.962499240525858,123.55798375341334,True
2001-04-21,266.630262117217,30.938919383412593,124.30865726619558,True
2001-04-22,266.8470175305152,31.914849704171086,125.06783217365589,True
2001-04-23,267.05459363386865,32.89028046261915,125.83568682875051,True
2001-04-24,267.2528068957691,33.86520009706948,126.61239320130039,True
2001-04-25,267.4414793858028,34.839595675822466,127.39811629001969,True
2001-04-26,267.6204394372407,35.81345362003609,128.1930141827954,True
2001-04-27,267.7895217664349,36.786760660260214,128.99723889382528,True
2001-04-28,267.9485669735704,37.759504932382704,129.8109379588123,True
2001-04-29,268.09742046139047,38.73167708756103,130.63425662617055,True
2001-04-30,268.2359309004152,39.70327129404578,131.46734039363056,True
2001-05-01,268.3639484166652,40.67428603638984,132.31033761972463,True
2001-05-02,268.4813226896171,41.644724647552565,133.16340195793543,True
2001-05-03,268.5879011550291,42.61459552538661,134.02669437035752,True
2001-05-04,268.68352753348296,43.5839119887479,134.90038445526494,True
2001-05-05,268.7680409420424,44.5526917394494,135.78465079740704,True
2001-05-06,268.8412758488774,45.520955936769504,136.6796800878921,True
2001-05-07,268.9030630484226,46.488727965405786,137.58566491698318,True
2001-05-08,268.9532316573997,47.4560320600873,138.50280040268757,True
2001-05-09,268.99161191642713,48.422891996580546,139.4312800801534,True
2001-05-10,269.01803842465375,49.389330038245355,140.3712916135916,True
2001-05-11,269.0323534069128,50.35536624584629,141.32301283893347,True
2001-05-12,269.0344097124339,51.32101815505581,142.2866084426219,True
2001-05-13,269.0240734080206,52.28630074409355,143.26222733607293,True
2001-05-14,269.0012259831055,53.25122657501705,144.25000059191157,True
2001-05-15,268.96576628604566,54.21580599289665,145.250039706851,True
2001-05-16,268.91761235461513,55.18004729116958,146.26243493655446,True
2001-05-17,268.85670330367503,56.14395678340541,147.28725347973037,True
2001-05-18,268.7830014056157,57.107538753576414,148.3245373479607,True
2001-05-19,268.6964944510186,58.07079528816557,149.37430083714696,True
2001-05-20,268.5971984040175,59.0337260273838,150.43652762336632,True
2001-05-21,268.48516026050544,59.99632791172363,151.5111676512182,True
2001-05-22,268.3604608775623,60.958595039971684,152.5981341624094,True
2001-05-23,268.22321739500904,61.920518780915586,153.69730138590654,True
2001-05-24,268.07358477711017,62.88208826944232,154.80850349233214,True
2001-05-25,267.9117560472243,63.84329134833239,155.9315353011081,True
2001-05-26,267.7379610195969,64.80411589518407,157.06615487558713,True
2001-05-27,267.55246370043875,65.76455134368959,158.21208764325084,True
2001-05-28,267.3555588800955,66.72459013477723,159.36903125468174,True
2001-05-29,267.14756860188197,67.68422885598426,160.5366602541023,True
2001-05-30,266.92883911307086,68.64346892930588,161.714629816235,True
2001-05-31,266.69973866554295,69.60231682832175,162.9025781627788,True
2001-06-01,266.46065628436065,70.56078388878463,164.10012760442396,True
2001-06-02,266.2120014595558,71.51888580564567,165.30688434608987,True
2001-06-03,265.9542046460856,72.4766419020921,166.5224372560065,True
2001-06-04,265.6877184277315,73.43407424212957,167.74635581439804,True
2001-06-05,265.4130191616929,74.3912066560496,168.97818749435672,True
2001-06-06,265.1306088590915,75.34806375750954,170.217454898418,True
2001-06-07,264.84101700010666,76.3046700385578,171.46365303845113,True
2001-06-08,264.5448019722691,77.26104912068796,172.71624714841886,True
2001-06-09,264.2425518789046,78.21722321152077,173.9746713326162,True
2001-06-10,263.9348845793115,79.17321277563451,175.23832819632304,True
2001-06-11,263.6224469553395,80.1290363880042,176.50658943266467,True
2001-06-12,263.30591351139367,81.08471071056574,177.77879719917206,True
2001-06-13,262.98598448386804,82.04025052047575,179.05426603660771,True
2001-06-14,262.6633836584006,82.9956687203412,179.66771493805942,True
2001-06-15,262.3388560763403,83.95097627159386,178.38787980474643,True
2001-06-16,262.0131657617171,84.90618200977545,177.10698375194167,True
2001-06-17,261.6870935153573,85.86129232628669,175.8258011890706,True
2001-06-18,261.3614346959671,86.81631074012088,174.5451239558462,True
2001-06-19,261.0369967375722,87.77123743980218,173.26575929777005,True
2001-06-20,260.7145959674095,88.72606894596959,171.9885270214399,True
2001-06-21,260.39505317326945,89.68079810493445,170.71425506833498,True
2001-06-22,260.07918746130827,90.63541462607175,169.44377283523653,True
2001-06-23,259.76780835374075,91.58990627234289,168.17790208139786,True
2001-06-24,259.46170673746155,92.54426060345361,166.91744613400795,True
2001-06-25,259.1616458801357,93.4984669426969,165.66317893743883,True
2001-06-26,258.86835388945417,94.45251812892094,164.41583576053324,True
2001-06-27,258.58251856500203,95.40641170041097,163.17610686459108,True
2001-06-28,258.3047848412722,96.36015037950365,161.94463446176854,True
2001-06-29,258.03575437757013,97.31374194651407,160.72201243105604,True
2001-06-30,257.77598657427194,98.2671987066396,159.50878786763235,True
2001-07-01,257.5260003547952,99.22053675444363,158.30546360035157,True
2001-07-02,257.2862762658294,100.17377517888539,157.11250108694398,True
2001-07-03,257.05725865196035,101.12693528339021,155.93032336857016,True
2001-07-04,256.839357783604,102.08003985021416,154.7593179333898,True
2001-07-05,256.63295186376405,103.03311246071654,153.5998394030475,True
2001-07-06,256.43838884750227,103.9861768833568,152.45221196414548,True
2001-07-07,256.25598801572175,104.93925654619044,151.3167314695313,True
2001-07-08,256.0860412719478,105.89237411057796,150.19366716136983,True
2001-07-09,255.92881417679052,106.8455511540376,149.08326302275293,True
2001-07-10,255.78454678560288,107.79880795448118,147.9857388311217,True
2001-07-11,255.65345439360576,108.75216335018668,146.90129104341906,True
2001-07-12,255.53572830796043,109.70563463438369,145.83009367357676,True
2001-07-13,255.4315367540236,110.65923743311926,144.77229932090432,True
2001-07-14,255.34102598362125,111.61298551165152,143.72804047196973,True
2001-07-15,255.2643215861407,112.56689046008829,142.69743112605244,True
2001-07-16,255.2015299051879,113.5209612283,141.6805686768879,True
2001-07-17,255.15273933350574,114.47520352189679,140.67753581160895,True
2001-07-18,255.11802111428818,115.42961914389225,139.68840197039594,True
2001-07-19,255.09742917851102,116.38420546743804,138.713223711073,True
2001-07-20,255.09099861083257,117.33895531971588,137.7520432911167,True
2001-07-21,255.09874268331671,118.29385757104068,136.80488511227605,True
2001-07-22,255.12064901777904,119.24889857494934,135.8717504428297,True
2001-07-23,255.1566760570619,120.20406429543526,134.95261176162666,True
2001-07-24,255.2067511909224,121.15934263705286,134.04740855386956,True
2001-07-25,255.27077135727853,122.11472538211929,133.15604597515926,True
2001-07-26,255.34860600890573,123.07020932432391,132.27839668458182,True
2001-07-27,255.44010158694581,124.02579653235446,131.41430505459135,True
2001-07-28,255.5450864408482,124.9814939568064,130.5635924840418,True
2001-07-29,255.663375397829,125.93731269160243,129.72606270622657,True
2001-07-30,255.79477360409012,126.89326714887672,128.9015064552134,True
2001-07-31,255.9390795924561,127.84937429635565,128.08970529610045,True
2001-08-01,256.09608770017905,128.80565300905045,127.29043469112861,True
2001-08-02,256.26558999875357,129.76212352876152,126.50346646999205,True
2001-08-03,256.4473778664886,130.71880700278345,125.72857086370513,True
2001-08-04,256.6412432841658,131.67572507445263,124.96551820971317,True
2001-08-05,256.8469798932442,132.63289950986834,124.21408038337589,True
2001-08-06,257.0643838363236,133.59035185745066,123.47403197887294,True
2001-08-07,257.293254400567,134.54810314381336,122.74515125675362,True
2001-08-08,257.5333944988108,135.50617360814488,122.02722089066594,True
2001-08-09,257.7846110393533,136.4645824683956,121.3200285709577,True
2001-08-10,258.04671524364204,137.42334769875217,120.62336754488987,True
2001-08-11,258.3195229635604,138.38248578289384,119.93703718066658,True
2001-08-12,258.6028550215825,139.34201139571968,119.26084362586283,True
2001-08-13,258.8965375438605,140.30193696322374,118.59460058063678,True
2001-08-14,259.20040217670794,141.2622720645615,117.93813011214644,True
2001-08-15,259.51428597768415,142.22302268437335,117.2912632933108,True
2001-08-16,259.83803068324335,143.18419040869048,116.65384027455286,True
2001-08-17,260.1714810443298,144.1457717799316,116.02570926439822,True
2001-08-18,260.5144820887316,145.10775814026783,115.40672394846376,True
2001-08-19,260.86687557166556,146.07013630068576,114.7967392709798,True
2001-08-20,261.2284963990363,147.0328901767134,114.19560622232291,True
2001-08-21,261.59917011781937,147.99600315114972,113.60316696666965,True
2001-08-22,261.978712334426,148.9594605683478,113.01925176607821,True
2001-08-23,262.3669301870348,149.92325169462757,112.44367849240726,True
2001-08-24,262.7636252304586,150.8873707513669,111.87625447909173,True
2001-08-25,263.16859676175466,151.8518170316346,111.31677973012006,True
2001-08-26,263.581644790011,152.81659439031034,110.76505039970067,True
2001-08-27,264.00257226465646,153.7817104585678,110.22086180608866,True
2001-08-28,264.4311865372553,154.7471758456885,109.68401069156681,True
2001-08-29,264.8673002241059,155.71300346336162,109.1542967607443,True
2001-08-30,265.31073168270115,156.67920800632177,108.63152367637937,True
2001-08-31,265.7613052806573,157.64580556539434,108.11549971526298,True
2001-09-01,266.2188515749436,158.61281332664365,107.60603824829994,True
2001-09-02,266.68320746128944,159.58024931001168,107.10295815127776,True
2001-09-03,267.1542163103354,160.5481321119306,106.6060841984048,True
2001-09-04,267.63172808162676,161.51648063159064,106.11524745003612,True
2001-09-05,268.11559939813964,162.48531377456322,105.63028562357641,True
2001-09-06,268.6056935690615,163.45465013624104,105.15104343282044,True
2001-09-07,269.1018805607418,164.42450766844465,104.67737289229714,True
2001-09-08,269.60403692686555,165.39490332512085,104.2091336017447,True
2001-09-09,270.1120457102768,166.3658526696081,103.74619304066869,True
2001-09-10,270.6257963131354,167.33736941163582,103.2884269014996,True
2001-09-11,271.14518429489243,168.30946483528183,102.8357194596106,True
2001-09-12,271.6701110004139,169.28214709115892,102.38796390925498,True
2001-09-13,272.20048285650677,170.2554203712171,101.94506248528967,True
2001-09-14,272.73621013796935,171.22928407287597,101.50692606509338,True
2001-09-15,273.2772050521755,172.20373218019236,101.07347287198311,True
2001-09-16,273.8233791837264,173.1787531891494,100.64462599457698,True
2001-09-17,274.3746406708734,174.15433088269322,100.2203097881802,True
2001-09-18,274.93089180436607,175.13044603775157,99.8004457666145,True
2001-09-19,275.4920277932268,176.10707877261484,99.38494902061194,True
2001-09-20,276.05793708764924,177.084210937574,98.97372615007524,True
2001-09-21,276.6285030578619,178.06182793887714,98.56667511898476,True
2001-09-22,277.2036063781822,179.03991967316554,98.16368670501666,True
2001-09-23,277.78312739860934,180.01848062140735,97.76464677720199,True
2001-09-24,278.36694803079564,180.99750938714718,97.36943864364846,True
2001-09-25,278.9549529978452,181.97700800289243,96.9779449949528,True
2001-09-26,279.54703052612695,182.95698124282762,96.59004928329932,True
2001-09-27,280.1430726531022,183.93743606478003,96.20563658832216,True
2001-09-28,280.7429753274598,184.91838121340228,95.82459411405753,True
2001-09-29,281.34663843771443,185.89982696213693,95.4468114755775,True
2001-09-30,281.9539658558151,186.8817849460146,95.07218090980052,True
2001-10-01,282.5648655374348,187.86426803001038,94.70059750742442,True
2001-10-02,283.17924968436404,188.84729016126218,94.33195952310186,True
2001-10-03,283.7970349476096,189.83086616419186,93.96616878341771,True
2001-10-04,284.4181426333571,190.8150114530641,93.60313118029299,True
2001-10-05,285.0424988689826,191.79974165364973,93.24275721533286,True
2001-10-06,285.6700346921041,192.78507213998876,92.88496255211533,True
2001-10-07,286.30068603802204,193.77101749927374,92.5296685387483,True
2001-10-08,286.9343936120239,194.7575909355533,92.17680267647057,True
2001-10-09,287.57110263407776,195.74480361412657,91.8262990199512,True
2001-10-10,288.2107624287697,196.73266394179961,91.47809848697011,True
2001-10-11,288.85332580527205,197.72117678672905,91.132149018543,True
2001-10-12,289.49874814517773,198.71034267880364,90.78840546637409,True
2001-10-13,290.1469861185445,199.70015710242038,90.4468290161241,True
2001-10-14,290.7979960155706,200.6906100808894,90.10738593468122,True
2001-10-15,291.45173183069926,201.68168630461813,89.77004552608113,True
2001-10-16,292.10814342889256,202.67336600125037,89.43477742764219,True
2001-10-17,292.76717524847635,203.66562654648942,89.10154870198693,True
2001-10-18,293.42876592497964,204.6584445340951,88.77032139088453,True
2001-10-19,294.09284893733474,205.651797825135,88.44105111219974,True
2001-10-20,294.75935402895385,206.6456671172688,88.11368691168505,True
2001-10-21,295.4282089465152,207.6400367978022,87.78817214871302,True
2001-10-22,296.0993410586013,208.6348951174229,87.46444594117838,True
2001-10-23,296.77267859243716,209.63023389849778,87.14244469393938,True
2001-10-24,297.44815142580916,210.62604803063437,86.82210339517479,True
2001-10-25,298.1256915054606,211.62233495205666,86.50335655340396,True
2001-10-26,298.80523301800105,212.6190942322068,86.18613878579424,True
2001-10-27,299.48671243972433,213.6163272987416,85.87038514098273,True
2001-10-28,300.1700685672221,214.6140373024469,85.55603126477519,True
2001-10-29,300.8552425994667,215.61222908284955,85.24301351661714,True
2001-10-30,301.5421783108824,216.61090917857177,84.9312691323106,True
2001-10-31,302.23082232414544,217.61008581566378,84.62073650848166,True
2001-11-01,302.9211244604619,218.60976880463406,84.31135565582784,True
2001-11-02,303.6130381159344,219.60996928580013,84.00306883013425,True
2001-11-03,304.306520591204,220.61069928531947,83.69582130588452,True
2001-11-04,305.00153329528615,221.61197107852104,83.38956221676511,True
2001-11-05,305.69804175750147,222.6137963941283,83.08424536337319,True
2001-11-06,306.3960154097579,223.61618552039957,82.77982988935835,True
2001-11-07,307.09542713333553,224.61914638366594,82.4762807496696,True
2001-11-08,307.79625258632757,225.62268366323673,82.17356892309084,True
2001-11-09,308.4984693342504,226.62679799700945,81.87167133724094,True
2001-11-10,309.2020558045424,227.63148533538606,81.57057046915634,True
2001-11-11,309.90699009397895,228.63673652432934,81.27025356964961,True
2001-11-12,310.6132486940919,229.64253722953447,80.97071146455744,True
2001-11-13,311.3208052643417,230.64886832063578,80.6719369437059,True
2001-11-14,312.02962964767613,231.6557067806597,80.37392286701643,True
2001-11-15,312.73968733736405,232.66302708210225,80.0766602552618,True
2001-11-16,313.4509395283938,233.67080282033632,79.78013670805748,True
2001-11-17,314.1633437351618,234.6790082993593,79.48433543580248,True
2001-11-18,314.8768548010549,235.68761978601475,79.18923501504014,True
2001-11-19,315.5914260442956,236.69661627630185,78.89480976799373,True
2001-11-20,316.3070103065355,237.70597977805846,78.60103052847705,True
2001-11-21,317.0235607625973,238.7156952321246,78.3078655304727,True
2001-11-22,317.7410314538945,239.7257502378453,78.0152812160492,True
2001-11-23,318.4593775841029,240.7361347326455,77.72324285145743,True
2001-11-24,319.17855565337686,241.74684073102748,77.43171492234939,True
2001-11-25,319.89852351598665,242.75786218064036,77.1406613353463,True
2001-11-26,320.61924043914576,243.7691949526403,76.85004548650545,True
2001-11-27,321.34066722691585,244.78083695020155,76.55983027671431,True
2001-11-28,322.06276645471985,245.79278828841998,76.26997816629986,True
2001-11-29,322.78550283459583,246.80505146839823,75.9804513661976,True
2001-11-30,323.50884369536567,247.81763144147487,75.6912122538908,True
2001-12-01,324.2327595160148,248.83053544770235,75.40222406831248,True
2001-12-02,324.95722440475834,249.84377253168114,75.1134518730772,True
2001-12-03,325.6822163901016,250.85735269884776,74.82486369125382,True
2001-12-04,326.4077174043203,251.87128576708713,74.53643163723316,True
2001-12-05,327.1337128996548,252.8855800590882,74.24813284056663,True
2001-12-06,327.8601911229171,253.90024112873195,73.95994999418517,True
2001-12-07,328.5871421477663,254.9152706985634,73.67187144920291,True
2001-12-08,329.31455679588845,255.9306659204302,73.38389087545826,True
2001-12-09,330.0424255663184,256.9464189976896,73.09600656862881,True
2001-12-10,330.7707376585534,257.9625171595698,72.80822049898359,True
2001-12-11,331.4994801470276,258.97894296393326,72.52053718309435,True
2001-12-12,332.2286373546691,259.9956749056559,72.2329624490132,True
2001-12-13,332.95819047424794,261.01268829816667,71.94550217608128,True
2001-12-14,333.68811747914526,262.0299563621144,71.65816111703089,True
2001-12-15,334.418393335266,263.0474514078716,71.37094192739437,True
2001-12-16,335.1489904754407,264.06514596540137,71.08384451003934,True
2001-12-17,335.87987944673364,265.0830137213779,70.79686572535576,True
2001-12-18,336.61102961360285,266.10103017323814,70.50999944036471,True
2001-12-19,337.3424098074203,267.1191729826414,70.22323682477895,True
2001-12-20,338.0739888485414,268.13742207713284,69.93656677140854,True
2001-12-21,338.80573591320655,269.15575958857477,69.64997632463178,True
2001-12-22,339.53762075790445,270.174169726884,69.36345103102047,True
2001-12-23,340.2696138408506,271.1926386763699,69.0769751644807,True
2001-12-24,341.00168639450163,272.21115458034706,68.79053181415458,True
2001-12-25,341.7338105085963,273.22970765418785,68.50410285440847,True
2001-12-26,342.46595928313104,274.2482904377239,68.21766884540716,True
2001-12-27,343.1981071040643,275.26689816050674,67.93120894355758,True
2001-12-28,343.93023007574936,276.2855291434493,67.64470093230005,True
2001-12-29,344.6623066049639,277.3041851007279,67.35812150423595,True
2001-12-30,345.39431806815827,278.3228711554974,67.07144691266086,True
2001-12-31,346.12624941813345,279.34159537951473,66.78465403861873,True
2002-01-01,346.858089534007,280.36036774989543,66.49772178411155,True
2002-01-02,347.5898311355512,281.3791985891681,66.21063254638312,True
2002-01-03,348.3214701905955,282.3980967521782,65.92337343841729,True
2002-01-04,349.0530049031884,283.41706793488675,65.63593696830168,True
2002-01-05,349.78443449640764,284.43611343387226,65.34832106253538,True
2002-01-06,350.5157580316517,285.4552295133059,65.06052851834585,True
2002-01-07,351.2469734393181,286.4744073458203,64.7725660934978,True
2002-01-08,351.97807683173056,287.4936333781937,64.48444345353687,True
2002-01-09,352.70906208678815,288.5128899538561,64.19617213293208,True
2002-01-10,353.43992065399846,289.5321560658303,63.90776458816816,True
2002-01-11,354.17064153436263,290.5514081668091,63.619233367553534,True
2002-01-12,354.9012114000148,291.57062099678967,63.33059040322513,True
2002-01-13,355.6316148304377,292.5897683966968,63.041846433740886,True
2002-01-14,356.3618346419643,293.60882406917864,62.75301057278568,True
2002-01-15,357.09185227871956,294.6277622410946,62.46409003762494,True
2002-01-16,357.82164822407054,295.6465581876788,62.17509003639174,True
2002-01-17,358.55120238955004,296.6651885981881,61.88601379136196,True
2002-01-18,359.28049444605665,297.6836317909388,61.59686265511783,True
2002-01-19,0.009504077856452688,298.7018678127598,61.30763626509662,True
2002-01-20,0.7382111588875815,299.7198784771531,61.01833268173448,True
2002-01-21,1.4665958689538736,300.73764740453134,60.7289484644225,True
2002-01-22,2.194638782651396,301.7551601277223,60.439478654929076,True
2002-01-23,2.922320976101357,302.7724043173922,60.14991665870912,True
2002-01-24,3.6496242053793218,303.7893701628551,59.86025404252422,True
2002-01-25,4.376531212697529,304.8060509070725,59.57048030562498,True
2002-01-26,5.103026203610356,305.8224434715703,59.280582732040045,True
2002-01-27,5.829095498135033,306.838549015728,58.99054648240701,True
2002-01-28,6.554728281834518,307.8543731777744,58.70035510406012,True
2002-01-29,7.279917282269769,308.8699257025992,58.40999157967059,True
2002-01-30,8.004659122505148,309.8852192559661,58.11943986653904,True
2002-01-31,8.728954130614344,310.90026748680697,57.82868664380737,True
2002-02-01,9.452805546112904,311.9150827272441,57.537722818868815,True
2002-02-02,10.176218291781941,312.92967390662744,57.24654438515449,True
2002-02-03,10.899197632007604,313.94404516072,56.95515247128759,True
2002-02-04,11.621748026741974,314.95819530968066,56.66355271706129,True
2002-02-05,12.34387235012325,315.9721180690797,56.371754281043536,True
2002-02-06,13.065571483772066,316.9858027046187,56.07976877915337,True
2002-02-07,13.786844197425095,317.9992348538865,55.78760934353858,True
2002-02-08,14.507687206679783,319.0123973364277,55.49528987025212,True
2002-02-09,15.228095320611128,320.0252708760222,55.20282444458894,True
2002-02-10,15.94806162815494,321.0378347269297,54.91022690122526,True
2002-02-11,16.667577701675985,322.0500672243629,54.61751047731309,True
2002-02-12,17.386633812352375,323.06194628018375,54.32468753216864,True
2002-02-13,18.105219156076885,324.0734498325104,54.03176932356649,True
2002-02-14,18.82332208516873,325.08455624487436,53.73876584029438,True
2002-02-15,19.540930335753252,326.0952446445998,53.44568569115347,True
2002-02-16,20.258031237652823,327.10549519400314,53.15253604364966,True
2002-02-17,20.974611895465465,328.1152893003256,52.859322595139815,True
2002-02-18,21.690659336456388,329.1246097870063,52.5660495494501,True
2002-02-19,22.40616063179577,330.133441065503,52.27271956629278,True
2002-02-20,23.121103010967374,331.1417693595855,51.979333651381864,True
2002-02-21,23.83547400323607,332.1495830390888,51.68589096414729,True
2002-02-22,24.54926165258424,333.1568731116563,51.392388540927925,True
2002-02-23,25.262454858424167,334.1636338889315,51.09882096949269,True
2002-02-24,25.975043883527515,335.16986377479606,50.80518010873146,True
2002-02-25,26.687021028304702,336.17556601152387,50.511455016780815,True
2002-02-26,27.3983813868499,337.180749089031,50.21763229781891,True
2002-02-27,28.109123491241164,338.1854264506055,49.92369704063566,True
2002-02-28,28.819249578394135,339.1896152302143,49.62963434817982,True
2002-03-01,29.528765264517446,340.1933340836054,49.33543118091205,True
2002-03-02,30.237678613558785,341.19660059444954,49.04107801910925,True
2002-03-03,30.945998836863577,342.199428964572,48.74656987229156,True
2002-03-04,31.653734992823875,343.2018285522449,48.45190644057902,True
2002-03-05,32.36089498994565,344.2038034193205,48.1570915706252,True
2002-03-06,33.06748501260266,345.2053526747668,47.862132337835874,True
2002-03-07,33.7735093207042,346.2064712457105,47.56703807499372,True
2002-03-08,34.478970295284505,347.2071507521074,47.271819543177116,True
2002-03-09,35.18386860286367,348.20738029258615,46.976488310277546,True
2002-03-10,35.88820339038461,349.20714707219827,46.681056318186336,True
2002-03-11,36.591972465667936,350.2064368807627,46.385535584905256,True
2002-03-12,37.29517245033629,351.205234464811,46.089937985525296,True
2002-03-13,37.99779891038069,352.2035238411381,45.79427506924259,True
2002-03-14,38.69984647645241,353.20128858926716,45.49855788718526,True
2002-03-15,39.40130896516095,354.1985121436314,45.202796821529546,True
2002-03-16,40.10217950767229,355.1951780908697,44.907001416802586,True
2002-03-17,40.80245068602531,356.1912704681486,44.61118021787672,True
2002-03-18,41.50211467371935,357.1867740575934,44.31534061612592,True
2002-03-19,42.20116337734842,358.18167467994215,44.019488697406246,True
2002-03-20,42.89958858124855,359.175959505075,43.72362907617355,True
2002-03-21,43.59738210683612,0.16961741358575233,43.42776469325037,True
2002-03-22,44.294536010739954,1.162639455443735,43.131896555296215,True
2002-03-23,44.99104285735957,2.15501944972905,42.83602340763052,True
2002-03-24,45.68689610548849,3.14675474049812,42.540141364990376,True
2002-03-25,46.38209063441105,4.137847053737207,42.24424358067384,True
2002-03-26,47.07662338966341,5.128303284745118,41.948320104918295,True
2002-03-27,47.77049404826765,6.1181359135527025,41.652358134714945,True
2002-03-28,48.46370551159645,7.10736268293194,41.35634282866451,True
2002-03-29,49.15626399412697,8.096005293930636,41.06025870019633,True
2002-03-30,49.84817855807823,9.084087215007761,40.76409134307047,True
2002-03-31,50.539460145939124,10.071631109596252,40.46782903634287,True
2002-04-01,51.2301203715929,11.058656581670196,40.17146378992271,True
2002-04-02,51.92017040376933,12.04517876685099,39.874991636918345,True
2002-04-03,52.609620177851454,13.031207896030269,39.57841228182119,True
2002-04-04,53.298477997240504,14.016749609103472,39.28172838813703,True
2002-04-05,53.986750449057446,15.001805660414814,38.984944788642636,True
2002-04-06,54.67444250740949,15.986374707340687,38.6880678000688,True
2002-04-07,55.361557710863,16.970452998665746,38.39110471219726,True
2002-04-08,56.04809834006803,17.954034894958934,38.0940634451091,True
2002-04-09,56.73406555999202,18.937113227903136,37.79695233208888,True
2002-04-10,57.41945951893002,19.91967954221097,37.49977997671905,True
2002-04-11,58.10427941302936,20.901724275095663,37.2025551379337,True
2002-04-12,58.788523533128526,21.88323692504122,36.90528660808731,True
2002-04-13,59.472189312688116,22.864206250364344,36.60798306232377,True
2002-04-14,60.15527339319459,23.844620522783167,36.310652870411424,True
2002-04-15,60.83777171818928,24.824467845487543,36.01330387270174,True
2002-04-16,61.519679660994186,25.803736533065557,35.715943127928625,True
2002-04-17,62.20099218669813,26.782415545810917,35.41857664088721,True
2002-04-18,62.88170404822841,27.76049497505549,35.12120907317292,True
2002-04-19,63.56181002030284,28.737966587035338,34.823843433267506,True
2002-04-20,64.24130518242191,29.714824443460948,34.52648073896096,True
2002-04-21,64.92018526863883,30.691065616016445,34.22911965262239,True
2002-04-22,65.59844710040778,31.66669098542273,33.93175611498505,True
2002-04-23,66.27608910017577,32.64170605216927,33.6343830480065,True
2002-04-24,66.95311184081784,33.61612158908136,33.33699025173648,True
2002-04-25,67.62951852488919,34.58995387153147,33.03956465335772,True
2002-04-26,68.30531523626519,35.56322420438785,32.74209103187734,True
2002-04-27,68.98051081269494,36.535957603709754,32.44455320898519,True
2002-04-28,69.65511628383187,37.508180782065125,32.14693550176675,True
2002-04-29,70.32914397624589,38.47991988687105,31.849224089374836,True
2002-04-30,71.00260651325488,39.45119855036409,31.551407962890785,True
2002-05-01,71.67551595207479,40.42203664874346,31.253479303331332,True
2002-05-02,72.3478832065745,41.392449857484124,30.95543334909037,True
2002-05-03,73.01971777536048,42.36244982757643,30.65726794778405,True
2002-05-04,73.69102770433008,43.332044701514384,30.358983002815698,True
2002-05-05,74.36181968291558,44.30123971825441,30.060579964661173,True
2002-05-06,75.03209918658095,45.27003774692263,29.762061439658318,True
2002-05-07,75.70187060804345,46.23843967868204,29.463430929361408,True
2002-05-08,76.37113734871308,47.20644466995921,29.164692678753866,True
2002-05-09,77.03990186372411,48.17405026786256,28.86585159586155,True
2002-05-10,77.70816566884095,49.141252468183026,28.566913200657922,True
2002-05-11,78.37592932730492,50.10804576478825,28.267883562516666,True
2002-05-12,79.04319244056269,51.074423249508705,27.968769191053987,True
2002-05-13,79.70995366873021,52.04037681375441,27.669576854975794,True
2002-05-14,80.37621080395873,53.00589748668883,27.370313317269897,True
2002-05-15,81.04196091257626,53.97097592174854,27.070984990827718,True
2002-05-16,81.70720055161638,54.935603019070655,26.771597532545726,True
2002-05-17,82.37192605536873,55.89977065323568,26.472155402133055,True
2002-05-18,83.03613388122822,56.86347246846651,26.172661412761713,True
2002-05-19,83.69982100250013,57.826704705087174,25.873116297412956,True
2002-05-20,84.36298533622825,58.789467021865484,25.573518314362765,True
2002-05-21,85.02562619052566,59.7517632653786,25.273862925147057,True
2002-05-22,85.68774470205231,60.713602101450086,24.974142600602228,True
2002-05-23,86.34934420903505,61.674997372901196,24.674346836133857,True
2002-05-24,87.01043047801595,62.63596801361841,24.37446246439754,True
2002-05-25,87.67101169430278,63.59653737818678,24.074474316115996,True
2002-05-26,88.33109815895959,64.55673196966028,23.774366189299315,True
2002-05-27,88.9907017114927,65.51657973734461,23.47412197414809,True
2002-05-28,89.64983498595487,66.47610827754657,23.173726708408296,True
2002-05-29,90.30851065953095,67.43534330284587,22.873167356685087,True
2002-05-30,90.96674083750867,68.39430762742224,22.57243321008643,True
2002-05-31,91.62453665134574,69.35302072234032,22.271515929005417,True
2002-06-01,92.28190806944272,70.31149873077608,21.97040933866664,True
2002-06-02,92.93886386824023,71.26975475753316,21.66910911070707,True
2002-06-03,93.59541169398929,72.22779925366004,21.367612440329253,True
2002-06-04,94.25155815330011,73.18564036683188,21.065917786468233,True
2002-06-05,94.90730888900967,74.1432841860011,20.764024703008573,True
2002-06-06,95.56266861723492,75.10073485700703,20.461933760227893,True
2002-06-07,96.21764111800431,76.05799458159912,20.15964653640519,True
2002-06-08,96.87222918575283,77.01506353957039,19.857165646182438,True
2002-06-09,97.52643455845777,77.9719397962384,19.554494762219363,True
2002-06-10,98.18025785551838,78.92861927521939,19.251638580298987,True
2002-06-11,98.83369856275785,79.88509588408067,18.948602678677176,True
2002-06-12,99.48675510431549,80.84136186964558,18.64539323466991,True
2002-06-13,100.13942503182156,81.79740844446906,18.342016587352504,True
2002-06-14,100.79170534043783,82.75322666977145,18.03847867066638,True
2002-06-15,101.44359289413873,83.70880851905123,17.7347843750875,True
2002-06-16,102.0950849185774,84.66414800335428,17.430936915223114,True
2002-06-17,102.74617950778216,85.61924222910304,17.126937278679122,True
2002-06-18,103.39687609279683,86.57409227955601,16.822783813240818,True
2002-06-19,104.04717583035823,87.5287038425384,16.518471987819822,True
2002-06-20,104.697081879027,88.48308753019778,16.213994348829218,True
2002-06-21,105.3465995343572,89.43725884596603,15.909340688391168,True
2002-06-22,105.99573619733559,90.39123776338907,15.604498433946517,True
2002-06-23,106.64450116063264,91.34504791307424,15.299453247558404,True
2002-09-26,167.39271913900464,182.7029872198146,15.310268080809948,True
2002-09-27,168.0291483791518,183.6832267083173,15.654078329165515,True
2002-09-28,168.66565469152678,184.66408341639328,15.9984287248665,True
2002-09-29,169.30224229747168,185.64556709187036,16.343324794398683,True
2002-09-30,169.93891429829216,186.627685305235,16.68877100694283,True
2002-10-01,170.57567246438012,187.6104429040214,17.034770439641278,True
2002-10-02,171.2125169868115,188.59384130313776,17.38132431632627,True
2002-10-03,171.84944623374014,189.57787766919728,17.72843143545714,True
2002-10-04,172.48645659806255,190.56254417182657,18.076087573764028,True
2002-10-05,173.12354256105297,191.54782760491256,18.424285043859584,True
2002-10-06,173.76069709283186,192.5337097422504,18.773012649418547,True
2002-10-07,174.3979124276805,193.52016867063176,19.122256242951266,True
2002-10-08,175.03518109794112,194.50718100073155,19.47199990279043,True
2002-10-09,175.67249696768422,195.49472444525094,19.822227477566713,True
2002-10-10,176.30985598552212,196.4827800591815,20.172924073659374,True
2002-10-11,176.9472565017858,197.47133361422468,20.524077112438874,True
2002-10-12,177.58469917782188,198.4603759872568,20.875676809434935,True
2002-10-13,178.22218663699516,199.44990279550981,21.227716158514653,True
2002-10-14,178.8597230252635,200.4399136442365,21.580190618973006,True
2002-10-15,179.49731359897388,201.43041129657558,21.93309769760171,True
2002-10-16,180.1349643927571,202.42140094485194,22.28643655209484,True
2002-10-17,180.77268197262134,203.41288964484545,22.640207672224108,True
2002-10-18,181.41047325483845,204.40488590091965,22.9944126460812,True
2002-10-19,182.0483453641382,205.39739935681067,23.349053992672452,True
2002-10-20,182.68630550752312,206.39044054064615,23.704135033123038,True
2002-10-21,183.32436084721942,207.38402062135475,24.059659774135326,True
2002-10-22,183.9625183645119,208.37815114886928,24.41563278435737,True
2002-10-23,184.60078471325065,209.37284376668043,24.772059053429786,True
2002-10-24,185.23916606610007,210.3681098977682,25.128943831668124,True
2002-10-25,185.87766795723905,211.3639604101358,25.48629245289675,True
2002-10-26,186.51629512237568,212.36040526437284,25.844110141997163,True
2002-10-27,187.15505133203226,213.35745313387295,26.202401801840693,True
2002-10-28,187.79393920967206,214.35511097262767,26.56117176295561,True
2002-10-29,188.43296002591973,215.3533834931478,26.920423467228062,True
2002-10-30,189.07211346805926,216.352272518601,27.280159050541755,True
2002-10-31,189.71139740420742,217.3517762024764,27.640378798268983,True
2002-11-01,190.3508076954077,218.35188817947213,28.00108048406443,True
2002-11-02,190.99033814928242,219.35259682384898,28.36225867456656,True
2002-11-03,191.6299807333824,220.35388491195056,28.723904178568148,True
2002-11-04,192.26972613893867,221.35573002854412,29.08600388960545,True
2002-11-05,192.9095646814302,222.35810591850975,29.448541237079553,True
2002-11-06,193.5494873718894,223.36098464974341,29.811497277854016,True
2002-11-07,194.189486884961,224.36433908171634,30.174852196755324,True
2002-11-08,194.8295581754898,225.3681449847359,30.538586809246084,True
2002-11-09,195.46969864681938,226.37238234248898,30.902683695669594,True
2002-11-10,196.10990794621145,227.37703574692728,31.267127800715826,True
2002-11-11,196.7501875554875,228.38209410647164,31.631906550984127,True
2002-11-12,197.3905403391967,229.38755000218686,31.997009662990166,True
2002-11-13,198.0309701528352,230.39339897567774,32.36242882284253,True
2002-11-14,198.67148154980174,231.3996389172341,32.728157367432374,True
2002-11-15,199.31207958225409,232.40626961738099,33.0941900351269,True
2002-11-16,199.95276966971662,233.41329247577312,33.4605228060565,True
2002-11-17,200.59355750314631,234.4207103253373,33.82715282219098,True
2002-11-18,201.23444895424421,235.42852731556675,34.19407836132254,True
2002-11-19,201.8754499660181,236.43674879803845,34.561298832020356,True
2002-11-20,202.51656640908737,237.44538116497304,34.92881475588567,True
2002-11-21,203.15780389788378,238.45443160586402,35.296627707980235,True
2002-11-22,203.79916757031106,239.46390776553338,35.66474019522232,True
2002-11-23,204.44066184159527,240.47381730534755,36.03315546375228,True
2002-11-24,205.08229014617686,241.48416738229412,36.40187723611726,True
2002-11-25,205.72405468018906,242.4949640638074,36.770909383618346,True
2002-11-26,206.36595615333079,243.50621168946878,37.140255536138,True
2002-11-27,207.00799355703975,244.51791218006514,37.509918623025385,True
2002-11-28,207.65016396098497,245.53006429189145,37.87990033090648,True
2002-11-29,208.29246236562415,246.54266283430493,38.25020046868079,True
2002-11-30,208.93488166343047,247.55569792206546,38.62081625863499,True
2002-12-01,209.57741278475217,248.56915441613026,38.99174163137809,True
2002-12-02,210.2200451048704,249.58301178301588,39.36296667814548,True
2002-12-03,210.86276714290787,250.59724460796772,39.734477465059854,True
2002-12-04,211.5055674867446,251.61182386817944,40.10625638143483,True
2002-12-05,212.14843576924883,252.62671881907977,40.478283049830935,True
2002-12-06,212.79136346998342,253.64189909241267,40.85053562242925,True
2002-12-07,213.43434436971566,254.65733651548308,41.22299214576742,True
2002-12-08,214.0773746159534,255.67300629964615,41.595631683692744,True
2002-12-09,214.72045248585223,256.68888751302467,41.96843502717243,True
2002-12-10,215.3635779939088,257.70496298317545,42.34138498926666,True
2002-12-11,216.00675247984046,258.7212188760744,42.71446639623392,True
2002-12-12,216.64997826147726,259.7376441798414,43.087665918364166,True
2002-12-13,217.29325838460463,260.7542302468412,43.46097186223656,True
2002-12-14,217.93659646432957,261.77097046887195,43.83437400454238,True
2002-12-15,218.57999659220835,262.7878601004403,44.20786350823195,True
2002-12-16,219.2234632747979,263.80489620624115,44.58143293144326,True
2002-12-17,219.86700136731164,264.8220776844027,44.955076317091056,True
2002-12-18,220.51061596824593,265.83940530109345,45.32878933284752,True
2002-12-19,221.15431224727715,266.85688166342004,45.70256941614289,True
2002-12-20,221.79809519056977,267.8745110591353,46.076415868565505,True
2002-12-21,222.44196926497693,268.8922991078921,46.45032984291515,True
2002-12-22,223.08593802278472,269.91025220079075,46.824314178006034,True
2002-12-23,223.7300036860237,270.928376746736,47.19837306071227,True
2002-12-24,224.37416675779843,271.94667828262305,47.57251152482462,True
2002-12-25,225.0184257048784,272.9651605259287,47.946734821050285,True
2002-12-26,225.6627767443851,273.9838244477061,48.32104770332103,True
2002-12-27,226.3072137558011,275.0026674295734,48.695453673772334,True
2002-12-28,226.95172833495963,276.021682557504,49.06995422254437,True
2002-12-29,227.596310009767,277.04085811295084,49.44454810318385,True
2002-12-30,228.24094663973491,278.06017734761554,49.81923070788062,True
2002-12-31,228.88562500886954,279.0796186501867,50.19399364131718,True
2003-01-01,229.53033158386987,280.0991561956278,50.56882461175795,True
2003-01-02,230.17505335280646,281.1187610838321,50.943707731025654,True
2003-01-03,230.8197786102659,282.1384028385703,51.3186242283044,True
2003-01-04,231.46449754774332,283.1580510122818,51.693553464538496,True
2003-01-05,232.10920255758822,284.1776766024113,52.06847404482306,True
2003-01-06,232.75388824374113,285.19725305894326,52.44336481520213,True
2003-01-07,233.39855120978646,286.2167568079925,52.81820559820605,True
2003-01-08,234.04318973187804,287.2361673559717,53.19297762409366,True
2003-01-09,234.6878034172525,288.2554671187613,53.56766370150882,True
2003-01-10,235.33239291623536,289.27464113307695,53.94224821684159,True
2003-01-11,235.9769597178689,290.2936767768222,54.316717058953316,True
2003-01-12,236.62150602878503,291.31256357999126,54.69105755120623,True
2003-01-13,237.2660347143083,292.3312931647983,55.065258450490006,True
2003-01-14,237.9105492674299,293.3498593176668,55.43931005023691,True
2003-01-15,238.55505376219693,294.3682581635394,55.81320440134246,True
2003-01-16,239.1995527425472,295.38648838058367,56.18693563803646,True
2003-01-17,239.844050998574,296.40455136080925,56.560500362235246,True
2003-01-18,240.4885531952304,297.4224511974008,56.933898002170395,True
2003-01-19,241.13306334854465,298.44019437876494,57.30713103022029,True
2003-01-20,241.7775841899384,299.45778910945876,57.68020491952035,True
2003-01-21,242.42211650724633,300.4752442627507,58.05312775550439,True
2003-01-22,243.06665857961937,301.4925680754622,58.42590949584283,True
2003-01-23,243.71120581457345,302.50976677769495,58.7985609631215,True
2003-01-24,244.35575064981816,303.52684336794454,59.171092718126374,True
2003-01-25,245.00028272227485,304.5437966930947,59.543513970819845,True
2003-01-26,245.64478926011446,305.56062090731746,59.91583164720299,True
2003-01-27,246.2892556354381,306.57730531042534,60.288049674987235,True
2003-01-28,246.93366601970055,307.59383453069114,60.66016851099059,True
2003-01-29,247.57800409396148,308.6101890135411,61.032184919579635,True
2003-01-30,248.2222537674428,309.62634578036096,61.40409201291817,True
2003-01-31,248.86639984895157,310.6422794079433,61.77587955899173,True
2003-02-01,249.5104286069128,311.6579631448523,62.14753453793952,True
2003-02-02,250.15432815911623,312.6733700436845,62.51904188456825,True
2003-02-03,250.79808865942624,313.68847397422104,62.8903853147948,True
2003-02-04,251.44170228884803,314.7032504074421,63.26154811859408,True
2003-02-05,252.0851630965027,315.717676917756,63.632513821253326,True
2003-02-06,252.72846675777646,316.7317334171769,64.00326665940042,True
2003-02-07,253.37161031742582,317.74540218664214,64.37379186921632,True
2003-02-08,254.0145919697215,318.7586677945903,64.74407582486879,True
2003-02-09,254.65741090471627,319.77151699349815,65.11410608878188,True
2003-02-10,255.30006722643432,320.7839386703877,65.4838714439534,True
2003-02-11,255.94256192790974,321.7959239055259,65.85336197761617,True
2003-02-12,256.58489688892,322.80746616763906,66.22256927871905,True
2003-02-13,257.22707484360615,323.8185616414242,66.59148679781805,True
2003-02-14,257.86909924813324,324.8292096387362,66.96011039060295,True
2003-02-15,258.5109739699262,325.8394129865928,67.32843901666655,True
2003-02-16,259.15270273330225,326.84917822322745,67.6964754899252,True
2003-02-17,259.79428830679734,327.85851539789576,68.06422709109842,True
2003-02-18,260.4357315079784,328.8674373058729,68.4317057978945,True
2003-02-19,261.0770302049251,329.8759581267006,68.79892792177549,True
2003-02-20,261.71817855253664,330.88409164117843,69.16591308864179,True
2003-02-21,262.35916666434144,331.8918493798443,69.53268271550286,True
2003-02-22,262.99998079032383,332.8992390928306,69.89925830250678,True
2003-02-23,263.64060391780635,333.90626380317053,70.26565988536419,True
2003-02-24,264.2810166175179,334.912921497544,70.63190488002613,True
2003-02-25,264.9211979522934,335.91920533898417,70.99800738669074,True
2003-02-26,265.5611263229791,336.92510421833407,71.36397789535499,True
2003-02-27,266.20078019483884,337.93060348157934,71.7298232867405,True
2003-02-28,266.8401386941289,338.9356857277422,72.09554703361334,True
2003-03-01,267.4791820814488,339.9403316227943,72.46114954134549,True
2003-03-02,268.1178921064032,340.94452070008253,72.82662859367935,True
2003-03-03,268.7562522418236,341.9482321198552,73.19197987803165,True
2003-03-04,269.39424779584454,342.9514453532996,73.55719755745508,True
2003-03-05,270.0318659093725,343.9541407541239,73.92227484475137,True
2003-03-06,270.6690954610685,344.95629999061674,74.28720452954826,True
2003-03-07,271.3059269150066,345.95790633224647,74.65197941723989,True
2003-03-08,271.9423521520629,346.9589448103688,75.01659265830591,True
2003-03-09,272.57836432281863,347.95940229484734,75.38103797202871,True
2003-03-10,273.21395774856296,348.95926754270096,75.745309794138,True
2003-03-11,273.8491278801719,349.9585312802175,76.10940340004561,True
2003-03-12,274.48387130361823,350.957186376843,76.4733150732248,True
2003-03-13,275.11818575545396,351.95522815654806,76.8370424010941,True
2003-03-14,275.75207008154405,352.952654865431,77.20058478388694,True
2003-03-15,276.3855240410445,353.9494682645552,77.5639442235107,True
2003-03-16,277.0185478377609,354.9456742379163,77.92712640015543,True
2003-03-17,277.6511412781346,355.94128320607916,78.29014192794455,True
2003-03-18,278.28330254010115,356.93631005894537,78.65300751884422,True
2003-03-19,278.9150266974481,357.930773343854,79.01574664640589,True
2003-03-20,279.54630432456855,358.9246936337191,79.37838930915052,True
2003-03-21,280.17712058736515,359.91809131953283,79.74097073216768,True
2003-03-22,280.8074551092366,0.910984349446528,80.10352924020992,True
2003-03-23,281.4372826230728,1.903386475975222,80.46610385290239,True
2003-03-24,282.0665741502984,2.895306340370885,80.82873219007251,True
2003-03-25,282.6952983414157,3.8867473864072224,81.19144904499149,True
2003-03-26,283.3234226846167,4.877708359194903,81.55428567457824,True
2003-03-27,283.9509144422646,5.868184087313716,81.91726964504909,True
2003-03-28,284.57774130737135,6.858166317244875,82.28042500987351,True
2003-03-29,285.2038718405546,7.847644477899476,82.64377263734485,True
2003-03-30,285.82927576017016,8.836606340162309,83.00733057999213,True
2003-03-31,286.4539241403557,9.825038583405505,83.3711144430498,True
2003-04-01,287.07778954630356,10.812927294018127,83.73513774771459,True
2003-04-02,287.70084611649776,11.80025841415882,84.09941229766105,True
2003-04-03,288.3230695929983,12.787018145537967,84.46394855253965,True
2003-04-04,288.944437302545,13.773193302780532,84.82875600023556,True
2003-04-05,289.5649280991918,14.758771608988873,85.19384350979709,True
2003-04-06,290.1845222879173,15.743741933288133,85.55921964537083,True
2003-04-07,290.8032015532272,16.72809448385363,85.92489293062641,True
2003-04-08,291.42094891388354,17.711820986102826,86.29087207221932,True
2003-04-09,292.0377487128565,18.69491489025808,86.65716617740156,True
2003-04-10,292.6535866294783,19.677371661432545,87.02378503195428,True
2003-04-11,293.26844966786575,20.659189203704727,87.39073953583897,True
2003-04-12,293.88232603312065,21.64036844907927,87.75804241595864,True
2003-04-13,294.4952047622208,22.620914090720706,88.12570932849991,True
2003-04-14,295.10707495222834,23.600835347383896,88.49376039515556,True
2003-04-15,295.71792446569214,24.580146521615507,88.86222205592338,True
2003-04-16,296.3277381369677,25.558867011431417,89.2311288744637,True
2003-04-17,296.93649575204734,26.537020456120008,89.60052470407265,True
2003-04-18,297.5441703199044,27.51463292986121,89.97046260995677,True
2003-04-19,298.15072720125346,28.491730492697638,90.34100329144417,True
2003-04-20,298.7561243951127,29.468336734302547,90.71221233918988,True
2003-04-21,299.3603138318486,30.444470956038156,91.08415712418957,True
2003-04-22,299.96324317846063,31.420147320845523,91.45690414238487,True
2003-04-23,300.56485761704795,32.395374896822986,91.83051727977505,True
2003-04-24,301.16510125202575,33.370158273225556,92.20505702119982,True
2003-04-25,301.76391804991124,34.34449839953659,92.58058034962534,True
2003-04-26,302.3612523838278,35.318393403014625,92.95714101918685,True
2003-04-27,302.95704931713374,36.29183926973101,93.33478995259725,True
2003-04-28,303.55125475140613,37.264830369765164,93.71357561835902,True
2003-04-29,304.14381552523616,38.23735985769151,94.09354433245534,True
2003-04-30,304.7346795086267,39.209419995396665,94.47474048676997,True
2003-05-01,305.32379570520607,40.18100243968463,94.85720673447855,True
2003-05-02,305.91111435463915,41.152098523077875,95.24098416843873,True
2003-05-03,306.4965870203235,42.12269954040163,95.62611252007815,True
2003-05-04,307.0801666503254,43.09279704160625,96.01263039128082,True
2003-05-05,307.6618076082646,44.06238312642728,96.40057551816267,True
2003-05-06,308.24146567976334,45.03145074030485,96.78998506054154,True
2003-05-07,308.81909806293925,45.99999398236556,97.18089591942629,True
2003-05-08,309.394663342727,46.968008451674315,97.57334510894736,True
2003-05-09,309.96812142473107,47.93549167165876,97.96737024692771,True
2003-05-10,310.5394333638308,48.902443636371615,98.3630102725408,True
2003-05-11,311.1085609706384,49.868867504621065,98.76030653398266,True
2003-05-12,311.6754660319251,50.83477041509442,99.15930438316929,True
2003-05-13,312.240108975835,51.80016429855524,99.56005532272019,True
2003-05-14,312.8024469034429,52.7650664368621,99.96261953341923,True
2003-05-15,313.3624311349894,53.7294994254916,100.36706829050223,True
2003-05-16,313.92000473745816,54.69349024239848,100.77348550494031,True
2003-05-17,314.47510073102615,55.65706838518979,101.18196765416366,True
2003-05-18,315.0276415870079,56.62026343237012,101.5926218453622,True
2003-05-19,315.5775401800899,57.583102668841335,102.00556248875142,True
2003-05-20,316.1247017991906,58.54560937612527,102.42090757693472,True
2003-05-21,316.6690265137903,59.50780205745048,102.83877554366018,True
2003-05-22,317.21041127000404,60.469694491075266,103.2592832210712,True
2003-05-23,317.7487513966972,61.43129629474025,103.68254489804309,True
2003-05-24,318.28394150191764,62.39261367461227,104.10867217269464,True
2003-05-25,318.81587590994934,63.35365013481993,104.53777422487059,True
2003-05-26,319.34444883203054,64.3144070427979,104.96995821076735,True
2003-05-27,319.8695544338139,65.27488403301315,105.40532959919926,True
2003-05-28,320.39108690838765,66.23507928008765,105.84399237169998,True
2003-05-29,320.9089406105946,67.1949896918204,106.28604908122583,True
2003-05-30,321.42301026537933,68.15461107450541,106.73160080912606,True
2003-05-31,321.9331912316015,69.1139383148879,107.1807470832864,True
2003-06-01,322.43937978339835,70.07296560963562,107.63358582623727,True
2003-06-02,322.94147336388215,71.03168675781534,108.0902133939332,True
2003-06-03,323.43937076953085,71.99009551834718,108.55072474881632,True
2003-06-04,323.9329722337846,72.94818602667196,109.01521379288738,True
2003-06-05,324.4221793873245,73.90595326546736,109.48377387814287,True
2003-06-06,324.90689507082624,74.86339359251853,109.95649852169231,True
2003-06-07,325.38702295635755,75.82050533961531,110.43348238325774,True
2003-06-08,325.8624668957484,76.77728949977215,110.91482260402375,True
2003-06-09,326.33312987064795,77.73375050292499,111.40062063227703,True
2003-06-10,326.79891239995953,78.6898970299498,111.89098462999027,True
2003-06-11,327.2597103139134,79.64574272903478,112.3860324151214,True
2003-06-12,327.7154119767957,80.60130660109088,112.88589462429519,True
2003-06-13,328.16589532794904,81.55661277413344,113.3907174461844,True
2003-06-14,328.6110253990006,82.51168947084804,113.90066407184744,True
2003-06-15,329.0506530423037,83.46656721752883,114.41591417522517,True
2003-06-16,329.4846153136608,84.42127664965427,114.93666133599345,True
2003-06-17,329.9127373836529,85.3758464486652,115.4631090650123,True
2003-06-18,330.3348353381858,86.3303018683818,115.99546653019598,True
2003-06-19,330.75071906644143,87.28466403734647,116.53394497090505,True
2003-06-20,331.1601946401702,88.23894993909543,117.07875529892527,True
2003-06-21,331.56306594958477,89.19317281749507,117.63010686791029,True
2003-06-22,331.9591356600768,90.14734274577025,118.18820708569342,True
2003-06-23,332.34820570337075,91.1014671723765,118.75326146900574,True
2003-06-24,332.73007754056164,92.05555134720326,119.32547380664164,True
2003-06-25,333.1045523920749,93.00959860253411,119.90504621045923,True
2003-06-26,333.4714315664144,93.96361050799383,120.49217894157943,True
2003-06-27,333.8305169567367,94.9175869434059,121.0870699866692,True
2003-06-28,334.1816117168371,95.87152614541085,121.68991442857376,True
2003-06-29,334.5245210757663,96.82542478688926,122.30090371112294,True
2003-06-30,334.8590532047186,97.77927814337755,122.92022493865898,True
2003-07-01,335.18502001702086,98.73308038721176,123.54806037019091,True
2003-07-02,335.50223776995017,99.68682502907664,124.18458725912649,True
2003-07-03,335.81052734979056,100.6405055023101,124.82997815251954,True
2003-07-04,336.10971415378094,101.59411586465015,125.48440171086921,True
2003-07-05,336.39962751972024,102.54765158107617,126.14802406135593,True
2003-07-06,336.6800996795731,103.50111035041958,126.82101067084648,True
2003-07-07,336.950964222129,104.45449294009289,127.50352871796389,True
2003-07-08,337.2120540574118,105.40780398484132,128.19574992742952,True
2003-07-09,337.4631989183305,106.3610526762507,128.89785375792022,True
2003-07-10,337.70422255203925,107.31425322204633,129.61003067000706,True
2003-07-11,337.93493995120673,108.26742491204023,130.33248496083348,True
2003-07-12,338.15515518889583,109.22059163456231,131.06543644566648,True
2003-07-13,338.3646605099173,110.17378078206215,131.80912027214484,True
2003-07-14,338.5632371576375,111.12702165928157,132.56378450164408,True
2003-07-15,338.75065797470194,112.08034368535642,133.32968571065447,True
2003-07-16,338.92669130340875,113.03377475725854,134.10708345384978,True
2003-07-17,339.0911054008682,113.98734006612415,134.89623466525597,True
2003-07-18,339.24367261684927,114.94106147920824,135.697388862359,True
2003-07-19,339.38417287587686,115.89495742145222,136.51078454557535,True
2003-07-20,339.5123963592824,116.84904308776203,137.33664672847965,True
2003-07-21,339.62814554035714,117.80333080148259,138.17518526112545,True
2003-07-22,339.73123684048767,118.75783037411536,139.0265935336277,True
2003-07-23,339.8215021788095,119.71254937813747,139.89104719932794,True
2003-07-24,339.89879063453867,120.66749329601647,140.7687026614778,True
2003-07-25,339.96297036582627,121.62266554767508,141.6596951818488,True
2003-07-26,340.01393084530434,122.5780674282307,142.56413658292635,True
2003-07-27,340.0515853799342,123.53369801195494,143.48211263202074,True
2003-07-28,340.0758737793655,124.48955409818011,144.4136803188146,True
2003-07-29,340.08676493103604,125.44563028641595,145.35886535537992,True
2003-07-30,340.08425895712725,126.40191926327321,146.31766030614597,True
2003-07-31,340.068388606765,127.35841235549665,147.29002374873167,True
2003-08-01,340.03921960905495,128.31510035168014,148.2758807426252,True
2003-08-02,339.9968498780979,129.27197453288454,149.27512465478662,True
2003-08-03,339.94140767251696,130.22902780159623,150.28762012907927,True
2003-08-04,339.8730489944378,131.18625577832066,151.31320678388286,True
2003-08-05,339.7919546102141,132.14365774838708,152.351703138173,True
2003-08-06,339.69832708643213,133.10123737271755,153.40291028628542,True
2003-08-07,339.5923882067568,134.05900310377828,154.46661489702146,True
2003-08-08,339.4743771170362,135.01696826090784,155.54259114387162,True
2003-08-09,339.344549541113,135.97515072624353,156.63060118513053,True
2003-08-10,339.2031783643667,136.93357224497754,157.73039388061085,True
2003-08-11,339.0505557254869,137.89225736785065,158.84170164236374,True
2003-08-12,338.8869964716359,138.8512321521738,159.9642356805379,True
2003-08-13,338.71284249922473,139.81052280629774,161.097680307073,True
2003-08-14,338.5284672706456,140.77015448114665,162.24168721050106,True
2003-08-15,338.3342797829334,141.7301503650401,163.3958705821067,True
2003-08-16,338.1307274674882,142.69053114558932,164.5598036781011,True
2003-08-17,337.91829781143537,143.65131480718262,165.73301699574725,True
2003-08-18,337.69751877614266,144.61251666896257,166.9149978928199,True
2003-08-19,337.4689582647966,145.5741495467336,168.105191281937,True
2003-08-20,337.2332229487507,146.53622393323042,169.3030009844797,True
2003-08-21,336.9909567346666,147.49874811835485,170.50779138368824,True
2003-08-22,336.7428390798242,148.46172820220764,171.71888912238344,True
2003-08-23,336.4895832642399,149.42516798454812,172.9355847203082,True
2003-08-24,336.2319346101573,150.38906874627372,174.15713413611644,True
2003-08-25,335.9706684990693,151.35342897515133,175.38276047608204,True
2003-08-26,335.70658788043744,152.3182441296814,176.61165624924396,True
2003-08-27,335.44051983089,153.28350657328468,177.84298674239466,True
2003-08-28,335.1733106831692,154.2492058260967,179.07589514292752,True
2003-08-29,334.9058193924493,155.2153292477976,179.6904901446517,True
2003-08-30,334.63890918503523,156.18186316879726,178.45704601623797,True
2003-08-31,334.3734380518242,157.14879435029962,177.2246437015246,True
2003-09-01,334.1102490826026,158.11611153545743,175.99413754714516,True
2003-09-02,333.85016175599185,159.08380681720064,174.7663549387912,True
2003-09-03,333.5939650409339,160.05187661208103,173.54208842885285,True
2003-09-04,333.34241268700384,161.02032215198983,172.322090535014,True
2003-09-05,333.0962206307549,161.98914951953176,171.10707111122312,True
2003-09-06,332.8560661829845,162.9583693144413,169.89769686854316,True
2003-09-07,332.6225885894874,163.9279960474054,168.694592542082,True
2003-09-08,332.3963905811418,164.8980473415196,167.49834323962222,True
2003-09-09,332.1780405557792,165.8685430086005,166.3094975471787,True
2003-09-10,331.96807503199966,166.83950406951348,165.12857096248618,True
2003-09-11,331.76700101086413,167.8109517981687,163.95604921269543,True
2003-09-12,331.5752979223321,168.78290687257245,162.79239104975963,True
2003-09-13,331.393418942946,169.7553887015843,161.63803024136172,True
2003-09-14,331.2217916298884,170.72841496266892,160.49337666721948,True
2003-09-15,331.0608179749361,171.70200134434546,159.35881663059067,True
2003-09-16,330.91087409268636,172.67616145063545,158.2347126420509,True
2003-09-17,330.77230979901117,173.65090680234243,157.12140299666873,True
2003-09-18,330.64544831411047,174.62624686292762,156.01920145118285,True
2003-09-19,330.5305862601768,175.60218902162896,154.92839723854783,True
2003-09-20,330.4279940351101,176.57873847935997,153.84925555575012,True
2003-09-21,330.33791653915324,177.55589800287729,152.78201853627596,True
2003-09-22,330.26057410991916,178.533667543055,151.72690656686416,True
2003-09-23,330.19616338416915,179.51204375987777,150.68411962429138,True
2003-09-24,330.144857674119,180.49101956292947,149.65383811118954,True
2003-09-25,330.1068063855262,181.4705838510724,148.63622253445382,True
2003-09-26,330.08213311804695,182.45072168349694,147.63141143455002,True
2003-09-27,330.07093246108724,183.43141508030752,146.63951738077972,True
2003-09-28,330.0732660803117,184.41264449386506,145.66062158644667,True
2003-09-29,330.08915921451046,185.3943907460931,144.69476846841735,True
2003-09-30,330.11859880551924,186.37663701790393,143.7419617876153,True
2003-10-01,330.1615340129611,187.35937044240652,142.8021635705546,True
2003-10-02,330.21787907131244,188.34258301951553,141.8752960517969,True
2003-10-03,330.2875177913515,189.32627182296523,140.96124596838627,True
2003-10-04,330.3703087829261,190.31043866400438,140.0598701189217,True
2003-10-05,330.4660906392232,191.2950894404672,139.171001198756,True
2003-10-06,330.5746866451354,192.28023336163977,138.2944532834956,True
2003-10-07,330.6959088528834,193.26588216257656,137.43002669030685,True
2003-10-08,330.8295615259685,194.2520493559223,136.57751217004616,True
2003-10-09,330.97544400210353,195.23874953404237,135.73669446806116,True
2003-10-10,331.13335301851555,196.22599772611412,134.90735529240143,True
2003-10-11,331.30308452675735,197.2138088208761,134.08927570588125,True
2003-10-12,331.48443502572053,198.20219707267938,133.28223795304115,True
2003-10-13,331.6772024649787,199.19117570778047,132.4860267571982,True
2003-10-14,331.881186804345,200.18075663731133,131.7004301670337,True
2003-10-15,332.0961903431049,201.1709502661422,130.92524007696272,True
2003-10-16,332.32201794157487,202.16176536820328,130.1602525733716,True
2003-10-17,332.5584772442071,203.15320898335438,129.40526826085272,True
2003-10-18,332.80537897907726,204.1452862812292,128.66009269784806,True
2003-10-19,333.0625373559894,205.13800033525644,127.92453702073294,True
2003-10-20,333.32977051480884,206.13135175813517,127.19841875667368,True
2003-10-21,333.60690088569106,207.1253381749638,126.48156271072727,True
2003-10-22,333.8937552198551,208.11995356219816,125.77380165765695,True
2003-10-23,334.1901639634169,209.11518756775442,125.0749763956625,True
2003-10-24,334.4959596480416,210.11102503993433,124.38493460810727,True
2003-10-25,334.81097415971163,211.10744608091366,123.70352807879797,True
2003-10-26,335.13503517030364,212.10442691316462,123.03060825713902,True
2003-10-27,335.46796254784124,213.1019416289668,122.36602091887443,True
2003-10-28,335.8095658621076,214.09996453171865,121.70960133038895,True
2003-10-29,336.15964385535494,215.0984724813185,121.06117137403643,True
2003-10-30,336.5179860111362,216.09744664389746,120.42053936723875,True
2003-10-31,336.88437559192135,217.09687333106922,119.78750226085214,True
2003-11-01,337.258593181556,218.0967439851992,119.16184919635683,True
2003-11-02,337.6404199279265,219.097054601888,118.54336532603847,True
2003-11-03,338.0296400769916,220.0978049148233,117.93183516216828,True
2003-11-04,338.4260427447101,221.09899757514464,117.32704516956548,True
2003-11-05,338.82942306815687,222.10063743711413,116.72878563104274,True
2003-11-06,339.2395829266973,223.1027309718673,116.13685195483004,True
2003-11-07,339.6563313918316,224.10528578450308,115.55104560732852,True
2003-11-08,340.07948500560855,225.10831019758047,114.97117480802808,True
2003-11-09,340.5088679349264,226.1118128719087,114.39705506301769,True
2003-11-10,340.94431201653634,227.11580245094774,113.8285095655886,True
2003-11-11,341.3856566972582,228.12028722913482,113.26536946812337,True
2003-11-12,341.83274888071526,229.12527485138193,112.70747402933333,True
2003-11-13,342.28544270676207,230.13077204862893,112.15467065813314,True
2003-11-14,342.74359930288585,231.13678440364117,111.60681489924468,True
2003-11-15,343.2070865501239,232.1433161254079,111.06377042471601,True
2003-11-16,343.6757788943123,233.1503697938234,110.52540910048893,True
2003-11-17,344.1495572039455,234.15794602373157,109.99161118021394,True
2003-11-18,344.6283086271419,235.16604299530127,109.46226563184064,True
2003-11-19,345.11192633341324,236.1746558158972,108.93727051751603,True
2003-11-20,345.6003089516433,237.18377573085553,108.41653322078776,True
2003-11-21,346.09335946604557,238.19338929844253,107.89997016760304,True
2003-11-22,346.5909833699862,239.2034777782362,107.38750559175,True
2003-11-23,347.0930860772844,240.21401709365,106.8790689836344,True
2003-11-24,347.5995699600491,241.22497870564573,106.37459125440338,True
2003-11-25,348.11033176401895,242.23633148109315,105.8740002829258,True
2003-11-26,348.6252612478548,243.24804421594203,105.37721703191275,True
2003-11-27,349.1442415131666,244.26008813851917,104.88415337464744,True
2003-11-28,349.66715082133015,245.27243872948182,104.39471209184833,True
2003-11-29,350.19386517719295,246.28507654294648,103.90878863424646,True
2003-11-30,350.72426088585064,247.29798713213611,103.42627375371453,True
2003-12-01,351.2582165699887,248.31116042281914,102.94705614716955,True
2003-12-02,351.7956144968458,249.3245898906097,102.47102460623611,True
2003-12-03,352.3363413106382,250.33827178304128,101.99806952759693,True
2003-12-04,352.8802883608108,251.35220449461326,101.52808386619756,True
2003-12-05,353.42735180880436,252.36638810791362,101.06096370089074,True
2003-12-06,353.9774326452458,253.38082406407796,100.59660858116786,True
2003-12-07,354.53043669280686,254.39551490927573,100.13492178353113,True
2003-12-08,355.08627462341946,255.4104640671025,99.67581055631695,True
2003-12-09,355.6448619869041,256.4256756000876,99.21918638681655,True
2003-12-10,356.20611923167445,257.441153940611,98.76496529106345,True
2003-12-11,356.7699716955437,258.45690358735015,98.31306810819353,True
2003-12-12,357.3363495523897,259.4729287735529,97.86342077883683,True
2003-12-13,357.9051877129769,260.4892331148379,97.41595459813902,True
2003-12-14,358.4764256884474,261.50581923612935,96.97060645231807,True
2003-12-15,359.0500074257299,262.52268836227006,96.52731906345986,True
2003-12-16,359.6258811100199,263.5398398407159,96.08604126930402,True
2003-12-17,0.20399889859356196,264.55727055673026,95.64672834186331,True
2003-12-18,0.7843165061106786,265.5749742143064,95.20934229180426,True
2003-12-19,1.3667925178329665,266.59294050437694,94.77385201345601,True
2003-12-20,1.951387293222305,267.61115427532656,94.34023301789574,True
2003-12-21,2.5380613829294125,268.62959494577717,93.90846643715224,True
2003-12-22,3.1267735535766352,269.6482364958317,93.47853705774492,True
2003-12-23,3.7174787696718417,270.6670483362049,93.05043043346694,True
2003-12-24,4.310126683838488,271.68599710878823,92.62412957505023,True
2003-12-25,4.90466114702092,272.705049086803,92.19961206021793,True
2003-12-26,5.501020909685552,273.7241725528644,91.77684835682118,True
2003-12-27,6.099141230324275,274.7433395552921,91.35580167503218,True
2003-12-28,6.698955831391898,275.7625267561618,90.93642907523014,True
2003-12-29,7.300398675718722,276.78171545617124,90.51868321954748,True
2003-12-30,7.903405271024034,277.80089109865014,90.1025141723739,True
2003-12-31,8.507913457949806,278.8200425754801,89.68787088246972,True
2004-01-01,9.11386378792373,279.8391615631925,89.27470222473124,True
2004-01-02,9.721199644274167,280.85824200182617,88.86295764244801,True
2004-01-03,10.32986724415851,281.87727974120503,88.45258750295346,True
2004-01-04,10.939815619536448,282.8962723276716,88.04354329186481,True
2004-01-05,11.550996634535775,283.91521887997203,87.63577775456372,True
2004-01-06,12.163365061757641,284.9341199954292,87.22924506632842,True
2004-01-07,12.776878712518656,285.9529776303507,86.82390108216799,True
2004-01-08,13.39149859573897,286.97179490914857,86.41970368659042,True
2004-01-09,14.007189068131737,287.9905758333722,86.01661323475957,True
2004-01-10,14.623917935952594,289.00932488187874,85.61459305407385,True
2004-01-11,15.241656475585279,290.02804651162006,85.21360996396521,True
2004-01-12,15.860379353113165,291.0467445791306,84.81363477398259,True
2004-01-13,16.480064434978644,292.06542170240476,84.4146427325739,True
2004-01-14,17.100692485426087,293.0840785737219,84.01661391170416,True
2004-01-15,17.72224673758242,294.10271322522493,83.61953351235746,True
2004-01-16,18.344712306869432,295.12132025472334,83.2233920521461,True
2004-01-17,18.96807540060571,296.13989005316034,82.82818534744536,True
2004-01-18,19.59232228753723,297.15840814202306,82.43391414551417,True
2004-01-19,20.2174380481854,298.1768548107743,82.04058323741111,True
2004-01-20,20.843405236252167,299.195205291225,81.64819994502716,True
2004-01-21,21.47020270578403,300.2134306494232,81.25677205636083,True
2004-01-22,22.09780491638744,301.23149938289043,80.86630553349698,True
2004-01-23,22.726181942750458,302.2493794465085,80.47680249624193,True
2004-01-24,23.35530019474982,303.267040247371,80.08825994737879,True
2004-01-25,23.98512361820256,304.2844541731008,79.70066944510177,True
2004-01-26,24.61561503020588,305.301597430768,79.31401759943788,True
2004-01-27,25.246737289084713,306.31845023203346,78.92828705705125,True
2004-01-28,25.878454141060377,307.33499652827686,78.54345761278353,True
2004-01-29,26.51073072800852,308.3512235378904,78.15950719011812,True
2004-01-30,27.143533828441406,309.3671212581508,77.77641257029063,True
2004-01-31,27.7768319337066,310.3826820757647,77.3941498579419,True
2004-02-01,28.410595254673673,311.39790052099886,77.01269473367483,True
2004-02-02,29.044795732341388,312.41277316157345,76.63202257076796,True
2004-02-03,29.679407100943383,313.4272986008878,76.25210850005556,True
2004-02-04,30.31440502789537,314.4414775240897,75.87292750380567,True
2004-02-05,30.94976733074909,315.4553127213618,75.49445460938728,True
2004-02-06,31.585474246525234,316.46880901179287,75.11666523473235,True
2004-02-07,32.22150870544361,317.48197299799494,74.73953570744868,True
2004-02-08,32.85785654471808,318.4948126055351,74.36304393918294,True
2004-02-09,33.49450659568098,319.507336401045,73.98717019463601,True
2004-02-10,34.13145059278005,320.5195527287407,73.61189786403935,True
2004-02-11,34.76868288211768,321.5314687414268,73.23721414069087,True
2004-02-12,35.40619993899478,322.54308941631217,72.86311052268263,True
2004-02-13,36.04399972598178,323.5544166377311,72.4895830882507,True
2004-02-14,36.68208093015319,324.5654484115081,72.11663251864508,True
2004-02-15,37.32044211645553,325.5761782676759,71.74426384877961,True
2004-02-16,37.95908083762341,326.5865949192908,71.37248591833259,True
2004-02-17,38.59799276124666,327.59668226575343,71.00131049549321,True
2004-02-18,39.23717090960355,328.6064198309893,70.63075107861425,True
2004-02-19,39.87660513690675,329.61578367844237,70.26082145846436,True
2004-02-20,40.516281960490346,330.62474773852495,69.8915342219654,True
2004-02-21,41.15618479895403,331.6332853569004,69.52289944205364,True
2004-02-22,41.79629456822305,332.6413707921028,69.15492377612026,True
2004-02-23,42.436590494017565,333.648980410059,68.78761008395861,True
2004-02-24,43.077050962232654,334.6560934332586,68.42095752897404,True
2004-02-25,43.717654257748215,335.66269224326976,68.05496201447846,True
2004-02-26,44.35837911078721,336.66876234220985,67.68961676857737,True
2004-02-27,44.99920504055957,337.6742921225604,67.32491291799914,True
2004-02-28,45.64011253448894,338.6792725848978,66.96083994959116,True
2004-02-29,46.2810831233492,339.68369710584096,66.59738601750826,True
2004-03-01,46.922099415419325,340.68756131580585,66.23453809961347,True
2004-03-02,47.5631451454921,341.6908631080686,65.87228203742353,True
2004-03-03,48.20420528283026,342.6936027674433,65.51060251538695,True
2004-03-04,48.84526622683491,343.69578317461225,65.14948305222265,True
2004-03-05,49.48631609793328,344.69741000830635,64.78890608962695,True
2004-03-06,50.12734510148798,345.698491835837,64.42885326565101,True
2004-03-07,50.76834590588943,346.69903996558065,64.06930594030877,True
2004-03-08,51.409313941851245,347.69906795174273,63.71024599010849,True
2004-03-09,52.05024751536568,348.69859070574876,63.35165680961694,True
2004-03-10,52.69114764817287,349.6976232719037,62.99352437626919,True
2004-03-11,53.332017618549486,350.69617943038895,62.635838188160506,True
2004-03-12,53.972862250591454,351.6942703483669,62.27859190222455,True
2004-03-13,54.61368705803525,352.6919034817248,61.92178357631042,True
2004-03-14,55.25449736540879,353.68908185158733,61.56541551382145,True
2004-03-15,55.89529750722313,354.6858037281101,61.20949377911302,True
2004-03-16,56.536090167570016,355.6820626915819,60.85402747598812,True
2004-03-17,57.176875891358364,356.6778480193117,60.49902787204667,True
2004-03-18,57.81765278384054,357.6731453488485,60.14450743499208,True
2004-03-19,58.458416410648375,358.6679375672742,59.79047884337422,True
2004-03-20,59.09915990300038,359.66220585761334,59.43695404538704,True
2004-03-21,59.739874253341725,0.6559308026516991,59.08394345069003,True
2004-03-22,60.38054875813147,1.649093424677371,58.7314553334541,True
2004-03-23,61.02117153913599,2.641676047014025,58.37949549212197,True
2004-03-24,61.66173006545172,3.633662903771294,58.028067161680426,True
2004-03-25,62.30221161024843,4.625040483449539,57.67717112679889,True
2004-03-26,62.9426036030834,5.615797647445077,57.32680595563832,True
2004-03-27,63.58289386949119,6.605925599740458,56.97696826975073,True
2004-03-28,64.2230707750879,7.595417795272188,56.627652979815714,True
2004-03-29,64.86312330776853,8.584269867321805,56.278853440446724,True
2004-03-30,65.50304113951503,9.572479636923813,55.93056150259122,True
2004-03-31,66.14281471140109,10.560047244717271,55.58276746668382,True
2004-04-01,66.78243538293526,11.546975417634174,55.23545996530109,True
2004-04-02,67.42189567838575,12.533269844985012,54.88862583340074,True
2004-04-03,68.06118964357091,13.518939586650683,54.54225005692023,True
2004-04-04,68.70031329145517,14.503997373649076,54.196315917806096,True
2004-04-05,69.33926506374725,15.488459608602426,53.85080545514482,True
2004-04-06,69.97804618229245,16.47234587054624,53.50570031174621,True
2004-04-07,70.61666073907828,17.455677817161494,53.16098292191679,True
2004-04-08,71.25511541077343,18.438477560573105,52.81663785020032,True
2004-04-09,71.89341878818236,19.420765799463968,52.472652988718394,True
2004-04-10,72.53158043874174,20.40256010256465,52.12902033617709,True
2004-04-11,73.16960990077655,21.383873682358132,51.78573621841842,True
2004-04-12,73.80751580054324,22.36471481092992,51.44280098961332,True
2004-04-13,74.44530520635341,23.345086828641872,51.10021837771154,True
2004-04-14,75.0829832432828,24.32498857792254,50.75799466536026,True
2004-04-15,75.7205529312837,25.304415078723768,50.41613785255994,True
2004-04-16,76.35801518978757,26.28335830912792,50.074656880659646,True
2004-04-17,76.99536895954958,27.261808013113942,49.73356094643564,True
2004-04-18,77.63261140830419,28.239752496635052,49.39285891166914,True
2004-04-19,78.26973819780588,29.217179386728667,49.05255881107721,True
2004-04-20,78.9067437922116,30.19407632589213,48.71266746631947,True
2004-04-21,79.54362178450062,31.170431569529644,48.373190214970975,True
2004-04-22,80.18036521439865,32.1462344582893,48.03413075610935,True
2004-04-23,80.816966852644,33.121475752308186,47.695491100335815,True
2004-04-24,81.45341943377507,34.096147836678874,47.357271597096194,True
2004-04-25,82.08971583128547,35.07024482987685,47.019471001408625,True
2004-04-26,82.72584918202719,36.04376264378649,46.682086538240696,True
2004-04-27,83.36181297869216,37.016699052873264,46.34511392581889,True
2004-04-28,83.99760115887905,37.989053830826784,46.008547328052266,True
2004-04-29,84.63320822619026,38.960829005205674,45.67237922098459,True
2004-04-30,85.26862944178365,39.93202926094975,45.3366001808339,True
2004-05-01,85.90386112015764,40.90266248483765,45.001198635319994,True
2004-05-02,86.5389010437103,41.8727403769663,44.666160666744,True
2004-05-03,87.17374896887338,42.84227896306554,44.331470005807844,True
2004-05-04,87.80840713183159,43.81129874997196,43.997108381859626,True
2004-05-05,88.4428805941463,44.7798242401686,43.6630563539777,True
2004-05-06,89.0771772443447,45.74788263759665,43.32929460674804,True
2004-05-07,89.71130733910273,46.715501851213645,42.995805487889086,True
2004-05-08,90.34528262447903,47.682708216558574,42.66257440792045,True
2004-05-09,90.97911524248337,48.649524504723594,42.32959073775978,True
2004-05-10,91.61281669561946,49.615968659007024,41.996848036612434,True
2004-05-11,92.24639707735993,50.58205338607586,41.66434369128407,True
2004-05-12,92.87986464115963,51.54778643902816,41.33207820213147,True
2004-05-13,93.51322566378583,52.51317130123622,41.00005436254961,True
2004-05-14,94.14648450593448,53.47820800665089,40.66827649928359,True
2004-05-15,94.7796437765065,54.44289393169243,40.33674984481407,True
2004-05-16,95.41270453674939,55.40722449157478,40.00548004517461,True
2004-05-17,96.04566651201911,56.37119373641918,39.67447277559993,True
2004-05-18,96.67852830055237,57.33479486808111,39.34373343247126,True
2004-05-19,97.31128757854655,58.298020699072616,39.01326687947394,True
2004-05-20,97.94394130199927,59.26086406407285,38.683077237926426,True
2004-05-21,98.57648590258569,60.223318183225985,38.3531677193597,True
2004-05-22,99.20891747145222,61.18537697143077,38.023540500021454,True
2004-05-23,99.84123192400916,62.147035291459844,37.69419663254932,True
2004-05-24,100.47342514177184,63.1082891597169,37.365135982054944,True
2004-05-25,101.10549309373751,64.0691359283348,37.036357165402706,True
2004-05-26,101.73743194853114,65.02957448217977,36.70785746635137,True
2004-05-27,102.36923819814949,65.98960550032204,36.37963269782745,True
2004-05-28,103.00090882279841,66.94923183418423,36.051676988614176,True
2004-05-29,103.63244153110391,67.90845904186048,35.723982489243426,True
2004-05-30,104.26383510537153,68.86729607913448,35.39653902623705,True
2004-05-31,104.89508985894045,69.8257560708117,35.069333788128745,True
2004-06-01,105.52620816363336,70.78385697120986,34.7423511924235,True
2004-06-02,106.15719493258204,71.74162180540894,34.415573127173104,True
2004-06-03,106.78805787680962,72.6990781496106,34.08897972719902,True
2004-06-04,107.41880735072938,73.656256662283,33.76255068844638,True
2004-06-05,108.04945570954595,74.6131888280744,33.43626688147155,True
2004-06-06,108.68001629203161,75.56990445136348,33.110111840668125,True
2004-06-07,109.31050229997463,76.52642957127807,32.78407272869656,True
2004-06-08,109.94092586223508,77.48278525706908,32.458140605165994,True
2004-06-09,110.57129744980818,78.43898734688632,32.13231010292186,True
2004-06-10,111.20162564881188,79.39504687924003,31.806578769571857,True
2004-06-11,111.8319171945054,80.35097086549305,31.48094632901234,True
2004-06-12,112.46217714483744,81.30676311896066,31.15541402587678,True
2004-06-13,113.0924090982592,82.2624249825941,30.8299841156651,True
2004-06-14,113.72261540138896,83.21795590566924,30.50465949571972,True
2004-06-15,114.35279732627193,84.173353884936,30.17944344133592,True
2004-06-16,114.98295521813222,85.12861581226983,29.85433940586239,True
2004-06-17,115.61308862403726,86.08373777263522,29.529350851402043,True
2004-06-18,116.24319641431967,87.0387153251978,29.20448108912187,True
2004-06-19,116.87327690538967,87.993543785366,28.879733120023673,True
2004-06-20,117.50332798769763,88.94821851244687,28.55510947525076,True
2004-06-21,118.13334725856001,89.90273520055989,28.23061205800012,True
2004-06-22,118.76333215821192,90.85709017154085,27.906241986671077,True
2004-06-23,119.39328010976605,91.81128067750039,27.58199943226566,True
2004-06-24,120.02318866961434,92.76530523480614,27.257883434808207,True
2004-06-25,120.65305570292787,93.71916402564877,26.933891677279107,True
2004-06-26,121.28287960673399,94.67285941075846,26.610020195975522,True
2004-06-27,121.91265960622837,95.62639658686653,26.28626301936184,True
2004-06-28,122.54239614175253,96.57978438165946,25.96261176009307,True
2004-06-29,123.17209133581892,97.53303609548577,25.63905524033315,True
2004-06-30,123.80174947687043,98.48617017807445,25.31557929879598,True
2004-07-01,124.43137738964289,99.43921041617429,24.9921669734686,True
2004-07-02,125.06098451848337,100.39218530065179,24.668799217831577,True
2004-07-03,125.69058258411779,101.3451264344088,24.345456149708994,True
2004-07-04,126.32018480961642,102.29806621333513,24.022118596281288,True
2004-07-05,126.94980488929872,103.25103535817539,23.698769531123332,True
2004-07-06,127.57945597850546,104.20406094567745,23.37539503282801,True
2004-07-07,128.20914994220914,105.1571653292279,23.051984612981244,True
2004-07-08,128.83889695915386,106.11036595086868,22.728531008285174,True
2004-07-09,129.46870543872745,107.06367577322443,22.405029665503022,True
2004-07-10,130.09858213748265,108.01710399306113,22.081478144421524,True
2004-07-11,130.72853236135126,108.97065677594149,21.757875585409764,True
2004-07-12,131.3585601740717,109.92433787171755,21.434222302354144,True
2004-07-13,131.98866857154113,110.87814906948323,21.110519502057898,True
2004-07-14,132.6188596113974,111.83209051045245,20.78676910094495,True
2004-07-15,133.24913450491147,112.7861609045816,20.46297360032986,True
2004-07-16,133.879493686779,113.74035770333208,20.13913598344692,True
2004-07-17,134.50993688062127,114.69467727562564,19.81525960499563,True
2004-07-18,135.14046317608307,115.64911512214927,19.491348053933805,True
2004-07-19,135.7710711288958,116.60366614834571,19.167404980550103,True
2004-07-20,136.401758889737,117.55832500229882,18.843433887438195,True
2004-07-21,137.0325243630119,118.51308647416406,18.519437888847847,True
2004-07-22,137.66336539459974,119.46794595186623,18.19541944273351,True
2004-07-23,138.29427998911086,120.4228999339175,17.871380055193356,True
2004-07-24,138.92526656161243,121.377946610691,17.547319950921434,True
2004-07-25,139.5563242332384,122.33308653188949,17.223237701348907,True
2004-07-26,140.1874531794896,123.28832336784437,16.89912981164524,True
2004-07-27,140.81865502775983,124.24366473216438,16.574990295595455,True
2004-07-28,141.44993327130442,125.19912295627825,16.250810315026172,True
2004-07-29,142.0812936224407,126.15471560709531,15.926578015345399,True
2004-07-30,142.71274418570104,127.11046546864993,15.602278717051107,True
2004-07-31,143.3442953263319,128.0663997480387,15.277895578293197,True
2004-10-31,202.51195836784416,217.84060090520578,15.328642537361617,True
2004-11-01,203.17139958733105,218.84056034990314,15.66916076257209,True
2004-11-02,203.8313041142621,219.84109107965804,16.009786965395932,True
2004-11-03,204.49167627434517,220.8421976374659,16.35052136312072,True
2004-11-04,205.15251943185945,221.84388250945287,16.691363077593422,True
2004-11-05,205.81383600009156,222.8461461370309,17.032310136939344,True
2004-11-06,206.47562741514858,223.84898685005902,17.37335943491044,True
2004-11-07,207.13789406189534,224.8524006746445,17.714506612749176,True
2004-11-08,207.8006351541507,225.85638099411682,18.055745839966107,True
2004-11-09,208.4638485901279,226.8609180813031,18.397069491175216,True
2004-11-10,209.12753082926955,227.86599858079822,18.738467751528674,True
2004-11-11,209.79167686401922,228.87160509880476,19.07992823478554,True
2004-11-12,210.4562803764189,229.8777161304696,19.42143575405069,True
2004-11-13,211.1213341530082,230.88430656689528,19.76297241388707,True
2004-11-14,211.78683076545477,231.8913489163214,20.104518150866625,True
2004-11-15,212.4527634207616,232.89881514013135,20.446051719369734,True
2004-11-16,213.11912679591583,233.90667874298327,20.787551947067442,True
2004-11-17,213.78591765927317,234.91491662982094,21.12899897054777,True
2004-11-18,214.45313516013047,235.9235103418372,21.470375181706714,True
2004-11-19,215.1207807882902,236.93244653843493,21.811665750144726,True
2004-11-20,215.78885809575036,237.94171683834153,22.152858742591178,True
2004-11-21,216.45737229852026,238.9513172538989,22.49394495537865,True
2004-11-22,217.12632985171612,239.96124744322563,22.83491759150951,True
2004-11-23,217.79573804903728,240.97150992860992,23.175771879572636,True
2004-11-24,218.4656046636775,241.9821093497386,23.516504686061097,True
2004-11-25,219.13593763042033,242.9930517694888,23.85711413906847,True
2004-11-26,219.80674476539247,244.00434403172775,24.19759926633529,True
2004-11-27,220.47803352370266,245.0159931738086,24.537959650105932,True
2004-11-28,221.1498107993434,246.0280059066382,24.8781951072948,True
2004-11-29,221.8220827722092,247.04038818077873,25.218305408569535,True
2004-11-30,222.4948548029597,248.05314485252168,25.558290049561975,True
2004-12-01,223.16813136928835,249.06627944992755,25.898148080639203,True
2004-12-02,223.84191602962844,250.07979402007285,26.237877990444417,True
2004-12-03,224.51621139479155,251.09368902057255,26.577477625781,True
2004-12-04,225.19101908586347,252.1079632046858,26.91694411882233,True
2004-12-05,225.86633965853275,253.12261344205086,27.25627378351811,True
2004-12-06,226.5421724807446,254.137634418479,27.5954619377344,True
2004-12-07,227.21851556404147,255.15301817311158,27.93450260907011,True
2004-12-08,227.89536537196122,256.1687534690158,28.273388097054607,True
2004-12-09,228.5727166627804,257.18482506555375,28.612108402773345,True
2004-12-10,229.25056246290947,258.20121307001534,28.95065060710587,True
2004-12-11,229.92889429111938,259.21789266327386,29.28899837215448,True
2004-12-12,230.6077027278203,260.2348345408278,29.62713181300751,True
2004-12-13,231.2869783211569,261.2520062836994,29.965027962542507,True
2004-12-14,231.9667126666406,262.26937454530895,30.302661878668346,True
2004-12-15,232.64689938062415,263.28690755831497,30.640008177690817,True
2004-12-16,233.32753470613346,264.3045772917533,30.977042585619813,True
2004-12-17,234.00861764328872,265.3223607621118,31.313743118823112,True
2004-12-18,234.69014967982287,266.34024038818364,31.65009070836078,True
2004-12-19,235.37213429943696,267.3582036126205,31.98606931318355,True
2004-12-20,236.05457644100676,268.37624213892434,32.32166569791758,True
2004-12-21,236.7374820166001,269.39435107875113,32.65686906215103,True
2004-12-22,237.4208575268973,270.4125281790807,32.991670652183416,True
2004-12-23,238.1047097673417,271.43077318621584,33.326063418874156,True
2004-12-24,238.78904559968615,272.44908733519054,33.66004173550439,True
2004-12-25,239.47387176291286,273.4674729261672,33.99360116325434,True
2004-12-26,240.15919470545776,274.4859329496894,34.32673824423165,True
2004-12-27,240.8450204305061,275.50447073632864,34.65945030582253,True
2004-12-28,241.53135435376154,276.52308962278175,34.99173526902021,True
2004-12-29,242.2182011764624,277.54179263855934,35.32359146209694,True
2004-12-30,242.905564775184,278.5605822209746,35.655017445790605,True
2004-12-31,243.59344810523154,279.5794599602856,35.986011855054045,True
2005-01-01,244.2818531082699,280.5984263634928,36.31657325522292,True
2005-01-02,244.97078060973004,281.6174806082103,36.64669999848027,True
2005-01-03,245.660230189969,282.6366202419407,36.97639005197169,True
2005-01-04,246.35020001778844,283.655840772753,37.30564075496454,True
2005-01-05,247.0406866489081,284.67513510308777,37.634448454179676,True
2005-01-06,247.7316848186375,285.6944927916672,37.9628079730297,True
2005-01-07,248.42318729784395,286.71389920397223,38.29071190612828,True
2005-01-08,249.11518492527372,287.7333347341334,38.61814980885967,True
2005-01-09,249.80766695031778,288.75277441891456,38.945107468596774,True
2005-01-10,250.50062177615288,289.77218832642274,39.27156655026985,True
2005-01-11,251.1940380579703,290.7915429657558,39.59750490778552,True
2005-01-12,251.8879059276772,291.8108035941892,39.92289766651203,True
2005-01-13,252.58221800518592,292.82993686964807,40.24771886446214,True
2005-01-14,253.27696992091242,293.84891311245116,40.571943191538736,True
2005-01-15,253.97216028416767,294.8677076499715,40.89554736580385,True
2005-01-16,254.6677902409036,295.8863011516236,41.21851091072003,True
2005-01-17,255.36386285171315,296.90467921672837,41.54081636501522,True
2005-01-18,256.06038248369146,297.92283159707625,41.8624491133848,True
2005-01-19,256.75735431875364,298.94075136556233,42.18339704680869,True
2005-01-20,257.454784000307,299.9584342044899,42.50365020418292,True
2005-01-21,258.15267739382926,300.97587786830996,42.8232004744807,True
2005-01-22,258.8510404207744,301.9930818032435,43.14204138246913,True
2005-01-23,259.54987892697403,303.0100468743976,43.46016794742354,True
2005-01-24,260.2491985564057,304.0267751451943,43.77757658878858,True
2005-01-25,260.9490046130933,305.04326966242735,44.09426504933407,True
2005-01-26,261.64930190503395,306.05953421562003,44.41023231058608,True
2005-01-27,262.35009457254,307.07557305640444,44.725478483864435,True
2005-01-28,263.0513859079029,308.091390577923,45.040004670020096,True
2005-01-29,263.75317817326084,309.1069909617692,45.35381278850838,True
2005-01-30,264.4554724196794,310.1223777982728,45.66690537859341,True
2005-01-31,265.1582683050042,311.13755367530325,45.97928537029907,True
2005-02-01,265.8615639046285,312.1525197151189,46.2909558104904,True
2005-02-02,266.56535551231667,313.1672750256988,46.60191951338214,True
2005-02-03,267.2696374419828,314.18181603367873,46.91217859169592,True
2005-02-04,267.9744018685624,315.19613569471755,47.22173382615517,True
2005-02-05,268.6796387842774,316.2102226471261,47.53058386284869,True
2005-02-06,269.38533618166105,317.2240604857898,47.83872430412873,True
2005-02-07,270.09148057667494,318.237627450241,48.14614687356607,True
2005-02-08,270.79805791775317,319.2508968580289,48.45283894027574,True
2005-02-09,271.5050547815141,320.26383847264765,48.758783691133544,True
2005-02-10,272.2124595935103,321.276420663271,49.063961069760694,True
2005-02-11,272.9202635467285,322.28861285348694,49.36834930675843,True
2005-02-12,273.6284609926821,323.30038761739604,49.67192662471393,True
2005-02-13,274.3370492928691,324.31172196951655,49.97467267664746,True
2005-02-14,275.04602830200724,325.32259776270706,50.27656946069982,True
2005-02-15,275.75539971502053,326.3330014110962,50.57760169607565,True
2005-02-16,276.4651664597159,327.34292326543147,50.87775680571559,True
2005-02-17,277.1753322256753,328.35235691943944,51.17702469376417,True
2005-02-18,277.88590114300297,329.3612986142739,51.475397471270924,True
2005-02-19,278.59687758098653,330.3697468054819,51.772869224495366,True
2005-02-20,279.3082660209139,331.37770188867614,52.06943586776225,True
2005-02-21,280.0200709575183,332.38516604357784,52.36509508605951,True
2005-02-22,280.7322967910845,333.3921431405252,52.65984634944073,True
2005-02-23,281.4449476829297,334.3986386504762,52.95369096754649,True
2005-02-24,282.1580273593107,335.404659504931,53.246632145620254,True
2005-02-25,282.87153886196455,336.4102138647366,53.53867500277204,True
2005-02-26,283.58548425589623,337.41531077504504,53.82982651914881,True
2005-02-27,284.2998643142357,338.41995970428104,54.12009539004532,True
2005-02-28,285.01467820378343,339.4241699821516,54.40949177836819,True
2005-03-01,285.7299231930298,340.42795015997683,54.698026966947054,True
2005-03-02,286.44559439986114,341.4313073142143,54.985712914353144,True
2005-03-03,287.1616845943625,342.43424630592364,55.27256171156114,True
2005-03-04,287.87818407884095,343.4367690066016,55.55858492776065,True
2005-03-05,288.59508068465846,344.43887351877277,55.84379283411431,True
2005-03-06,289.31235994822237,345.44055346779476,56.12819351957239,True
2005-03-07,290.03000554047713,346.441797513283,56.41179197280587,True
2005-03-08,290.7480000013606,347.44258929052586,56.694589289165265,True
2005-03-09,291.4663257550719,348.4429079846013,56.976582229529356,True
2005-03-10,292.1849662666978,349.4427296113665,57.25776334466866,True
2005-03-11,292.9039071031308,350.44202884747665,57.53812174434586,True
2005-03-12,293.6231366540691,351.44078103009736,57.81764437602823,True
2005-03-13,294.3426463765012,352.43896387850356,58.096317502002364,True
2005-03-14,295.06243059083926,353.43655862197585,58.37412803113659,True
2005-03-15,295.78248598425006,354.4335504599041,58.65106447565404,True
2005-03-16,296.5028110125654,355.4299284875886,58.92711747502318,True
2005-03-17,297.22340535008976,356.425685313546,59.20227996345625,True
2005-03-18,297.9442694645188,357.4208165804837,59.47654711596488,True
2005-03-19,298.6654043311733,358.4153205359686,59.749916204795284,True
2005-03-20,299.38681126147264,359.4091977269571,60.02238646548443,True
2005-03-21,300.10849180230247,0.40245083636102336,60.29395903405856,True
2005-03-22,300.83044765758945,1.3950846418949656,60.56463698430554,True
2005-03-23,301.55268058478043,2.3871060519886207,60.83442546720818,True
2005-03-24,302.2751922247973,3.3785241554155934,61.10333193061831,True
2005-03-25,302.99798383524177,4.369350209537413,61.37136637429563,True
2005-03-26,303.7210559149155,5.359597490279457,61.638541575363945,True
2005-03-27,304.44440773292433,6.349280940798914,61.90487320787457,True
2005-03-28,305.16803680348255,7.338416588189194,62.170379784706654,True
2005-03-29,305.8919383697177,8.327020743676186,62.435082373958494,True
2005-03-30,306.61610496773835,9.315109048028079,62.69900408028974,True
2005-03-31,307.3405261328207,10.302695453932863,62.962169321112185,True
2005-04-01,308.0651882884485,11.289791242120984,63.2246029536725,True
2005-04-02,308.7900748375508,12.276404153760138,63.48632931620938,True
2005-04-03,309.51516646283045,13.26253770507243,63.74737124224197,True
2005-04-04,310.24044163910287,14.248190746871563,64.00774910776869,True
2005-04-05,310.96587735387425,15.23335734277589,64.26747998890164,True
2005-04-06,311.6914500083728,16.21802704642709,64.52657703805431,True
2005-04-07,312.4171364245998,17.2021856305613,64.78504920596151,True
2005-04-08,313.14291482954025,18.185816241397337,65.04290141185709,True
2005-04-09,313.86876565809354,19.168900837914304,65.30013517982076,True
2005-04-10,314.59467204107625,20.151421681078453,65.55674964000218,True
2005-04-11,315.3206199238983,21.133362619969223,65.81274269607093,True
2005-04-12,316.046597860001,22.114709995386615,66.0681121353856,True
2005-04-13,316.77259659474277,23.095453107644442,66.3228565129017,True
2005-04-14,317.49860857511,24.07558431193435,66.57697573682435,True
2005-04-15,318.22462749508173,25.05509887033912,66.83047137525739,True
2005-04-16,318.9506479399474,26.033994699764058,67.08334675981666,True
2005-04-17,319.67666514752074,27.01227212934918,67.33560698182845,True
2005-04-18,320.40267487056815,27.989933742169622,67.58725887160148,True
2005-04-19,321.12867330323996,28.966984338143106,67.83831103490314,True
2005-04-20,321.8546570209146,29.94343102162807,68.08877400071344,True
2005-04-21,322.58062287439236,30.919283385580012,68.33866051118764,True
2005-04-22,323.3065677762213,31.89455373082773,68.58798595460644,True
2005-04-23,324.0324883239243,32.869257224696064,68.83676890077174,True
2005-04-24,324.7583802295035,33.843411876629105,69.08503164712562,True
2005-04-25,325.48423757169707,34.817038206930334,69.3328006352333,True
2005-04-26,326.21005195131835,35.79015852670154,69.58010657538318,True
2005-04-27,326.93581168920485,36.762795836630026,69.82698414742515,True
2005-04-28,327.661501230112,37.73497246495454,70.07347123484254,True
2005-04-29,328.3871008840081,38.70670865208601,70.31960776807796,True
2005-04-30,329.1125869578945,39.67802130746979,70.5654343495753,True
2005-05-01,329.8379322432558,40.6489231077915,70.81099086453571,True
2005-05-02,330.56310676533883,41.61942201129527,71.05631524595645,True
2005-05-03,331.2880786854139,42.58952118038166,71.30144249496777,True
2005-05-04,332.0128152624305,43.55921926158933,71.54640399915883,True
2005-05-05,332.7372838011602,44.52851096334353,71.79122716218336,True
2005-05-06,333.46145252364374,45.497387873393436,72.0359353497497,True
2005-05-07,334.1852913003065,46.46583944892592,72.2805481486194,True
2005-05-08,334.908772179682,47.43385408988434,72.52508191020235,True
2005-05-09,335.631869674449,48.40142018450721,72.76955051005825,True
2005-05-10,336.35456079855163,49.36852701511433,73.01396621656272,True
2005-05-11,337.076824894157,50.33516544108377,73.25834054692672,True
2005-05-12,337.7986433210459,51.30132832704477,73.50268500599884,True
2005-05-13,338.5199990931022,52.267010738707036,73.74701164560486,True
2005-05-14,339.2408765363209,53.23220996896318,73.99133343264225,True
2005-05-15,339.96126101817345,54.196925475394906,74.23566445722145,True
2005-05-16,340.6811387689343,55.16115880959294,74.48002004065864,True
2005-05-17,341.40049678796055,56.124913605801844,74.7244168178413,True
2005-05-18,342.1193228034286,57.08819567702339,74.96887287359482,True
2005-05-19,342.8376052314182,58.05101324213601,75.21340801071779,True
2005-05-20,343.555333058769,59.01337727456062,75.45804421579163,True
2005-05-21,344.27249555762097,59.975301916692636,75.70280635907164,True
2005-05-22,344.9890817394,60.93680484438739,75.9477231049874,True
2005-05-23,345.7050794905436,61.89790740544913,76.19282791490554,True
2005-05-24,346.42047441698963,62.85863432872376,76.43815991173415,True
2005-05-25,347.13524855138746,63.81901285116955,76.68376429978207,True
2005-05-26,347.84937919649076,64.77907126216546,76.92969206567471,True
2005-05-27,348.5628382120434,65.73883707520626,77.17599886316287,True
2005-05-28,349.2755919512167,66.69833519868422,77.42274324746751,True
2005-05-29,349.98760185284783,67.65758648731017,77.66998463446237,True
2005-05-30,350.6988255058915,68.61660690708787,77.91778140119641,True
2005-05-31,351.4092179179497,69.57540733613135,78.1661894181816,True
2005-06-01,352.1187327539044,70.53399386607248,78.41526111216808,True
2005-06-02,352.8273234069933,71.49236841518152,78.66504500818826,True
2005-06-03,353.5349438566015,72.45052949239928,78.91558563579781,True
2005-06-04,354.24154932021355,73.40847300976705,79.16692368955353,True
2005-06-05,354.9470967220211,74.36619308932185,79.41909636730077,True
2005-06-06,355.65154499555837,75.32368283461824,79.67213783905987,True
2005-06-07,356.3548552308382,76.28093504124877,79.92607981041056,True
2005-06-08,357.0569906780364,77.23794281783789,80.18095213980149,True
2005-06-09,357.75791663044373,78.1947000905526,80.43678346010887,True
2005-06-10,358.45760022330666,79.15120197541877,80.6936017521121,True
2005-06-11,359.15601019487417,80.10744502192348,80.9514348270493,True
2005-06-12,359.8531166566493,81.06342735278389,81.21031069613457,True
2005-06-13,0.5488909106907197,82.01914874263198,81.47025783194127,True
2005-06-14,1.2433053347406933,82.97461068945431,81.73130535471361,True
2005-06-15,1.9363333331497785,83.92981653613587,81.9934832029861,True
2005-06-16,2.627949323833021,84.88477169501822,82.2568223711852,True
2005-06-17,3.3181286984807397,85.8394840134848,82.52135531500407,True
2005-06-18,4.006847656323636,86.7939642869737,82.78711663065008,True
2005-06-19,4.694082779382167,87.74822686896798,83.0541440895858,True
2005-06-20,5.379810211130303,88.70229024207677,83.32248003094647,True
2005-06-21,6.0640043561739425,89.65617731749352,83.59217296131958,True
2005-06-22,6.746636165905047,90.60991517484969,83.86327900894464,True
2005-06-23,7.4276712954231074,91.56353402001044,84.13586272458733,True
2005-06-24,8.107068605233964,92.51706536918115,84.40999676394719,True
2005-06-25,8.784779483901804,93.47053978973031,84.68576030582851,True
2005-06-26,9.46074821775113,94.42398474946833,84.9632365317172,True
2005-06-27,10.134913254726596,95.37742308482025,85.24250983009365,True
2005-06-28,10.807208934398748,96.33087232249274,85.523663388094,True
2005-06-29,11.477567222336665,97.28434477084578,85.80677754850912,True
2005-06-30,12.145919144299103,98.23784811121864,86.09192896691954,True
2005-07-01,12.812195819254057,99.19138620332407,86.37919038407001,True
2005-07-02,13.476329133131632,100.14495990415779,86.66863077102616,True
2005-07-03,14.138252151864718,101.09856780353584,86.96031565167112,True
2005-07-04,14.797899367802533,102.05220685462605,87.25430748682352,True
2005-07-05,15.455206842952665,103.00587291475595,87.55066607180329,True
2005-07-06,16.110112280766064,103.95956121944009,87.84944893867403,True
2005-07-07,16.76255503754571,104.91326680471951,88.1507117671738,True
2005-07-08,17.412476077812656,105.86698488143209,88.45450880361943,True
2005-07-09,18.0598178820679,106.82071115786242,88.76089327579452,True
2005-07-10,18.704524324390928,107.77444210796295,89.06991778357202,True
2005-07-11,19.346540544797445,108.72817519082426,89.38163464602681,True
2005-07-12,19.985812842146775,109.68190904058544,89.69609619843867,True
2005-07-13,20.622288604549585,110.63564366079471,90.01335505624513,True
2005-07-14,21.2559162740649,111.58938066955994,90.33346439549504,True
2005-07-15,21.88664531000193,112.5431236474537,90.65647833745177,True
2005-07-16,22.514426070380882,113.49687863280839,90.98245256242751,True
2005-07-17,23.139209478562545,114.45065477878923,91.31144530022668,True
2005-07-18,23.76094629829788,115.40446512113265,91.64351882283476,True
2005-07-19,24.37958584271709,116.3583272994862,91.97874145676911,True
2005-07-20,24.995074045919036,117.31226395190905,92.31718990599,True
2005-07-21,25.60735106585083,118.26630243411674,92.65895136826592,True
2005-07-22,26.216348908204267,119.2204736091552,93.00412470095094,True
2005-07-23,26.82198977253737,120.17480975882062,93.35281998628324,True
2005-07-24,27.42418570231551,121.12934206478154,93.70515636246603,True
2005-07-25,28.022839650974472,122.08409833291226,94.06125868193779,True
2005-07-26,28.61784753576242,123.0391015122769,94.42125397651448,True
2005-07-27,29.2091005850022,123.99436918567045,94.78526860066825,True
2005-07-28,29.796487390669256,124.94991384770697,95.15342645703771,True
2005-07-29,30.379895383430146,125.9057436231434,95.52584823971324,True
2005-07-30,30.959211727596497,126.86186310912287,95.90265138152637,True
2005-07-31,31.534323782620223,127.81827414588923,96.28395036326901,True
2005-08-01,32.10511930712479,128.77497643949388,96.66985713236909,True
2005-08-02,32.67148654579647,129.73196803819025,97.06048149239378,True
2005-08-03,33.23331428489568,130.68924570069066,97.45593141579499,True
2005-08-04,33.79049191336388,131.6468052020678,97.85631328870393,True
2005-08-05,34.3429094926074,132.6046416147816,98.26173212217421,True
2005-08-06,34.89045782047172,133.56274958768168,98.67229176720997,True
2005-08-07,35.43302847166558,134.52112363149627,99.08809515983069,True
2005-08-08,35.9705138036925,135.4797584099173,99.50924460622481,True
2005-08-09,36.50280692808793,136.4386490336994,99.93584210561147,True
2005-08-10,37.0298016542009,137.3977913617307,100.3679897075298,True
2005-08-11,37.55139240983667,138.35718232591668,100.80578991608002,True
2005-08-12,38.067474124217384,139.31682031170965,101.24934618749226,True
2005-08-13,38.577942021037885,140.2767056366624,101.69876361562451,True
2005-08-14,39.08269121491804,141.23684116596888,102.15414995105084,True
2005-08-15,39.58161594534419,142.197233073671,102.61561712832679,True
2005-08-16,40.07460824892565,143.15789168761202,103.08328343868638,True
2005-08-17,40.56155591811198,144.11883224311657,103.5572763250046,True
2005-08-18,41.04233978404668,145.0800752467705,104.03773546272382,True
2005-08-19,41.51683070019982,146.04164610177872,104.5248154015789,True
2005-08-20,41.984886960128236,147.0035737769429,105.01868681681465,True
2005-08-21,42.44635299002399,147.96588863695163,105.51953564692764,True
2005-08-22,42.90105981271425,148.92861993606402,106.02756012334977,True
2005-08-23,43.34882711047843,149.89179364545922,106.54296653498079,True
2005-08-24,43.789466143394975,150.85543110620185,107.06596496280687,True
2005-08-25,44.222782649526756,151.81954861613644,107.5967659666097,True
2005-08-26,44.64857913393726,152.78415773216815,108.1355785982309,True
2005-08-27,45.0666563637762,153.74926594525672,108.68260958148053,True
2005-08-28,45.47681418632667,154.71487743460224,109.23806324827558,True
2005-08-29,45.87885190891477,155.68099372634185,109.80214181742708,True
2005-08-30,46.27256847361814,156.6476141916591,110.37504571804095,True
2005-08-31,46.657762597319085,157.61473639057903,110.95697379325995,True
2005-09-01,47.03423297581396,158.58235630329997,111.54812332748602,True
2005-09-02,47.40177858919897,159.5504685024365,112.14868991323753,True
2005-09-03,47.76019909941785,160.51906631700717,112.75886721758933,True
2005-09-04,48.109295299840866,161.48814202846782,113.37884672862695,True
2005-09-05,48.44886956096726,162.45768712431553,114.00881756334826,True
2005-09-06,48.778726215254004,163.4276926192607,114.6489664040067,True
2005-09-07,49.09867183450181,164.39814944168748,115.29947760718568,True
2005-09-08,49.408515367768835,165.36904887791744,115.9605335101486,True
2005-09-09,49.708068115684014,166.34038307041362,116.63231495472961,True
2005-09-10,49.997143507939,167.31214557634215,117.31500206840315,True
2005-09-11,50.27555662020434,168.2843320028191,118.00877538261476,True
2005-09-12,50.543123322378484,169.2569407331297,118.71381741075123,True
2005-09-13,50.7996589175282,170.22997373020632,119.43031481267812,True
2005-09-14,51.04497615628826,171.20343733905924,120.15846118277098,True
2005-09-15,51.278882650949285,172.17734291391258,120.8984602629633,True
2005-09-16,51.50117799325364,173.15170700663626,121.65052901338262,True
2005-09-17,51.71165122884964,174.12655084588764,122.414899617038,True
2005-09-18,51.91007955421011,175.1018989842606,123.19181943005049,True
2005-09-19,52.09622893810706,176.07777728117512,123.98154834306806,True
2005-09-20,52.26985678843564,177.0542106758155,124.78435388737987,True
2005-09-21,52.43071608097643,178.0312212944819,125.60050521350547,True
2005-09-22,52.57855996838231,179.0088272659118,126.4302672975295,True
2005-09-23,52.7131459846444,179.9870423130546,127.27389632841019,True
2005-09-24,52.834239381889134,180.96587594079105,128.1316365589019,True
2005-09-25,52.94161557460923,181.94533394362665,129.0037183690174,True
2005-09-26,53.03506193106083,182.92541899122597,129.89035706016514,True
2005-09-27,53.11437922656393,183.9061311386332,130.7917519120693,True
2005-09-28,53.17938303109342,184.88746819460417,131.70808516351076,True
2005-09-29,53.22990521691476,185.86942594295036,132.63952072603558,True
2005-09-30,53.265795681793776,186.8519982484796,133.5862025666858,True
2005-10-01,53.28692430257864,187.83517709883398,134.54825279625533,True
2005-10-02,53.293183063449725,188.81895264265745,135.52576957920772,True
2005-10-03,53.28448824332966,189.80331328541294,136.51882504208328,True
2005-10-04,53.26078250361113,190.78824589616283,137.5274633925517,True
2005-10-05,53.22203670050618,191.77373616090853,138.55169946040235,True
2005-10-06,53.168251263739855,192.75976909269943,139.59151782895958,True
2005-10-07,53.099457032394064,193.74632968190176,140.64687264950769,True
2005-10-08,53.01571550304963,194.73340365020303,141.7176881471534,True
2005-10-09,52.917118501350835,195.72097826484296,142.8038597634921,True
2005-10-10,52.803787320023446,196.70904317331332,143.90525585328987,True
2005-10-11,52.67587138101265,197.69759122274618,145.02171984173353,True
2005-10-12,52.53354650871972,198.68661921781435,146.15307270909463,True
2005-10-13,52.377012987101246,199.6761285370326,147.29911554993137,True
2005-10-14,52.2064937342011,200.66612547731955,148.45963174311845,True
2005-10-15,52.02223311896947,201.65662116167408,149.63438804270461,True
2005-10-16,51.82449704280859,202.64763087172156,150.82313382891297,True
2005-10-17,51.6135747603937,203.6391727867941,152.0255980264004,True
2005-10-18,51.38978247031713,204.63126629738377,153.24148382706665,True
2005-10-19,51.15346812470227,205.62393022072717,154.4704620960249,True
2005-10-20,50.90501649475744,206.61718128026052,155.7121647855031,True
2005-10-21,50.64485351111107,207.61103309542517,156.9661795843141,True
2005-10-22,50.37344923959155,208.60549573691557,158.232046497324,True
2005-10-23,50.09131932021359,209.60057573924095,159.50925641902737,True
2005-10-24,49.799025058871585,210.59627638620051,160.79725132732892,True
2005-10-25,49.49717252555492,211.59259809020259,162.09542556464766,True
2005-10-26,49.18641101339221,212.5895387351942,163.40312772180198,True
2005-10-27,48.86743112731414,213.58709391020076,164.71966278288662,True
2005-10-28,48.54096266089074,214.585257008591,166.04429434770026,True
2005-10-29,48.20777231327793,215.58401920458087,167.37624689130294,True
2005-10-30,47.86866120057379,216.58336934730676,168.71470814673296,True
2005-10-31,47.52446202641389,217.5832938379498,170.05883181153592,True
2005-11-01,47.17603570230447,218.58377657633994,171.40774087403548,True
2005-11-02,46.82426717090188,219.58479907363736,172.76053190273547,True
2005-11-03,46.47006021784221,220.58634081659523,174.116280598753,True
2005-11-04,46.114331184242275,221.5883799287576,175.47404874451533,True
2005-11-05,45.758001701530056,222.5908941086853,176.83289240715524,True
2005-11-06,45.40199080180467,223.59386175490206,178.1918709530974,True
2005-11-07,45.047206921289366,224.59726313997663,179.55005621868727,True
2005-11-08,44.69454034773101,225.60108149076677,179.09345885696422,True
2005-11-09,44.34485657033289,226.60530386367603,177.73955270665687,True
2005-11-10,43.99899084072101,227.60992174813452,176.38906909258648,True
2005-11-11,43.65774412141096,228.61493136245616,175.0428127589548,True
2005-11-12,43.32188051285579,229.6203336152957,173.7015468975601,True
2005-11-13,42.992126179308215,230.62613370712876,172.36599247217947,True
2005-11-14,42.66916967968061,231.63234036476706,171.03682931491355,True
2005-11-15,42.35366342736942,232.6389647539246,169.71469867344481,True
2005-11-16,42.04622580040148,233.64601918996814,168.40020661043334,True
2005-11-17,41.747443304360445,234.6535158291902,167.09392747517023,True
2005-11-18,41.4578722427841,235.66146553350242,165.79640670928168,True
2005-11-19,41.17803957082242,236.6698770483215,164.50816252250092,True
2005-11-20,40.90844290121871,237.6787565408409,163.2296863603778,True
2005-11-21,40.64954987430775,238.68810745560975,161.961442418698,True
2005-11-22,40.401797222776466,239.69793058760447,160.703866635172,True
2005-11-23,40.165589857875844,240.70822425693277,159.4573656009431,True
2005-11-24,39.941300222125626,241.71898448284247,158.22231573928315,True
2005-11-25,39.72926804391593,242.73020508204718,156.99906296186876,True
2005-11-26,39.52980052222649,243.74187764681764,155.78792287540884,True
2005-11-27,39.3431728741123,244.75399138898348,154.58918148512882,True
2005-11-28,39.16962909178893,245.76653286982923,153.4030962219597,True
2005-11-29,39.00938268043954,246.77948567709967,152.2298970033399,True
2005-11-30,38.86261709730229,247.79283015850953,151.06978693879276,True
2005-12-01,38.729485622649406,248.80654336455072,149.9229422580987,True
2005-12-02,38.61011050903423,249.82059936596997,148.78951114306426,True
2005-12-03,38.504581495076685,250.83497006167062,147.66961143340606,True
2005-12-04,38.41295407761111,251.84962646949884,146.56332760811227,True
2005-12-05,38.335248169519836,252.8645403309625,145.47070783855733,True
2005-12-06,38.271447778361356,253.87968573967146,144.3917620386899,True
2005-12-07,38.2215020861963,254.89504049232232,143.32646159387397,True
2005-12-08,38.18532792269927,255.9105869643143,142.274740958385,True
2005-12-09,38.16281330238569,256.9263124634381,141.23650083894762,True
2005-12-10,38.15382156599615,257.94220913382816,140.21161243216798,True
2005-12-11,38.15819571102413,258.9582735296201,139.19992218140402,True
2005-12-12,38.17576261942235,259.97450596658416,138.2012566528382,True
2005-12-13,38.20633700017042,260.99090972791777,137.21542727225267,True
2005-12-14,38.249724923214046,262.0074901786431,136.24223474457096,True
2005-12-15,38.30572684253524,263.02425384224097,135.28147300029428,True
2005-12-16,38.37414002473652,264.04120750485356,134.33293251988295,True
2005-12-17,38.45476034207653,265.05835741973044,133.39640292234608,True
2005-12-18,38.54738345710398,266.07570867461374,132.47167478249025,True
2005-12-19,38.651805499365885,267.0932647559474,131.55854074341846,True
2005-12-20,38.767823386616364,268.1110273054283,130.65679608118805,True
2005-12-21,38.89523495779121,269.1289960293205,129.76623892847073,True
2005-12-22,39.033839063876684,270.1471686980756,128.8866703658011,True
2005-12-23,39.18343571811767,271.16554116521786,128.0178945528998,True
2005-12-24,39.34382635254626,272.18410733743025,127.15971901511602,True
2005-12-25,39.51481417164582,273.2028590390028,126.31195513264299,True
2005-12-26,39.69620453740725,274.22178573306167,125.47441880434559,True
2005-12-27,39.88780526187515,275.24087409367394,124.6469311682012,True
2005-12-28,40.08942662806575,276.26010747447003,123.82931915359572,True
2005-12-29,40.30088092843888,277.27946539460385,123.02141553383504,True
2005-12-30,40.52198134407462,278.2989232490813,122.22305809499329,True
2005-12-31,40.75254013691927,279.31845250502386,121.43408763189541,True
2006-01-01,40.992369229053345,280.3380334014839,120.65433582756941,True
2006-01-02,41.24126684819252,281.3576093764032,119.88365747178929,True
2006-01-03,41.49903283211447,282.3771599737265,119.12187285838795,True
2006-01-04,41.765457567831966,283.39665573674,118.36880183109196,True
2006-01-05,42.040325995731976,284.4160716087472,117.62425438698477,True
2006-01-06,42.32341983908881,285.43538776709397,116.88803207199484,True
2006-01-07,42.614520183792436,286.45458970986624,116.15993047392618,True
2006-01-08,42.91340989610038,287.4736678103945,115.43974208570589,True
2006-01-09,43.21987559825004,288.4926165987157,114.72725899953434,True
2006-01-10,43.53370913933814,289.5114339672651,114.02227517207308,True
2006-01-11,43.85470862379647,290.5301204061007,113.32458821769575,True
2006-01-12,44.18267909485555,291.5486783014026,112.63400079345294,True
2006-01-13,44.51743295366258,292.5671112953407,111.95032165832191,True
2006-01-14,44.858790163711056,293.58542369937436,111.2733664643367,True
2006-01-15,45.20657826821392,294.60361996240977,110.60295830580415,True
2006-01-16,45.560632243062095,295.6217042062634,109.93892803679867,True
2006-01-17,45.9207942168387,296.63967984446776,109.28111437237095,True
2006-01-18,46.28691310299296,297.65754929354694,108.62936380944603,True
2006-01-19,46.65884419837945,298.6753137707104,107.98353042766908,True
2006-01-20,47.036448801145276,299.69297315340987,107.3434756477354,True
2006-01-21,47.41959388805019,300.71052585930136,106.70906802874885,True
2006-01-22,47.80815186817542,301.7279686931859,106.08018317498951,True
2006-01-23,48.20200039830667,302.7452966028657,105.45670379544094,True
2006-01-24,48.60102220576251,303.7625022921107,104.83851991365182,True
2006-01-25,49.00510481849558,304.7795756634637,104.2255291550319,True
2006-01-26,49.414140057759255,305.796503117818,103.61763693994124,True
2006-01-27,49.8280231284086,306.8132668308812,103.01475629752736,True
2006-01-28,50.24665118836361,307.8298442484367,102.41680693992691,True
2006-01-29,50.66992143672492,308.8462081383312,101.82371329839373,True
2006-01-30,51.09772902333609,309.8623275064589,101.23540151687723,True
2006-01-31,51.529965332535404,310.8781694441595,100.65179588837594,True
2006-02-01,51.966517226812385,311.89370158217173,100.07281564464063,True
2006-02-02,52.40726753861559,312.90889451520724,99.49837302340836,True
2006-02-03,52.85209661560296,313.92372356734,98.92837304826298,True
2006-02-04,53.300884370232495,314.93816958984064,98.36271478039185,True
2006-02-05,53.75351225171128,315.95221887956654,97.80129337214476,True
2006-02-06,54.20986477619984,316.9658625412357,97.24400223496411,True
2006-02-07,54.66983051943606,317.97909563648483,96.69073488295123,True
2006-02-08,55.13330265429278,318.99191635510243,96.14138629919034,True
2006-02-09,55.60017917901546,320.0043253155304,95.59585386348505,True
2006-02-10,56.070362969088016,321.01632500930157,95.05403795978646,True
2006-02-11,56.5437617427982,322.0279193575658,94.51584238523242,True
2006-02-12,57.02028798688473,323.03911333605794,93.9811746508268,True
2006-02-13,57.499858857018005,324.0499126330294,93.4499462239886,True
2006-02-14,57.98239605135841,325.060323320893,92.9220727304654,True
2006-02-15,58.46782565221785,326.07035153803633,92.39747411418153,True
2006-02-16,58.95607793653879,327.08000318675255,91.87607474978626,True
2006-02-17,59.44708716486296,328.089283653679,91.35780351118399,True
2006-02-18,59.94079136507409,329.0981975505987,90.84259381447544,True
2006-02-19,60.43713212707774,330.10674845854044,90.33038366853731,True
2006-02-20,60.93605441514602,331.1149386410933,89.82111577405271,True
2006-02-21,61.437506385017734,332.1227686791391,89.31473770587866,True
2006-02-22,61.94143916367823,333.1302369760259,88.81120218765233,True
2006-02-23,62.44780651460865,334.1373391000473,88.31046741456134,True
2006-02-24,62.95656428066233,335.1440669839915,87.81249729667087,True
2006-02-25,63.467669493550865,336.15040810045855,87.31726139309234,True
2006-02-26,63.98107909864248,337.15634486538175,86.82473423326076,True
2006-02-27,64.49674839411676,338.1618546297603,86.33489376435648,True
2006-02-28,65.01462949704081,339.16691058804463,85.84771890899617,True
2006-03-01,65.53467030476835,340.1714836708894,85.36318663387897,True
2006-03-02,66.05681435814935,341.17554506847347,84.88126928967586,True
2006-03-03,66.58100169561624,342.17906870857547,84.40193298704077,True
2006-03-04,67.10717039596607,343.1820330391832,83.9251373567829,True
2006-03-05,67.63525830129547,344.1844218173552,83.4508364839403,True
2006-03-06,68.16520448329253,345.186224017549,82.97898046574352,True
2006-03-07,68.69695024585519,346.18743320275854,82.50951704309665,True
2006-03-08,69.2304396716297,347.1880467095376,82.0423929620921,True
2006-03-09,69.76561983346343,348.1880648830317,81.5775549504317,True
2006-03-10,70.3024408120771,349.1874904678361,81.11495034424104,True
2006-03-11,70.84085563217667,350.18632816745634,80.65452746472033,True
2006-03-12,71.38082018691203,351.1845843359553,80.19623585095673,True
2006-03-13,71.922293183133,352.1822667481233,79.74002643500967,True
2006-03-14,72.46523611281975,353.17938439615057,79.28585171666919,True
2006-03-15,73.00961323954061,354.1759472724281,78.8336659671125,True
2006-03-16,73.55539158158376,355.1719661141053,78.38342546747845,True
2006-03-17,74.10254087393854,356.16745210103005,77.9350887729085,True
2006-03-18,74.65103349721417,357.1624165104935,77.48861698672067,True
2006-03-19,75.20084436933817,358.15687033628075,77.04397403305745,True
2006-03-20,75.75195080116684,359.15082387440305,76.60112692676381,True
2006-03-21,76.30433231588447,0.14428626534710332,76.16004605053736,True
2006-03-22,76.85797042188138,1.137264968418542,75.72070545346283,True
2006-03-23,77.4128483102963,2.1297651373444593,75.28308317295183,True
2006-03-24,77.96895042681041,3.1217888807040475,74.84716154610636,True
2006-03-25,78.52626185451278,4.113334439926256,74.41292741458652,True
2006-03-26,79.08476746034438,5.104395408254474,73.9803720520899,True
2006-03-27,79.64445082341241,6.094960228253836,73.54949059515857,True
2006-03-28,80.20529308334287,7.085012281541198,73.12028080180167,True
2006-03-29,80.76727197825059,8.074530827264118,72.69274115098648,True
2006-03-30,81.33036139131043,9.063492799050298,72.26686859226014,True
2006-03-31,81.8945316095856,10.051875116263611,71.84265649332198,True
2006-04-01,82.45975024540202,11.03965692279863,71.42009332260339,True
2006-04-02,83.02598352958964,12.02682121383945,70.99916231575018,True
2006-04-03,83.59319760607174,13.013355608599653,70.57984199747209,True
2006-04-04,84.16135955491569,13.999252361677433,70.16210719323826,True
2006-04-05,84.73043804378021,14.98450789541113,69.74593014836908,True
2006-04-06,85.30040364750532,15.969122149991122,69.3312814975142,True
2006-04-07,85.87122894038917,16.953097961544323,68.91813097884486,True
2006-04-08,86.44288846996416,17.936440573370547,68.50644789659361,True
2006-04-09,87.0153586959689,18.91915730493025,68.09620139103865,True
2006-04-10,87.58861794666323,19.901257354739442,67.68736059192379,True
2006-04-11,88.16264641691382,20.882751689231124,67.27989472768269,True
2006-04-12,88.73742621082494,21.863652960660907,66.87377325016402,True
2006-04-13,89.31294141551398,22.843975397754733,66.46896601775924,True
2006-04-14,89.88917818151846,23.823734621027253,66.0654435604912,True
2006-04-15,90.46612477982617,24.802947349727102,65.66317743009907,True
2006-04-16,91.04377160638916,25.781630987057724,65.26214061933143,True
2006-04-17,91.62211111172894,26.759803090081952,64.86230802164698,True
2006-04-18,92.20113764310949,27.737480744622605,64.46365689848689,True
2006-04-19,92.78084719520488,28.714679869500284,64.0661673257046,True
2006-04-20,93.36123706801463,29.691414470046706,63.66982259796792,True
2006-04-21,93.94230542701801,30.667695856379293,63.27460957063872,True
2006-04-22,94.5240507547266,31.64353185072163,62.88051890400497,True
2006-04-23,95.10647118501524,32.618926042165484,62.487545142849754,True
2006-04-24,95.6895637344003,33.59387720755502,62.09568652684528,True
2006-04-25,96.27332349454935,34.56837908166192,61.70494441288743,True
2006-04-26,96.85774291656173,35.54242067973569,61.31532223682604,True
2006-04-27,97.44281136354036,36.51598729573545,60.92682406780491,True
2006-04-28,98.0285150862786,37.489062108861376,60.53945297741723,True
2006-04-29,98.61483766905687,38.46162810509902,60.15320956395785,True
2006-04-30,99.20176084195195,39.43366989281699,59.768090949134965,True
2006-05-01,99.78926544689156,40.40517504811692,59.384090398774646,True
2006-05-02,100.37733233462268,41.37613482690656,59.00119750771612,True
2006-05-03,100.9659430464274,42.34654430021265,58.61939874621475,True
2006-05-04,101.55508023861353,43.316402102256745,58.23867813635678,True
2006-05-05,102.14472788693428,44.285710004883434,57.85901788205084,True
2006-05-06,102.73487134415336,45.25447248550159,57.480398858651775,True
2006-05-07,103.32549732604129,46.22269638760758,57.10280093843371,True
2006-05-08,103.9165938860315,47.19039071294893,56.726203173082574,True
2006-05-09,104.50815041899607,48.15756654104212,56.350583877953945,True
2006-05-10,105.10015771553738,49.12423704213943,55.97592067339795,True
2006-05-11,105.69260807050635,50.0904175285732,55.602190541933155,True
2006-05-12,106.285495432264,51.05612547424785,55.22936995801615,True
2006-05-13,106.8788155625828,52.02138042495296,54.85743513762984,True
2006-05-14,107.47256616347654,52.986203728453724,54.48636243502282,True
2006-05-15,108.06674692120974,53.95061803773241,54.11612888347733,True
2006-05-16,108.66135942366988,54.9146465822701,53.74671284139978,True
2006-05-17,109.2564069259019,55.87831225085998,53.37809467504192,True
2006-05-18,109.85189396472727,56.8416365689857,53.01025739574157,True
2006-05-19,110.44782584765355,57.804638671073,52.64318717658055,True
2006-05-20,111.0442080558187,58.7673343619362,52.2768736938825,True
2006-05-21,111.64104560446674,59.72973534504561,51.91131025942113,True
2006-05-22,112.2383424039623,60.691848684692346,51.54649371926996,True
2006-05-23,112.83610066851446,61.65367657210197,51.18242409641249,True
2006-05-24,113.4343204318466,62.61521647114806,50.81910396069854,True
2006-05-25,114.03299924128375,63.576461702173454,50.45653753911029,True
2006-05-26,114.63213209762161,64.53740246061575,50.094729637005855,True
2006-05-27,115.23171167391654,65.49802716565884,49.733684508257696,True
2006-05-28,115.83172878547228,66.45832393429448,49.373404851177796,True
2006-05-29,116.43217302047773,67.41828193398494,49.01389108649279,True
2006-05-30,117.0330334071512,68.37789241164997,48.65514099550123,True
2006-05-31,117.63429900392165,69.33714930610394,48.297149697817716,True
2006-06-01,118.23595934360125,70.2960494702689,47.939909873332354,True
2006-06-02,118.83800471572557,71.25459261053774,47.58341210518783,True
2006-06-03,119.44042631214917,72.21278107784897,47.2276452343002,True
2006-06-04,120.04321628178387,73.17061963074413,46.87259665103974,True
2006-06-05,120.64636774425064,74.12811525670526,46.51825248754538,True
2006-06-06,121.24987480624331,75.08527710078452,46.16459770545879,True
2006-06-07,121.85373261415548,76.04211651652426,45.811616097631216,True
2006-06-08,122.45793746415043,76.99864722255526,45.45929024159517,True
2006-06-09,123.0624869756486,77.95488551565374,45.107601459994854,True
2006-06-10,123.6673803144321,78.91085045645754,44.756529857974556,True
2006-06-11,124.2726184271247,79.86656391336231,44.406054513762385,True
2006-06-12,124.8782042241417,80.82205033802326,44.05615388611844,True
2006-06-13,125.48414263361266,81.77733617161259,43.706806462000074,True
2006-06-14,126.09044045705718,82.73244885531143,43.35799160174575,True
2006-06-15,126.6971059951574,83.68741552758385,43.00969046757355,True
2006-06-16,127.30414846968512,84.6422615924281,42.66188687725702,True
2006-06-17,127.91157732156694,85.59700938792368,42.31456793364326,True
2006-06-18,128.51940149082853,86.55167715183848,41.96772433899005,True
2006-06-19,129.1276287740687,87.50627839428776,41.62135037978095,True
2006-06-20,129.73626532203295,88.46082169532826,41.275443626704686,True
2006-06-21,130.34531530500428,89.41531088588575,40.93000441911853,True
2006-06-22,130.9547807510972,90.36974554977684,40.58503520132035,True
2006-06-23,131.5646615525654,91.3241217837677,40.24053976879772,True
2006-06-24,132.17495562941215,92.27843314851638,39.89652248089577,True
2006-06-25,132.78565922954522,93.23267172644125,39.552987503103964,True
2006-06-26,133.39676732900517,94.18682918180265,39.20993814720252,True
2006-06-27,134.008274080587,95.14089771170089,38.86737636888611,True
2006-06-28,134.6201732532542,96.09487079697215,38.52530245628205,True
2006-06-29,135.23245861282294,97.04874370660784,38.1837149062151,True
2006-06-30,135.84512421399813,98.00251376272793,37.842610451270204,True
2006-07-01,136.45816459755045,98.95618041733077,37.50198418021968,True
2006-07-02,137.071574906806,99.90974521661497,37.16182969019104,True
2006-07-03,137.68535095075333,100.86321173334892,36.82213921740441,True
2006-07-04,138.2994892468748,101.8165855383983,36.4829037084765,True
2006-07-05,138.91398707715285,102.76987426526706,36.14411281188579,True
2006-07-06,139.52884258717128,103.72308779891263,35.80575478825865,True
2006-07-07,140.144054950584,104.67623859014397,35.46781636044004,True
2006-07-08,140.75962460707404,105.62934205494689,35.130282552127156,True
2006-07-09,141.37555355789473,106.58241696180697,34.79313659608776,True
2006-07-10,141.99184566832875,107.5354856479439,34.45636002038485,True
2006-07-11,142.60850688808958,108.48857386456915,34.11993302352043,True
2006-07-12,143.2255452780399,109.44171007541684,33.78383520262307,True
2006-07-13,143.8429707502243,110.39492415557882,33.44804659464549,True
2006-07-14,144.46079450024754,111.34824563907189,33.112548861175654,True
2006-07-15,145.07902821351144,112.3017018509698,32.77732636254163,True
2006-07-16,145.6976832060845,113.25531631967588,32.44236688640861,True
2006-07-17,146.3167696715141,114.20910775655184,32.10766191496225,True
2006-07-18,146.93629614719228,115.16308968515688,31.773206462035404,True
2006-07-19,147.55626923020972,116.11727062052904,31.43899860968068,True
2006-07-20,148.17669350849565,117.07165461442482,31.10503889407083,True
2006-07-21,148.79757164721275,118.02624199145308,30.771329655759672,True
2006-07-22,149.41890457480613,118.98103015575373,30.437874419052406,True
2006-07-23,150.04069172968062,119.93601440238082,30.104677327299797,True
2006-07-24,150.66293134298232,120.89118869951851,29.77174264346381,True
2006-07-25,151.28562073977344,121.84654641691547,29.439074322857962,True
2006-07-26,151.90875664132037,122.80208097377668,29.106675667543684,True
2006-07-27,152.5323354498065,123.75778637845214,28.77454907135437,True
2006-07-28,153.1563534977906,124.71365764008618,28.44269585770442,True
2006-07-29,153.78080725005748,125.66969104928529,28.111116200772187,True
2006-07-30,154.4056934543931,126.62588434601868,27.77980910837441,True
2006-07-31,155.03100924799773,127.5822368123228,27.448772435674925,True
2006-08-01,155.6567522354982,128.53874934077064,27.118002894727567,True
2006-08-02,156.28292056152372,129.49542453559135,26.78749602593237,True
2006-08-03,156.90951300504085,130.45226690146868,26.457246103572174,True
2006-08-04,157.5365291233906,131.409283163721,26.127245959669608,True
2006-08-05,158.16396946911604,132.36648273766875,25.797486731447293,True
2006-08-06,158.79183588795485,133.32387831625323,25.467957571701618,True
2006-08-07,159.42013187652938,134.28148646737318,25.138645409156197,True
2006-08-08,160.0488629319485,135.23932803534532,24.809534896603168,True
2006-08-09,160.6780367743707,136.1974280662986,24.480608708072083,True
2006-08-10,161.30766329886873,137.15581500061677,24.151848298251963,True
2006-08-11,161.9377541544552,138.11451906021628,23.823235094238925,True
2006-08-12,162.56832196699756,139.07357007026485,23.49475189673271,True
2006-08-13,163.19937936731574,140.0329952261394,23.166384141176337,True
2006-08-14,163.83093806469373,140.99281735609887,22.838120708594857,True
2006-08-15,164.46300816740828,141.95305400496966,22.509954162438618,True
2006-08-16,165.09559783164124,142.91371733544415,22.181880496197095,True
2006-08-17,165.72871320156975,143.87481461023086,21.85389859133889,True
2006-08-18,166.36235854270737,144.83634895913102,21.526009583576354,True
2006-08-19,166.99653646958132,145.79832020203,21.198216267551317,True
2006-08-20,167.63124819922282,146.7607256046277,20.870522594595116,True
2006-08-21,168.26649379628697,147.72356052961757,20.542933266669394,True
2006-08-22,168.9022723999334,148.6868189932981,20.215453406635305,True
2006-08-23,169.53858243431057,149.65049415181002,19.888088282500547,True
2006-08-24,170.17542180659444,150.61457873573167,19.560843070862774,True
2006-08-25,170.81278809362274,151.57906543951782,19.233722654104923,True
2006-08-26,171.4506787143958,152.54394726254964,18.906731451846156,True
2006-08-27,172.08909108399902,153.50921779643312,18.579873287565903,True
2006-08-28,172.7280227461374,154.4748714595813,18.25315128655612,True
2006-08-29,173.3674714862957,155.44090369286442,17.926567793431275,True
2006-08-30,174.00743543440447,156.40731114550553,17.60012428889894,True
2006-08-31,174.64791317328547,157.37409189447368,17.273821278811795,True
2006-09-01,175.28890387540918,158.34124574937397,16.947658126035208,True
2006-09-02,175.93040749339423,159.3087746928676,16.62163280052664,True
2006-09-03,176.57242502550932,160.27668348527988,16.295741540229443,True
2006-09-04,177.21495886038025,161.24498040901332,15.969978451366927,True
2006-09-05,177.85801316892773,162.21367803411871,15.644335134809012,True
2006-09-06,178.5015942563846,163.1827937617881,15.318800494596502,True
2006-12-10,242.58197336679595,257.6760455935386,15.094072226742668,True
2006-12-11,243.29018418785282,258.69204849228936,15.401864304436543,True
2006-12-12,243.99915220428352,259.70836785844216,15.70921565415864,True
2006-12-13,244.70887610445465,260.7249959814738,16.01611987701915,True
2006-12-14,245.41935356316728,261.7419228327138,16.322569269546506,True
2006-12-15,246.13058131443324,262.7591362277142,16.628554913280936,True
2006-12-16,246.84255517218278,263.77662185326955,16.93406668108676,True
2006-12-17,247.55527001816037,264.79436318542986,17.239093167269488,True
2006-12-18,248.2687197864753,265.81234135291845,17.543621566443164,True
2006-12-19,248.98289748215456,266.8305350258639,17.847637543709368,True
2006-12-20,249.6977952742747,267.84892042860116,18.15112515432645,True
2006-12-21,250.41340469857258,268.86747157725426,18.454066878681687,True
2006-12-22,251.12971698622945,269.8861608160968,18.756443829867322,True
2006-12-23,251.84672350584654,270.9049596674892,19.058236161642668,True
2006-12-24,252.56441627287853,271.92383993178123,19.3594236589027,True
2006-12-25,253.28278845824877,272.94277490533324,19.659986447084464,True
2006-12-26,254.0018348257819,273.9617405564122,19.95990573063031,True
2006-12-27,254.72155204588893,274.9807165192252,20.259164473336284,True
2006-12-28,255.44193885922397,275.9996868170631,20.557747957839126,True
2006-12-29,256.1629960849681,277.0186402743121,20.85564418934399,True
2006-12-30,256.88472647751803,278.03757060196176,21.15284412444373,True
2006-12-31,257.6071344370362,279.0564761443375,21.4493417073013,True
2007-01-01,258.3302255841709,280.0753592781149,21.745133693944013,True
2007-01-02,259.0540062254449,281.0942254824257,22.040219256980834,True
2007-01-03,259.7784827614865,282.1130821571928,22.334599395706334,True
2007-01-04,260.5036611127179,283.1319373342887,22.628276221570786,True
2007-01-05,261.2295462406072,284.1507984646252,22.92125222401802,True
2007-01-06,261.95614182039293,285.1696714460791,23.213529625686192,True
2007-01-07,262.68345008149294,286.1885599863092,23.505109904816265,True
2007-01-08,263.41147179202375,287.20746530360867,23.795993511584925,True
2007-01-09,264.14020633866164,288.2263860951338,24.086179756472177,True
2007-01-10,264.86965184694355,289.2453186649952,24.375666818051627,True
2007-01-11,265.59980529544504,290.2642571029657,24.664451807520663,True
2007-01-12,266.33066259243844,291.28319342442745,24.95253083198901,True
2007-01-13,267.062218599947,292.3021176102992,25.23989901035219,True
2007-01-14,267.79446710554646,293.3210175153994,25.526550409852916,True
2007-01-15,268.5274007575715,294.33987864532264,25.81247788775113,True
2007-01-16,269.2610109960117,295.3586838397871,26.0976728437754,True
2007-01-17,269.9952880289267,296.37741294751436,26.382124918587635,True
2007-01-18,270.7302209178721,297.39604262890117,26.665821711029082,True
2007-01-19,271.465797835277,298.41454645818544,26.948748622908454,True
2007-01-20,272.2020065296961,299.4328954833779,27.230888953681756,True
2007-01-21,272.93883497734186,300.45105931161294,27.51222433427108,True
2007-01-22,273.67627212640093,301.4690076287072,27.792735502306243,True
2007-01-23,274.4143085899999,302.48671189928115,28.072403309281242,True
2007-01-24,275.152937147265,303.504146917762,28.351209770497007,True
2007-01-25,275.89215297138946,304.52129193717855,28.629138965789082,True
2007-01-26,276.6319535848628,305.5381312532442,28.906177668381417,True
2007-01-27,277.37233860246505,306.5546542757961,29.18231567333106,True
2007-01-28,278.1133093421266,307.5708552084047,29.457545866278053,True
2007-01-29,278.8548683707986,308.5867324687707,29.731864097972107,True
2007-01-30,279.5970190287021,309.60228795006503,30.005268921362926,True
2007-01-31,280.3397649579598,310.6175261868819,30.27776122892209,True
2007-02-01,281.083109656188,311.6324534722834,30.54934381609536,True
2007-02-02,281.8270560778566,312.6470769758249,30.820020897968334,True
2007-02-03,282.57160630792373,313.6614039231658,31.08979761524205,True
2007-02-04,283.31676132714426,314.6754408997465,31.358679572602227,True
2007-02-05,284.0625208755945,315.6891933253404,31.62667244974591,True
2007-02-06,284.808883404433,316.7026651156216,31.89378171118858,True
2007-02-07,285.5558460916121,317.71585851165696,32.160012420044836,True
2007-02-08,286.30340488937424,318.72877402938275,32.42536914000851,True
2007-02-09,287.05155457084436,319.74141046463285,32.68985589378849,True
2007-02-10,287.8002887484077,320.75376488527684,32.95347613686914,True
2007-02-11,288.5495998459381,321.76583254771236,33.21623270177429,True
2007-02-12,289.2994790196309,322.77760668860964,33.47812766897874,True
2007-02-13,290.0499160392017,323.7890781665552,33.739162127353495,True
2007-02-14,290.80089916424026,324.80023496848486,33.999335804244595,True
2007-02-15,291.55241507911416,325.81106165952684,34.25864658041269,True
2007-02-16,292.304448976679,326.82153893993086,34.51708996325186,True
2007-02-17,293.0569848879724,327.83164355272874,34.774658664756316,True
2007-02-18,293.81000631673066,328.8413488018403,35.03134248510963,True
2007-02-19,294.5634971413246,329.8506258252984,35.287128683973776,True
2007-02-20,295.31744262113784,330.8594455141695,35.54200289303168,True
2007-02-21,296.07183026264096,331.86778068466657,35.79595042202561,True
2007-02-22,296.82665032926775,332.8756079797714,36.04895765050367,True
2007-02-23,297.5818959114938,333.8829090949172,36.30101318342338,True
2007-02-24,298.33756262565277,334.88967120526763,36.55210857961487,True
2007-02-25,299.093648096616,335.89588673532506,36.80223863870907,True
2007-02-26,299.85015137834165,336.9015527319174,37.05140135357573,True
2007-02-27,300.6070724126936,337.90667008137495,37.29959766868137,True
2007-02-28,301.36441156714744,338.91124272368216,37.54683115653472,True
2007-03-01,302.1221692523019,339.91527692863326,37.793107676331374,True
2007-03-02,302.8803456044532,340.9187806436978,38.038435039244575,True
2007-03-03,303.63894021932197,341.92176290284476,38.282822683522795,True
2007-03-04,304.39795193055267,342.92423328832245,38.52628135776979,True
2007-03-05,305.15737863330327,343.9262014489715,38.768822815668216,True
2007-03-06,305.9172171550919,344.92767668750366,39.010459532411744,True
2007-03-07,306.6774631725311,345.9286676290584,39.25120445652732,True
2007-03-08,307.43811116561324,346.92918197356005,39.49107080794681,True
2007-03-09,308.19915439384926,347.92922631831124,39.73007192446198,True
2007-03-10,308.9605848734824,348.9288060197349,39.96822114625252,True
2007-03-11,309.7223933339111,349.9279250484138,40.20553171450268,True
2007-03-12,310.4845691353386,350.92658578252326,40.44201664718469,True
2007-03-13,311.24710013971026,351.9247886844342,40.677688544723935,True
2007-03-14,312.00997254524674,352.92253181919847,40.91255927395173,True
2007-03-15,312.77317072365247,353.9198102115058,41.14663948785335,True
2007-03-16,313.536677137608,354.91661511099534,41.379937973387314,True
2007-03-17,314.3004724539531,355.9129333460995,41.61246089214643,True
2007-03-18,315.06453597811014,356.9087470632838,41.84421108517364,True
2007-03-19,315.8288464796997,357.9040341909711,42.07518771127144,True
2007-03-20,316.5933833401622,358.89876983327423,42.30538649311205,True
2007-03-21,317.3581277790047,359.8929284652376,42.53480068623293,True
2007-03-22,318.123063821247,0.8864864231796395,42.76342260193263,True
2007-03-23,318.88817874599835,1.8794240229546624,42.991245276956306,True
2007-03-24,319.6534629679008,2.87172682417424,43.21826385627344,True
2007-03-25,320.4189095067035,3.863385946286027,43.4444764395825,True
2007-03-26,321.1845132820294,4.854397667983859,43.66988438595445,True
2007-03-27,321.9502704291943,5.844762658569923,43.89449222937566,True
2007-03-28,322.71617773825517,6.834485131730489,44.118307393475334,True
2007-03-29,323.4822322363587,7.8235720869118,44.341339850553084,True
2007-03-30,324.248430887553,8.81203269265525,44.56360180510222,True
2007-03-31,325.0147703703353,9.799877799152659,44.785107428817355,True
2007-04-01,325.781246898125,10.787119540362296,45.00587264223731,True
2007-04-02,326.5478560601796,11.773770985391206,45.22591492521161,True
2007-04-03,327.3145926730582,12.75984581136308,45.445253138304906,True
2007-04-04,328.08145064174636,13.745357985866695,45.66390734412033,True
2007-04-05,328.8484228333424,14.730321459577892,45.88189862623551,True
2007-04-06,329.6155009648542,15.714749874651707,46.099248909797495,True
2007-04-07,330.38267550163147,16.698656290619088,46.315980788987645,True
2007-04-08,331.1499355567772,17.682052918050545,46.53211736127332,True
2007-04-09,331.91726877747254,18.66495083449901,46.74768205702645,True
2007-04-10,332.6846612045503,19.64735964200397,46.96269843745364,True
2007-04-11,333.45209710000483,20.629287017078326,47.17718991707352,True
2007-04-12,334.2195587567024,21.610738111644913,47.39117935494255,True
2007-04-13,334.987026337632,22.591714799515174,47.60468846188314,True
2007-04-14,335.75447783576953,23.572214840895796,47.817737005126276,True
2007-04-15,336.5218892844318,24.55223115750962,48.030341873077816,True
2007-04-16,337.2892353476381,25.531751535981712,48.242516188343586,True
2007-04-17,338.056490338531,26.510759115003477,48.454268776472475,True
2007-04-18,338.82362954321246,27.489233853279714,48.66560431006724,True
2007-04-19,339.5906305413273,28.46715481047338,48.8765242691461,True
2007-04-20,340.3574741492383,29.444502686313488,49.087028537075184,True
2007-04-21,341.12414474501253,30.421261930118487,49.29711718510595,True
2007-04-22,341.8906299884021,31.397421959322255,49.50679197092012,True
2007-04-23,342.65692015344973,32.37297743236542,49.716057278915684,True
2007-04-24,343.423007343787,33.34792783607767,49.92492049229065,True
2007-04-25,344.188884788241,34.322276743853855,50.133391955612865,True
2007-04-26,344.9545463039607,35.29603102983722,50.34148472587651,True
2007-04-27,345.71998592905715,36.26920019694409,50.54921426788695,True
2007-04-28,346.48519768372563,37.24179586819916,50.756598184473546,True
2007-04-29,347.2501754081354,38.21383142479611,50.96365601666071,True
2007-04-30,348.01491263201314,39.18532174475518,51.17040911274205,True
2007-05-01,348.77940244411013,40.1562829900556,51.37688054594548,True
2007-05-02,349.5436373439672,41.12673239724191,51.58309505327475,True
2007-05-03,350.30760907083203,42.09668804007261,51.78907896924056,True
2007-05-04,351.07130841362124,43.066168548201055,51.994860134579824,True
2007-05-05,351.8347250103442,44.035192779103795,52.20046776875961,True
2007-05-06,352.59784714513967,45.00377944780963,52.40593230266995,True
2007-05-07,353.36066154715746,45.971946718058014,52.611285170900544,True
2007-05-08,354.12315319078965,46.9397117496219,52.81655855883224,True
2007-05-09,354.88530509544944,47.907090183584685,53.02178508813523,True
2007-05-10,355.6470981300443,48.874095538239644,53.22699740819536,True
2007-05-11,356.40851084656805,49.84073849460013,53.4322276480321,True
2007-05-12,357.1695193995989,50.80702608605733,53.63750668645838,True
2007-05-13,357.93009764675094,51.77296088164388,53.842863234892945,True
2007-05-14,358.6902175483016,52.738540359174834,54.04832281087329,True
2007-05-15,359.44984995781283,53.7037567587179,54.25390680090504,True
2007-05-16,0.20896579045746372,54.66859770348289,54.459631913025426,True
2007-05-17,0.9675373883591171,55.63304769727404,54.66551030891492,True
2007-05-18,1.725539760137751,56.59709028207515,54.8715505219374,True
2007-05-19,2.4829513675647683,57.56071034175189,55.07775897418713,True
2007-05-20,3.239754296449304,58.52389597622193,55.284141679772624,True
2007-05-21,3.9959338818646932,59.48663958880588,55.490705706941185,True
2007-05-22,4.751478016182265,60.4489381648902,55.69746014870793,True
2007-05-23,5.506376388559432,61.41079296667632,55.90441657811689,True
2007-05-24,6.260619826435726,62.372208942095774,56.111589115660045,True
2007-05-25,7.014199808698092,63.333194090066,56.31899428136791,True
2007-05-26,7.76710814534249,64.29375892317854,56.52665077783605,True
2007-05-27,8.51933678047828,65.25391607961541,56.734579299137124,True
2007-05-28,9.270877664819139,66.21368007719263,56.942802412373496,True
2007-05-29,10.021722647739676,67.17306717050991,57.15134452277023,True
2007-05-30,10.771863349205784,68.1320952581367,57.36023190893091,True
2007-05-31,11.52129098470263,69.09078378374991,57.56949279904728,True
2007-06-01,12.269996130468511,70.04915358005243,57.77915744958392,True
2007-06-02,13.017968430990592,71.00722661613898,57.98925818514839,True
2007-06-03,13.765196264033014,71.96502562638673,58.19982936235372,True
2007-06-04,14.511666387887612,72.92257361852096,58.41090723063334,True
2007-06-05,15.257363599106665,73.87989327494053,58.62252967583386,True
2007-06-06,16.002270427126618,74.83700626987154,58.83473584274492,True
2007-06-07,16.746366888635663,75.79393252462512,59.04756563598946,True
2007-06-08,17.489630325183057,76.7506894197744,59.261059094591346,True
2007-06-09,18.232035357292876,77.70729098787676,59.47525563058389,True
2007-06-10,18.973554006789865,78.6637471361089,59.69019312931903,True
2007-06-11,19.71415605615208,79.62006299994978,59.9059069437977,True
2007-06-12,20.453809709170674,80.57623859292153,60.12242888375086,True
2007-06-13,21.192482568008995,81.53226895307876,60.33978638506976,True
2007-06-14,21.930142842047108,82.48814493939422,60.558002097347114,True
2007-06-15,22.66676058718426,83.44385467223506,60.777094085050805,True
2007-06-16,23.402308710316415,84.39938538969805,60.997076679381635,True
2007-06-17,24.136763521136128,85.35472532641653,61.217961805280396,True
2007-06-18,24.870104761367397,86.30986522144059,61.43976046007319,True
2007-06-19,25.602315207823835,87.26479922648751,61.662484018663676,True
2007-06-20,26.333380043216305,88.21952520843621,61.8861451652199,True
2007-06-21,27.063286189695148,89.17404460264312,62.11075841294797,True
2007-06-22,27.792021737332952,90.1283620289028,62.33634029156985,True
2007-06-23,28.519575522947765,91.08248485331482,62.56290933036706,True
2007-06-24,29.245936855650047,92.03642281547093,62.790485959820884,True
2007-06-25,29.971095351996805,92.99018777727188,63.019092425275076,True
2007-06-26,30.69504082979602,93.94379360167034,63.248752771874315,True
2007-06-27,31.41776320711501,94.89725613649469,63.47949292937968,True
2007-06-28,32.139252356696545,95.85059325520625,63.711340898509704,True
2007-06-29,32.85949787461264,96.8038248894117,63.94432701479906,True
2007-06-30,33.57848873703563,97.75697297777178,64.17848424073615,True
2007-07-01,34.29621284193698,98.7100612570734,64.41384841513643,True
2007-07-02,35.01265646188988,99.66311483908244,64.65045837719256,True
2007-07-03,35.72780366380369,100.61615955283479,64.88835588903109,True
2007-07-04,36.44163577175048,101.56922107950044,65.12758530774997,True
2007-07-05,37.154130951897294,102.5223239513263,65.368192999429,True
2007-07-06,37.865263983101286,103.47549051224165,65.61022652914036,True
2007-07-07,38.575006251241064,104.42873993963053,65.85373368838947,True
2007-07-08,39.28332598210705,105.38208741265679,66.09876143054973,True
2007-07-09,39.990188713795725,106.33554349869631,66.3453547849006,True
2007-07-10,40.69555800097593,107.28911382731815,66.59355582634223,True
2007-07-11,41.39939632698435,108.24279912615062,66.84340279916626,True
2007-07-12,42.10166616384794,109.19659568335967,67.09492951951174,True
2007-07-13,42.80233106828749,110.15049625290152,67.34816518461403,True
2007-07-14,43.50135665758654,111.1044913268255,67.60313466923895,True
2007-07-15,44.19871130659466,112.05857059483166,67.859859288237,True
2007-07-16,44.894366463564516,113.0127243495718,68.11835788600729,True
2007-07-17,45.58829658005263,113.96694461654597,68.37864803649335,True
2007-07-18,46.280478744110134,114.92122588253538,68.64074713842524,True
2007-07-19,46.970892156522446,115.87556541763277,68.90467326111033,True
2007-07-20,47.659517586355406,116.82996328011815,69.17044569376274,True
2007-07-21,48.346336901779175,117.78442213532242,69.43808523354323,True
2007-07-22,49.03133272106394,118.73894701513423,69.70761429407028,True
2007-07-23,49.71448818503482,119.69354511466999,69.97905692963516,True
2007-07-24,50.395786822159394,120.64822568548811,70.25243886332872,True
2007-07-25,51.075212458701635,121.60300004987661,70.52778759117498,True
2007-07-26,51.752749114808616,122.55788172898879,70.80513261418017,True
2007-07-27,52.42838082103158,123.51288664576333,71.08450582473175,True
2007-07-28,53.10209129108512,124.46803332939501,71.3659420383099,True
2007-07-29,53.773863402237964,125.42334301508377,71.64947961284581,True
2007-07-30,54.443678472093914,126.37883951302666,71.93516104093274,True
2007-07-31,55.111515380839585,127.33454873309302,72.22303335225342,True
2007-08-01,55.77734965802086,128.29049781158992,72.51314815356906,True
2007-08-02,56.441152703512984,129.2467138888475,72.80556118533451,True
2007-08-03,57.10289131217586,130.20322269603827,73.1003313838624,True
2007-08-04,57.76252761068838,131.16004717567915,73.39751956499077,True
2007-08-05,58.42001941791148,132.11720634973395,73.69718693182247,True
2007-08-06,59.07532095217908,133.07471457301855,73.99939362083947,True
2007-08-07,59.72838376428944,134.0325812133214,74.30419744903196,True
2007-08-08,60.37915777604346,134.99081072834548,74.61165295230202,True
2007-08-09,61.02759232813118,135.94940307935255,74.92181075122137,True
2007-08-10,61.673637162467834,136.9083544183827,75.23471725591486,True
2007-08-11,62.317243272189074,137.86765798546836,75.55041471327928,True
2007-08-12,62.9583635546509,138.82730513934098,75.86894158469008,True
2007-08-13,63.596953214097304,139.78728642347096,76.19033320937365,True
2007-08-14,64.23296989062513,140.7475925559595,76.51462266533437,True
2007-08-15,64.86637353619788,141.70821524299984,76.84184170680196,True
2007-08-16,65.49712610099105,142.66914775401423,77.17202165302318,True
2007-08-17,66.12519111804758,143.63038524954692,77.50519413149934,True
2007-08-18,66.75053327421939,144.5919249018099,77.84139162759051,True
2007-08-19,67.373118035046,145.55376587889728,78.18064784385128,True
2007-08-20,67.99291136076452,146.51590927395674,78.52299791319221,True
2007-08-21,68.60987951914605,147.47835805474196,78.86847853559591,True
2007-08-22,69.22398897265279,148.44111709368735,79.21712812103456,True
2007-08-23,69.83520629249765,149.40419331785498,79.56898702535733,True
2007-08-24,70.44349802918741,150.36759599102015,79.92409796183274,True
2007-08-25,71.04883044925417,151.33133710232073,80.28250665306656,True
2007-08-26,71.65116903889587,152.2954317832187,80.64426274432283,True
2007-08-27,72.25047769328242,153.25989861089516,81.00942091761274,True
2007-08-28,72.84671757499625,154.22475960284194,81.3780420278457,True
2007-08-29,73.43984574301032,155.190039705539,81.75019396252867,True
2007-08-30,74.02981379451698,156.15576567239034,82.12595187787336,True
2007-08-31,74.61656685160433,157.1219644138795,82.50539756227518,True
2007-09-01,75.20004318458578,158.08866111196372,82.88861792737794,True
2007-09-02,75.78017458306604,159.05587750053425,83.27570291746821,True
2007-09-03,76.35688735377825,160.023630651197,83.66674329741876,True
2007-09-04,76.93010366756766,160.99193241079274,84.06182874322508,True
2007-09-05,77.4997429605127,161.9607894337097,84.46104647319699,True
2007-09-06,78.06572318301652,162.930203635197,84.86448045218047,True
2007-09-07,78.62796180663491,163.90017287897396,85.27221107233905,True
2007-09-08,79.18637658169219,164.87069176155998,85.6843151798678,True
2007-09-09,79.74088607327901,165.84175241545879,86.10086634217977,True
2007-09-10,80.29141000353609,166.8133452932192,86.5219352896831,True
2007-09-11,80.83786941722335,167.78545990880002,86.94759049157668,True
2007-09-12,81.38018668247237,168.7580855111166,87.37789882864423,True
2007-09-13,81.91828534518497,169.73121166084553,87.81292631566056,True
2007-09-14,82.45208987000902,170.7048286854666,88.25273881545758,True
2007-09-15,82.98152531470537,171.6789280018076,88.69740268710224,True
2007-09-16,83.50651699044182,172.65350231632854,89.14698532588672,True
2007-09-17,84.0269901548415,173.6285457346349,89.60155557979341,True
2007-09-18,84.54286976853281,174.60405382801062,90.06118405947781,True
2007-09-19,85.05408032246945,175.58002371374582,90.52594339127637,True
2007-09-20,85.56054571469679,176.55645420734248,90.9959084926457,True
2007-09-21,86.06218912217037,177.5333460974495,91.47115697527914,True
2007-09-22,86.55893277633048,178.51070257469738,91.9517697983669,True
2007-09-23,87.0506975156018,179.48852980552405,92.43783228992226,True
2007-09-24,87.53740197012438,180.46683757290964,92.92943560278526,True
2007-09-25,88.0189612655224,181.4456398089874,93.426678543465,True
2007-09-26,88.49528525124938,182.42495474938693,93.92966949813754,True
2007-09-27,88.96627647361495,183.40480441519102,94.43852794157607,True
2007-09-28,89.43182835177744,184.3852132570709,94.95338490529345,True
2007-09-29,89.89182411729092,185.36620608855034,95.47438197125942,True
2007-09-30,90.34613690470262,186.3478057590924,96.00166885438979,True
2007-10-01,90.79463097482443,187.3300311571449,96.53540018232047,True
2007-10-02,91.2371636551394,188.3128959805812,97.0757323254418,True
2007-10-03,91.67358742990203,189.29640837981225,97.62282094991022,True
2007-10-04,92.10375173666266,190.2805712873193,98.17681955065665,True
2007-10-05,92.5275042750863,191.2653831291536,98.7378788540673,True
2007-10-06,92.94469184413298,192.250838652536,99.30614680840303,True
2007-10-07,93.35516082623491,193.23692970996981,99.8817688837349,True
2007-10-08,93.75875744804054,194.22364593969334,100.4648884916528,True
2007-10-09,94.15532791181559,195.21097534376284,101.05564743194725,True
2007-10-10,94.54471844723554,196.19890478881214,101.6541863415766,True
2007-10-11,94.92677530042846,197.18742045326684,102.26064515283838,True
2007-10-12,95.3013446622821,198.17650823242244,102.87516357014033,True
2007-10-13,95.66827253914902,199.166154100261,103.49788156111198,True
2007-10-14,96.02740457936552,200.1563444209856,104.12893984162007,True
2007-10-15,96.37858588006361,201.1470662064605,104.76848032639688,True
2007-10-16,96.72166080330905,202.13830732686338,105.41664652355433,True
2007-10-17,97.05647282405982,203.13005669743882,106.073583873379,True
2007-10-18,97.38286441305276,204.12230448019406,106.7394400671413,True
2007-10-19,97.70067692554667,205.11504235170423,107.41436542615756,True
2007-10-20,98.00975042315828,206.1082638922228,108.09851346906451,True
2007-10-21,98.30992330521161,207.10196513960489,108.79204183439327,True
2007-10-22,98.60103158148974,208.09614531240874,109.495113730919,True
2007-10-23,98.88290761118486,209.0908076267087,110.20790001552385,True
2007-10-24,99.15537821502939,210.0859600093316,110.9305817943022,True
2007-10-25,99.41826228865418,211.0816153827186,111.66335309406443,True
2007-10-26,99.67136838633604,212.07779115635145,112.40642277001541,True
2007-10-27,99.91449304344695,213.07450771964224,113.16001467619529,True
2007-10-28,100.1474205956743,214.07178610539538,113.92436550972107,True
2007-10-29,100.36992479311809,215.06964539445005,114.69972060133196,True
2007-10-30,100.58177181598047,216.06810057266927,115.48632875668879,True
2007-10-31,100.78272383008729,217.06716131704584,116.28443748695855,True
2007-11-01,100.97254224264148,218.06683176321178,117.0942895205703,True
2007-11-02,101.15099019891821,219.0671109789686,117.91612078005039,True
2007-11-03,101.31783427872145,220.06799377147857,118.75015949275712,True
2007-11-04,101.47284559927753,221.06947153431045,119.59662593503292,True
2007-11-05,101.61580059070624,222.0715329762178,120.45573238551157,True
2007-11-06,101.74648165878705,223.07416468656268,121.32768302777563,True
2007-11-07,101.86467786428057,224.07735155858097,122.2126736943004,True
2007-11-08,101.9701856713071,225.08107711806565,123.11089144675854,True
2007-11-09,102.06280976420867,226.08532380605018,124.02251404184152,True
2007-11-10,102.14236390428513,227.09007325191467,124.94770934762954,True
2007-11-11,102.20867179108313,228.09530655652844,125.88663476544531,True
2007-11-12,102.2615679014173,229.10100458972408,126.83943668830679,True
2007-11-13,102.30089829483173,230.107148297131,127.80625000229928,True
2007-11-14,102.3265213871696,231.1137190109272,128.7871976237576,True
2007-11-15,102.33830869528904,232.12069876765756,129.78239007236851,True
2007-11-16,102.33614553973736,233.1280706514653,130.79192511172795,True
2007-11-17,102.31993165711674,234.1358191978774,131.81588754076066,True
2007-11-18,102.28958162561588,235.14393090416885,132.85434927855297,True
2007-11-19,102.24502496087867,236.15239488663406,133.9073699257554,True
2007-11-20,102.18620572528195,237.1612036885891,134.97499796330715,True
2007-11-21,102.11308156026041,238.17035416174176,136.05727260148134,True
2007-11-22,102.02562225207956,239.17984821861248,137.15422596653292,True
2007-11-23,101.92380828447914,240.18969312669446,138.2658848422153,True
2007-11-24,101.80763019728084,241.1999009841259,139.39227078684505,True
2007-11-25,101.67708968472868,242.21048719182315,140.53339750709446,True
2007-11-26,101.53220297063636,243.2214681174399,141.68926514680356,True
2007-11-27,101.3730061604222,244.23285853220386,142.85985237178167,True
2007-11-28,101.19956148816198,245.24466951406808,144.0451080259061,True
2007-11-29,101.01196316910088,246.25690726207986,145.24494409297898,True
2007-11-30,100.81034198688064,247.26957285366723,146.45923086678658,True
2007-12-01,100.59486839565038,248.28266267041957,147.6877942747692,True
2007-12-02,100.36575439205775,249.29616913324148,148.9304147411837,True
2007-12-03,100.12325457721288,250.31008146482085,150.186826887608,True
2007-12-04,99.86766677226926,251.32438632516295,151.45671955289367,True
2007-12-05,99.59933241031685,252.33906827279364,152.73973586247678,True
2007-12-06,99.31863679014671,253.354110069675,154.03547327952828,True
2007-12-07,99.02600917647337,254.36949287874322,155.34348370226985,True
2007-12-08,98.72192266872634,255.38519641186986,156.66327374314352,True
2007-12-09,98.40689373061828,256.4011990821853,157.99430535156705,True
2007-12-10,98.0814812702361,257.41747820305955,159.33599693282343,True
2007-12-11,97.746285181234,258.43401025964704,160.68772507841305,True
2007-12-12,97.40194429336954,259.45077126116803,162.0488269677985,True
2007-12-13,97.04913372414548,260.4677371676216,163.41860344347612,True
2007-12-14,96.68856165890804,261.48488437806776,164.79632271915972,True
2007-12-15,96.3209656034716,262.5021902713167,166.18122466784507,True
2007-12-16,95.94710815007245,263.51963380148527,167.57252565141283,True
2007-12-17,95.56777228742091,264.53719616248793,168.96942387506704,True
2007-12-18,95.18375629600523,265.55486153429337,170.37110523828812,True
2007-12-19,94.79586833509882,266.5726178948755,171.7767495597767,True
2007-12-20,94.40492097354597,267.5904578149147,173.18553684136873,True
2007-12-21,94.01172612797158,268.6083790548524,174.59665292688078,True
2007-12-22,93.61709105739638,269.6263846976723,176.0092936402759,True
2007-12-23,93.22181604907236,270.64448255353943,177.4226665044671,True
2007-12-24,92.82669405985774,271.6626837340506,178.83598967419283,True
2007-12-25,92.43251189958923,272.6810005913578,179.75151130823141,True
2007-12-26,92.040051904359,273.699444494816,178.340607409543,True
2007-12-27,91.65009287477459,274.71802398591785,176.93206888885675,True
2007-12-28,91.2634094656438,275.73674366271644,175.52666580292737,True
2007-12-29,90.88076990713913,276.75560383659877,174.12516607054036,True
2007-12-30,90.5029324907417,277.77460076523033,172.72833172551137,True
2007-12-31,90.13064146070685,278.7937271824865,171.33691427822032,True
2008-01-01,89.76462287334651,279.812972887484,169.9516499858625,True
2008-01-02,89.40558078582932,280.8323252454926,168.57325554033673,True
2008-01-03,89.05419393896278,281.85176953871195,167.20242440025083,True
2008-01-04,88.71111295516477,282.8712891646191,165.83982379054567,True
2008-01-05,88.37695798541881,283.8908657155534,164.48609226986542,True
2008-01-06,88.05231669349209,284.9104789935928,163.1418376998993,True
2008-01-07,87.73774245088676,285.9301070256437,161.80763542524306,True
2008-01-08,87.43375262807852,286.94972614645667,160.48402648162187,True
2008-01-09,87.14082690652208,287.9693112100143,159.17151569650775,True
2008-01-10,86.85940559824584,288.9888359702338,157.87056962801202,True
2008-01-11,86.58988803286775,290.00827364170044,156.5816143911673,True
2008-01-12,86.33263113381553,291.02759761747564,155.3050335163399,True
2008-01-13,86.0879483348937,292.0467822949211,154.04116603997258,True
2008-01-14,85.85610897733476,293.06580395044443,152.79030502689034,True
2008-01-15,85.6373382897401,294.08464160951513,151.55269668022498,True
2008-01-16,85.43181801744137,295.1032778678688,150.32854014957255,True
2008-01-17,85.23968775843349,296.12169961703336,149.11798814140013,True
2008-01-18,85.06104708022237,297.13989860147575,147.9211484787466,True
2008-01-19,84.89595850122866,298.15787169233624,146.73808680889243,True
2008-01-20,84.7444513642619,299.1756207333773,145.56883063088463,True
2008-01-21,84.6065264659049,300.19315184191686,144.41337462398803,True
2008-01-22,84.4821610614267,301.2104741587124,143.27168690271432,True
2008-01-23,84.37131365830247,302.2275982104864,142.14371544781608,True
2008-01-24,84.2739279910096,303.2445341928807,141.02939379812892,True
2008-01-25,84.18993579155764,304.26129051056756,139.92864528099008,True
2008-01-26,84.11925833156877,305.27787280422547,138.8413855273433,True
2008-01-27,84.06180702561716,306.29428351680866,137.7675235088085,True
2008-01-28,84.01748352321331,307.31052189867836,136.70696162453496,True
2008-01-29,83.9861796766152,308.3265842775335,135.65959539908167,True
2008-01-30,83.96777763545774,309.34246442142575,134.625313214032,True
2008-01-31,83.96215017263357,310.3581538673547,133.60399630527888,True
2008-02-01,83.96916123491187,311.3736421414819,132.59551909342994,True
2008-02-02,83.98866664429352,312.38891684317485,131.59974980111866,True
2008-02-03,84.02051484151323,313.40396360123515,130.61655124027808,True
2008-02-04,84.06454754969863,314.41876594087034,129.6457816088283,True
2008-02-05,84.12060023943447,315.4333051282094,128.68729511122507,True
2008-02-06,84.18850230033587,316.4475600847107,127.74094221562518,True
2008-02-07,84.26807687666395,317.46150747884803,126.8065693978159,True
2008-02-08,84.35914040799233,318.47512209374236,125.88401831424997,True
2008-02-09,84.46150201625679,319.4883775257917,124.9731244904651,True
2008-02-10,84.5749629630088,320.5012471933768,124.073715769632,True
2008-02-11,84.69931642361716,321.5137055497288,123.18561087388838,True
2008-02-12,84.83434776780739,322.52572933588476,122.30861843192264,True
2008-02-13,84.97983541945983,323.53729870409734,121.44253671536251,True
2008-02-14,85.13555224643918,324.54839808538117,120.58715416105801,True
2008-02-15,85.30126735276848,325.55901673679307,119.74225061597542,True
2008-02-16,85.4767481242151,326.5691489509947,118.9075991732204,True
2008-02-17,85.66176239047087,327.57879392908194,118.08296846138893,True
2008-02-18,85.85608057658571,328.58795531965643,117.2681252569293,True
2008-02-19,86.05947770433316,329.59664043775234,116.46283726658083,True
2008-02-20,86.27173508272247,330.6048592139056,115.66687586881685,True
2008-02-21,86.49264152903469,331.6126229806835,114.88001854835119,True
2008-02-22,86.72199401492787,332.6199432530177,114.10205076191016,True
2008-02-23,86.95959773248131,333.62683066755585,113.33276706492546,True
2008-02-24,87.20526568533332,334.6332942030667,112.57197148226658,True
2008-02-25,87.45881798451106,335.6393407262836,111.81947725822747,True
2008-02-26,87.72008104284053,336.64497482899714,111.07510621384341,True
2008-02-27,87.98888682353552,337.6501988698027,110.33868795373283,True
2008-02-28,88.26507223435132,338.65501311581704,109.61005911853428,True
2008-02-29,88.5484786944877,339.6594158882515,108.88906280623621,True
2008-03-01,88.8389518511252,340.66340363812765,108.17554821299757,True
2008-03-02,89.1363413879487,341.6669709053565,107.46937048259221,True
2008-03-03,89.44050084521382,342.6701101432765,106.77039070193734,True
2008-03-04,89.75128735660181,343.6728114244497,106.07847593215209,True
2008-03-05,90.06856120478577,344.6750620865525,105.39349911823328,True
2008-03-06,90.39218511560203,345.6768464295386,104.71533868606343,True
2008-03-07,90.72202326484133,346.6781456248334,104.0438776400079,True
2008-03-08,91.0579400696339,347.6789380156346,103.37900205399927,True
2008-03-09,91.39979895981828,348.6791999381707,102.72059902164756,True
2008-03-10,91.74746141880838,349.67890706115054,102.06855435765783,True
2008-03-11,92.10078657874314,350.67803606194343,101.42275051679974,True
2008-03-12,92.45963152217736,351.6765663217145,100.78306520046283,True
2008-03-13,92.82385223554942,352.6744813095545,100.14937092599496,True
2008-03-14,93.19330498584253,353.6717694434997,99.5215355423428,True
2008-03-15,93.56784783146075,354.66842438836704,98.89942344309372,True
2008-03-16,93.94734203028916,355.6644448837691,98.2828971465201,True
2008-03-17,94.3316532106712,356.65983424668013,97.67181896399109,True
2008-03-18,94.72065226092259,357.6545996769017,97.0660525840209,True
2008-03-19,95.11421594131257,358.64875145269104,96.46546448862154,True
2008-03-20,95.51222723510577,359.64230207192645,95.86992516317935,True
2008-03-21,95.91457545364082,0.6352653839185121,95.27931006972231,True
2008-03-22,96.32115611315587,1.6276557618229504,94.69350035133291,True
2008-03-23,96.73187061501017,2.6194873708201074,94.11238324419006,True
2008-03-24,97.14662578106507,3.6107735805698797,93.53585220049519,True
2008-03-25,97.5653333116772,4.601526548872946,92.96380676280425,True
2008-03-26,97.98790923655653,5.591756972958622,92.39615226359791,True
2008-03-27,98.41427341685691,6.5814739752138305,91.83279944164309,True
2008-03-28,98.84434913452147,7.570685069154799,91.27366406536666,True
2008-03-29,99.27806277845094,8.559396141716071,90.71866663673487,True
2008-03-30,99.71534361123337,9.54761138827504,90.16773222295832,True
2008-03-31,100.15612357668583,10.535333145380482,89.62079043130535,True
2008-04-01,100.60033708724004,11.522561583606333,89.0777755036337,True
2008-04-02,101.04792071241529,12.509294254160919,88.53862645825437,True
2008-04-03,101.49881268162545,13.495525535405609,88.00328714621985,True
2008-04-04,101.95295213078066,14.481246102826413,87.47170602795424,True
2008-04-05,102.41027808228068,15.4664426344931,86.94383544778758,True
2008-04-06,102.87072826187892,16.451098018654015,86.4196302432249,True
2008-04-07,103.3342379965525,17.435192280837065,85.89904571571543,True
2008-04-08,103.80073952633634,18.418704249532652,85.38203527680369,True
2008-04-09,104.270162007805,19.401613686671485,84.86854832113352,True
2008-04-10,104.74243227120726,20.383903386375266,84.358528884832,True
2008-04-11,105.21747612705708,21.365560749511776,83.85191537754531,True
2008-04-12,105.69521986110077,22.34657857160046,83.3486412895003,True
2008-04-13,106.17559158110846,23.326955077781918,82.84863650332655,True
2008-04-14,106.65852222534645,24.3066934325518,82.35182879279465,True
2008-04-15,107.14394619958843,25.285800990084674,81.85814520950376,True
2008-04-16,107.63180170612128,26.26428848439593,81.36751322172535,True
2008-04-17,108.12203085623034,27.242169264466472,80.87986159176387,True
2008-04-18,108.61457964317177,28.219458607037314,80.39512103613446,True
2008-04-19,109.1093978246564,29.1961731030923,79.91322472156409,True
2008-04-20,109.60643874059195,30.172330106224816,79.43410863436713,True
2008-04-21,110.10565908001364,31.147947238458954,78.95771184155468,True
2008-04-22,110.60701860978092,32.123041959006905,78.48397665077403,True
2008-04-23,111.11047988190622,33.097631205585856,78.01284867632036,True
2008-04-24,111.61600794070038,34.07173111320746,77.54427682749292,True
2008-04-25,112.12357005114957,35.04535680315205,77.07821324799752,True
2008-04-26,112.63313546434505,36.018522219012894,76.61461324533215,True
2008-04-27,113.14467522467203,36.991239971412966,76.15343525325906,True
2008-04-28,113.658162008059,37.96352114162535,75.69464086643364,True
2008-04-29,114.17356996213908,38.93537498993225,75.23819497220683,True
2008-04-30,114.69087449916108,39.90680852178638,74.7840659773747,True
2008-05-01,115.21005197451368,40.87782589196565,74.33222608254803,True
2008-05-02,115.7310791768311,41.84842768533076,73.88265149150034,True
2008-05-03,116.25393257682292,42.81861020947418,73.43532236734873,True
2008-05-04,116.77858735183852,43.78836505356261,72.99022229827591,True
2008-05-05,117.30501632685277,44.75767924799522,72.54733707885754,True
2008-05-06,117.83318910875488,45.72653630086564,72.10665280788925,True
2008-05-07,118.36307174335033,46.69491812427229,71.66815361907804,True
2008-05-08,118.89462710381162,47.66280747911187,71.23181962469974,True
2008-05-09,119.42781595028728,48.63019030016039,70.79762565012689,True
2008-05-10,119.96259834464308,49.597057317855366,70.36554102678772,True
2008-05-11,120.49893502518886,50.5634047283086,69.93553029688026,True
2008-05-12,121.03678846030144,51.52923403491997,69.50755442538147,True
2008-05-13,121.57612349066028,52.494551385726076,69.0815721049342,True
2008-05-14,122.11690761683809,53.459366730622115,68.65754088621597,True
2008-05-15,122.65911104920022,54.42369301364855,68.23541803555167,True
2008-05-16,123.20270663118112,55.38754549482154,67.81516113635958,True
2008-05-17,123.74766971253207,56.35094121170378,67.39672850082829,True
2008-05-18,124.29397801267727,57.31389854948717,66.9800794631901,True
2008-05-19,124.84161148752474,58.27643687833344,66.5651746091913,True
2008-05-20,125.39055219821502,59.23857622431988,66.15197597389513,True
2008-05-21,125.94078417545165,60.200336954725465,65.7404472207262,True
2008-05-22,126.49229327493012,61.16173947200226,65.33055380292785,True
2008-05-23,127.04506702425695,62.122803918726824,64.92226310553013,True
2008-05-24,127.59909446608131,63.08354989573574,64.51554457034557,True
2008-05-25,128.15436600309613,64.0439961876539,64.11036981544223,True
2008-05-26,128.71087324637023,65.00416047648004,63.70671276989019,True
2008-05-27,129.26860885868462,65.96405900889404,63.304549849790575,True
2008-05-28,129.827566369917,66.92370617221529,62.90386019770172,True
2008-05-29,130.38773992452266,67.88311393556296,62.5046259889597,True
2008-05-30,130.94912390736502,68.84229113829969,62.106832769065335,True
2008-05-31,131.51171239454115,69.8012426707635,61.71046972377765,True
2008-06-01,132.0754984072219,70.75996869861181,61.31552970861007,True
2008-06-02,132.64047302393718,71.71846420902209,60.92200881491509,True
2008-06-03,133.20662452241464,72.6767192306248,60.529905291789845,True
2008-06-04,133.77393782113148,73.63471999004014,60.139217831091344,True
2008-06-05,134.34239448177684,74.59245096370856,59.74994351806828,True
2008-06-06,134.91197336513983,75.54989738406593,59.3620759810739,True
2008-06-07,135.48265177700384,76.50704752807778,58.97560424892606,True
2008-06-08,136.05440676276365,77.4638942328545,58.59051252990915,True
2008-06-09,136.62721621795873,78.42043545401643,58.206780763942305,True
2008-06-10,137.20105963453918,79.3766740426011,57.82438559193808,True
2008-06-11,137.77591847461983,80.33261708197489,57.44330139264494,True
2008-06-12,138.35177626686797,81.28827509953759,57.06350116733039,True
2008-06-13,138.92861854492276,82.24366135118319,56.684957193739564,True
2008-06-14,139.50643272436326,83.19879125941449,56.30764146494877,True
2008-06-15,140.08520797786096,84.1536820068713,55.931525970989654,True
2008-06-16,140.6649351354822,85.1083522470129,55.55658288846931,True
2008-06-17,141.24560661426958,86.06282188097349,55.18278473329609,True
2008-06-18,141.82721636785004,87.01711185274752,54.81010451510252,True
2008-06-19,142.40975984097946,87.9712439262267,54.438515914752756,True
2008-06-20,142.99323391375802,88.92524042226239,54.06799349149563,True
2008-06-21,143.5776368239037,89.87912390788875,53.69851291601495,True
2008-06-22,144.16296806074362,90.83291683939387,53.33005122134975,True
2008-06-23,144.74922822884122,91.78664116317395,52.962587065667265,True
2008-06-24,145.33641887986727,92.74031787248404,52.596101007383226,True
2008-06-25,145.9245423068528,93.69396650685398,52.23057579999882,True
2008-06-26,146.51360128565813,94.64760457055723,51.86599671510089,True
2008-06-27,147.1035987375445,95.60124684752455,51.50235189001995,True
2008-06-28,147.69453728105765,96.5549046158006,51.139632665257054,True
2008-06-29,148.2864186520396,97.50858482690445,50.77783382513515,True
2008-06-30,148.8792430096054,98.46228941340232,50.416953596203086,True
2008-07-01,149.47300821692065,99.4160149894837,50.05699322743695,True
2008-07-02,150.06770926730238,100.36975324044178,49.697956026860595,True
2008-07-03,150.6633380649462,101.32349217266875,49.33984589227745,True
2008-07-04,151.2598837070438,102.27721810576772,48.98266560127608,True
2008-07-05,151.85733324850065,103.23091796743724,48.626415281063416,True
2008-07-06,152.45567274896098,104.18458131310182,48.27109143585916,True
2008-07-07,153.054888319487,105.13820163779533,47.91668668169166,True
2008-07-08,153.65496694282132,106.09177686619552,47.5631900766258,True
2008-07-09,154.25589697560142,107.04530918854734,47.21058778705408,True
2008-07-10,154.85766836262493,107.99880453110131,46.85886383152362,True
2008-07-11,155.4602726547031,108.95227192345547,46.50800073124762,True
2008-07-12,156.06370292748687,109.9057229315395,46.15797999594737,True
2008-07-13,156.66795367544705,110.85917123053895,45.808782444908104,True
2008-07-14,157.27302072546325,111.81263232498682,45.46038840047643,True
2008-07-15,157.87890118909098,112.76612338468489,45.11277780440609,True
2008-07-16,158.4855934539807,113.71966314664836,44.76593030733234,True
2008-07-17,159.09309720215293,114.67327182722205,44.41982537493088,True
2008-07-18,159.70141343469388,115.6269709909187,44.07444244377518,True
2008-07-19,160.31054447861442,116.58078333213513,43.72976114647929,True
2008-07-20,160.92049395237063,117.53473234181635,43.38576161055428,True
2008-07-21,161.5312666717018,118.48884185072127,43.042424820980514,True
2008-07-22,162.14286848546638,119.44313545928136,42.699733026185015,True
2008-07-23,162.75530603909402,120.39763587569271,42.35767016340131,True
2008-07-24,163.36858646795747,121.35236418630177,42.0162222816557,True
2008-07-25,163.98271702307903,122.30733907898151,41.67537794409752,True
2008-07-26,164.5977046294313,123.2625760409981,41.33512858843319,True
2008-07-27,165.21355537896568,124.21808657087084,40.99546880809484,True
2008-07-28,165.83027397468445,125.17387748739915,40.65639648728529,True
2008-07-29,166.44786317371552,126.12995048121661,40.31791269249891,True
2008-07-30,167.0663233206935,127.08630210255936,39.98002121813414,True
2008-07-31,167.68565209521074,128.04292436031068,39.64272773490006,True
2008-08-01,168.30584458553614,128.99980598087498,39.306038604661154,True
2008-08-02,168.92689372632415,129.9569341638101,38.96995956251405,True
2008-08-03,169.54879102376515,130.9142964785086,38.63449454525656,True
2008-08-04,170.17152739868092,131.8718824940899,38.29964490459102,True
2008-08-05,170.79509395993733,132.82968485840738,37.96540910152996,True
2008-08-06,171.41948257914316,133.78769975910976,37.63178282003341,True
2008-08-07,172.0446862281616,134.7459268860025,37.29875934215909,True
2008-08-08,172.67069911438088,135.7043690990564,36.96633001532447,True
2008-08-09,173.29751668332912,136.66303199731473,36.63448468601439,True
2008-08-10,173.9251355596378,137.6219235263709,36.3032120332669,True
2008-08-11,174.5535534814713,138.58105369719758,35.97249978427374,True
2008-08-12,175.18276926329995,139.54043443685205,35.64233482644789,True
2008-08-13,175.8127828034026,140.5000795547779,35.3127032486247,True
2008-08-14,176.4435951367762,141.46000478260268,34.983590354173515,True
2008-08-15,177.07520852021898,142.42022782614828,34.6549806940707,True
2008-08-16,177.70762652370507,143.3807683552815,34.32685816842357,True
2008-08-17,178.3408540920537,144.34164785405085,33.99920623800284,True
2008-08-18,178.9748975364999,145.30288926623913,33.67200827026076,True
2008-08-19,179.60976442071188,146.26451640341128,33.345248017300605,True
2008-08-20,180.24546332135685,147.2265531294137,33.01891019194315,True
2008-08-21,180.88200346611293,148.1890223836488,32.692981082464144,True
2008-08-22,181.51939427445888,149.15194513836434,32.367449136094535,True
2008-08-23,182.15764484091318,150.11533939279093,32.04230544812225,True
2008-08-24,182.7967634039264,151.07921929381104,31.71754411011537,True
2008-08-25,183.43675684060887,152.04359445510593,31.393162385502933,True
2008-08-26,184.0776302257563,153.00846953975753,31.06916068599878,True
2008-08-27,184.7193864980867,153.97384417634228,30.74554232174441,True
2008-08-28,185.3620262836549,154.93971327819864,30.42231300545626,True
2008-08-29,186.00554792427252,155.9060678032336,30.09948012103891,True
2008-08-30,186.64994773496818,156.87289591340257,29.777051821565607,True
2008-08-31,187.29522046792204,157.84018438795135,29.455036079970682,True
2008-09-01,187.94135990755512,158.80792006299978,29.13343984455534,True
2008-09-02,188.58835948898604,159.7760910615623,28.81226842742373,True
2008-09-03,189.23621283718506,160.74468765231128,28.49152518487378,True
2008-09-04,189.8849141622245,161.7137026939643,28.171211468260196,True
2008-09-05,190.53445849582016,162.68313172912428,27.851326766695877,True
2008-09-06,191.18484179446983,163.65297285064108,27.531868943828755,True
2008-09-07,191.83606095509435,164.62322647216936,27.21283448292499,True
2008-09-08,192.48811379209184,165.59389511062813,26.894218681463713,True
2008-09-09,193.14099901725365,166.56498325223913,26.576015765014517,True
2008-09-10,193.79471625240822,167.5364973380655,26.258218914342734,True
2008-09-11,194.44926609195642,168.50844587244424,25.940820219512176,True
2008-09-12,195.10465021861242,169.48083962572503,25.623810592887395,True
2008-09-13,195.76087155920288,170.45369186804692,25.307179691155966,True
2008-09-14,196.41793444771105,171.42701853474964,24.990915912961412,True
2008-09-15,197.07584474262794,172.40083819631272,24.675006546315217,True
2008-09-16,197.7346098328143,173.3751717051958,24.35943812761849,True
2008-09-17,198.39423847144576,174.35004143813313,24.044197033312628,True
2008-09-18,199.0547404086742,175.32547014858523,23.72927026008898,True
2008-09-19,199.7161258452952,176.30147956236615,23.414646282929056,True
2008-09-20,200.37840478179044,177.27808893723525,23.100315844555183,True
2008-09-21,201.04158636492744,178.25531381961147,22.786272545315967,True
2008-09-22,201.70567832599812,179.23316516599286,22.472513160005263,True
2008-09-23,202.3706865703329,180.21164889491837,22.159037675414538,True
2008-09-24,203.0366149387442,181.19076585005388,21.84584908869033,True
2008-09-25,203.70346513530353,182.17051211362246,21.532953021681067,True
2008-09-26,204.37123680574066,183.1508796044786,21.22035720126206,True
2008-09-27,205.03992774890156,184.13185690067894,20.90807084822262,True
2008-09-28,205.70953424002687,185.11343022091853,20.59610401910834,True
2008-09-29,206.38005143463494,186.0955844794167,20.28446695521825,True
2008-09-30,207.0514738091061,187.07830430885792,19.97316950024819,True
2008-10-01,207.72379558691574,188.0615749449997,19.662220641916036,True
2008-10-02,208.39701110427956,189.04538289393997,19.351628210339584,True
2008-10-03,209.07111508570998,190.02971635177636,19.04139873393362,True
2008-10-04,209.74610282251942,191.0145653986856,18.731537423833828,True
2008-10-05,210.42197026786968,191.99992202855387,18.422048239315814,True
2008-10-06,211.09871407549338,192.9857800937845,18.112933981708863,True
2008-10-07,211.77633161477578,193.9721352449753,17.80419636980048,True
2008-10-08,212.4548209942884,194.95898493331975,17.495836060968657,True
2008-10-09,213.1341811212944,195.94632852510227,17.18785259619213,True
2008-10-10,213.81441181692847,196.93416755331592,16.880244263612553,True
2008-10-11,214.49551399436942,197.92250609743436,16.573007896935053,True
2008-10-12,215.1774898875995,198.91135123324366,16.266138654355842,True
2008-10-13,215.86034328959866,199.90071342990285,15.95962985969581,True
2008-10-14,216.5440797249298,200.8906067057195,15.653473019210281,True
2008-10-15,217.22870645688323,201.8810483248547,15.347658132028528,True
2008-10-16,217.91423223698868,202.87205787462315,15.042174362365529,True
2009-02-01,297.0385086292504,312.1281158879008,15.089607258650403,True
2009-02-02,297.8105620367242,313.14312208229893,15.332560045574724,True
2009-02-03,298.5830604945121,314.1577476870225,15.574687192510396,True
2009-02-04,299.35599477359347,315.1719796767183,15.815984903124843,True
2009-02-05,300.1293575761815,316.1858094098154,16.0564518336339,True
2009-02-06,300.90314370220176,317.1992333203391,16.29608961813733,True
2009-02-07,301.67735002426343,318.2122532842477,16.534903259984276,True
2009-02-08,302.4519751738529,319.2248763949982,16.772901221145332,True
2009-02-09,303.2270188982902,320.23711396043916,17.010095062148935,True
2009-02-10,304.00248116076295,321.24897976304794,17.246498602284987,True
2009-02-11,304.7783611718146,322.26048791920385,17.48212674738926,True
2009-02-12,305.5546565824073,323.2716508503598,17.716994267952487,True
2009-02-13,306.331363001257,324.28247781429036,17.95111481303337,True
2009-02-14,307.10847386724913,325.2929741879093,18.184500320660163,True
2009-02-15,307.8859805935814,326.3031414171059,18.41716082352451,True
2009-02-16,308.66387285355927,327.3129773924677,18.649104538908432,True
2009-02-17,309.4421388929835,328.322476994452,18.88033810146851,True
2009-02-18,310.2207657972693,329.33163261974545,19.11086682247617,True
2009-02-19,310.99973968416606,330.34043458739217,19.340694903226108,True
2009-02-20,311.77904582308287,331.34887139352895,19.569825570446085,True
2009-02-21,312.5586686994345,332.3569298297824,19.798261130347896,True
2009-02-22,313.33859205123076,333.3645950082091,20.026002956978346,True
2009-02-23,314.118798908823,334.37185035220466,20.25305144338165,True
2009-02-24,314.8992716686214,335.378677621516,20.47940595289458,True
2009-02-25,315.67999222714855,336.38505703941195,20.7050648122634,True
2009-02-26,316.46094219205423,337.3909675780567,20.930025386002455,True
2009-02-27,317.24210317205257,338.396387432704,21.154284260651423,True
2009-02-28,318.0234571311002,339.4012946803674,21.377837549267213,True
2009-03-01,318.8049867784989,340.4056680840453,21.600681305546402,True
2009-03-02,319.5866759604399,341.409487981125,21.82281202068509,True
2009-03-03,320.36851002055283,342.41273719024434,22.04422716969151,True
2009-03-04,321.1504761030378,343.41540187946924,22.264925776431426,True
2009-03-05,321.93256337496786,344.4174723455163,22.484908970548418,True
2009-03-06,322.7147631394903,345.4189436438566,22.70418050436632,True
2009-03-07,323.497068801049,346.41981597954253,22.922747178493523,True
2009-03-08,324.2794756383035,347.4200947358294,23.140619097525928,True
2009-03-09,325.06198035585874,348.41979001818913,23.357809662330396,True
2009-03-10,325.8445804315961,349.41891566034775,23.574335228751636,True
2009-03-11,326.6272733419404,350.4174877771957,23.79021443525528,True
2009-03-12,327.41005580047744,351.4155231016593,24.005467301181852,True
2009-03-13,328.1929231509328,352.41303742277245,24.220114271839634,True
2009-03-14,328.97586900490745,353.41004439786735,24.4341753929599,True
2009-03-15,329.7588851349488,354.40655486898635,24.64766973403755,True
2009-03-16,330.5419615656613,355.40257665318717,24.860615087525844,True
2009-03-17,331.32508677482144,356.3981146698502,25.07302789502876,True
2009-03-18,332.10824792179,357.39317123707394,25.284923315283947,True
2009-03-19,332.8914310455395,358.3877463934387,25.496315347899213,True
2009-03-20,333.6746212031796,359.38183814854875,25.70721694536917,True
2009-03-21,334.45780254345345,0.37544261309539845,25.917640069641948,True
2009-03-22,335.2409583268972,1.36855399835904,26.127595671461847,True
2009-03-23,336.02407091717805,2.3611645073762513,26.337093590198208,True
2009-03-24,336.8071217785151,3.353264169630305,26.546142391115154,True
2009-03-25,337.59009152188287,4.344840699716639,26.754749177833787,True
2009-03-26,338.3729600447723,5.335879483425173,26.962919438652875,True
2009-03-27,339.1557068004535,6.326363800493386,27.170657000039853,True
2009-03-28,339.93831120890934,7.316275367779108,27.37796415886976,True
2009-03-29,340.72075318491983,8.305595223516638,27.584842038596832,True
2009-03-30,341.5030137202485,9.294304885601532,27.791291165353073,True
2009-03-31,342.28507543314254,10.28238763731458,27.997312204172033,True
2009-04-01,343.0669230013213,11.26982975815012,28.20290675682884,True
2009-04-02,343.84854342207177,12.256621539003437,28.408078116931677,True
2009-04-03,344.62992607961513,13.242757981061317,28.612831901446157,True
2009-04-04,345.4110626283096,14.228239140205153,28.817176511895582,True
2009-04-05,346.1919467132096,15.213070117018628,29.021123403809042,True
2009-04-06,346.9725735523282,16.197260705400677,29.224687153072466,True
2009-04-07,347.7529394089143,17.1808247196597,29.42788531074541,True
2009-04-08,348.53304099443125,18.16377904233311,29.630738047901843,True
2009-04-09,349.31287486089536,19.146142478277536,29.83326761738215,True
2009-04-10,350.092436853177,20.12793454776348,30.035497694586468,True
2009-04-11,350.8717216859163,21.10917437361228,30.237452687695964,True
2009-04-12,351.65072268324093,22.089879795481103,30.439157112240196,True
2009-04-13,352.4294316819017,23.070066783304075,30.64063510140238,True
2009-04-14,353.20783906482876,24.049749147177213,30.841910082348477,True
2009-04-15,353.98593387343715,25.028938480755922,31.043004607318778,True
2009-04-16,354.76370394532637,26.00764424445309,31.243940299126734,True
2009-04-17,355.5411360343821,26.985873892159322,31.444737857777227,True
2009-04-18,356.3182158859586,27.96363296072856,31.645417074769966,True
2009-04-19,357.09492825624153,28.94092506502111,31.845996808779603,True
2009-04-20,357.8712568807647,29.917751767971808,32.04649488720713,True
2009-04-21,358.64718441336555,30.89411232581521,32.24692791244968,True
2009-04-22,359.4226923747449,31.87000334734059,32.44731097259569,True
2009-04-23,0.1977611679121634,32.84541845524355,32.64765728733139,True
2009-04-24,0.97237022971333,33.82034809089143,32.8479778611781,True
2009-04-25,1.7464983812987689,34.79477963939626,33.04828125809749,True
2009-04-26,2.5201244031743415,35.768698034617266,33.24857363144292,True
2009-04-27,3.293227791356468,36.742086904908504,33.44885911355204,True
2009-04-28,4.065789572799607,37.71493015235025,33.64914057955064,True
2009-04-29,4.837793012553439,38.68721369157531,33.84942067902187,True
2009-04-30,5.609224064932679,39.65892700323824,34.04970293830556,True
2009-05-01,6.380071499848718,40.63006422568156,34.24999272583284,True
2009-05-02,7.150326729067292,41.600624670808884,34.450297941741596,True
2009-05-03,7.919983418703859,42.570612811121315,34.65062939241746,True
2009-05-04,8.689036986920666,43.54003787422915,34.85100088730849,True
2009-05-05,9.457484064228371,44.50891319081893,35.05142912659056,True
2009-05-06,10.225321963535663,45.47725540698343,35.25193344344777,True
2009-05-07,10.992548185739164,46.44508363215779,35.45253544641862,True
2009-05-08,11.759159978324808,47.41241857174285,35.65325859341804,True
2009-05-09,12.525153963851817,48.3792816899374,35.85412772608558,True
2009-05-10,13.290525854380016,49.345694451894936,36.05516859751492,True
2009-05-11,14.055270261687378,50.31167769197009,36.256407430282714,True
2009-05-12,14.81938060127614,51.27725113983646,36.457870538560314,True
2009-05-13,15.582849074421869,52.242433110733685,36.65958403631181,True
2009-05-14,16.345666701610412,53.207240337810866,36.861573636200454,True
2009-05-15,17.10782337567985,54.17168790148905,37.0638645258092,True
2009-05-16,17.86930790429298,55.135789197336344,37.26648129304336,True
2009-05-17,18.630108017797614,56.09955588045386,37.46944786265625,True
2009-05-18,19.390210328849403,57.06299772938316,37.672787400533764,True
2009-05-19,20.149600244336742,58.026122385965714,37.87652214162897,True
2009-05-20,20.908261849437253,58.98893495281885,38.0806731033816,True
2009-05-21,21.666177809207543,59.95143747387132,38.28525966466378,True
2009-05-22,22.42332936260823,60.91362839132562,38.49029902871739,True
2009-05-23,23.17969650657507,61.875502158197946,38.69580565162288,True
2009-05-24,23.9352584620307,62.837049256504294,38.9017907944736,True
2009-05-25,24.689994455076498,63.79825686460262,39.10826240952612,True
2009-05-26,25.443884732026458,64.75911027332276,39.3152255412963,True
2009-05-27,26.196911601054378,65.71959488256478,39.522683281510396,True
2009-05-28,26.949060237353535,66.67969834749431,39.730638110140774,True
2009-05-29,27.700319056645483,67.6394123599647,39.93909330331921,True
2009-05-30,28.45067962013768,68.59873370980945,40.148054089671774,True
2009-05-31,29.2001361844478,69.55766455992529,40.357528375477486,True
2009-06-01,29.948685075673588,70.51621210855414,40.567527032880555,True
2009-06-02,30.69632404388482,71.47438790343705,40.778063859552226,True
2009-06-03,31.443051688945236,72.43220703585428,40.989155346909044,True
2009-06-04,32.1888669869649,73.38968735252288,41.20082036555799,True
2009-06-05,32.93376891006667,74.34684874092024,41.41307983085357,True
2009-06-06,33.67775612010696,75.30371249417637,41.6259563740694,True
2009-06-07,34.42082671991476,76.26030074427905,41.83947402436429,True
2009-06-08,35.16297805352483,77.21663595495365,42.053657901428814,True
2009-06-09,35.90420655296965,78.1727404750582,42.26853392208856,True
2009-06-10,36.644507630402735,79.1286361598859,42.484128529483165,True
2009-06-11,37.38387561077972,80.0843440665198,42.700468455740086,True
2009-06-12,38.12230369415658,81.0398842201436,42.91758052598703,True
2009-06-13,38.859783930696096,81.99527543393933,43.13549150324323,True
2009-06-14,39.59630718807589,82.95053514994494,43.35422796186905,True
2009-06-15,40.33186309177228,83.90567925562986,43.573816163857586,True
2009-06-16,41.06643992490213,84.86072182411061,43.794281899208485,True
2009-06-17,41.800024487536575,85.81567472890039,44.015650241363815,True
2009-06-18,42.53260193785951,86.77054710383439,44.23794516597488,True
2009-06-19,43.26415567047508,87.72534466579087,44.461188995315794,True
2009-06-20,43.99466732636057,88.68006900117857,44.685401674817996,True
2009-06-21,44.724117057731874,89.63471703010512,44.91059997237325,True
2009-06-22,45.45248415699108,90.58928095987112,45.136796802880035,True
2009-06-23,46.17974806807815,91.54374903243526,45.36400096435711,True
2009-06-24,46.905889635401046,92.49810717440192,45.59221753900088,True
2009-06-25,47.63089228851692,93.45234130127352,45.8214490127566,True
2009-06-26,48.35474282904588,94.40643970641531,46.05169687736943,True
2009-06-27,49.077431629985554,95.36039491325597,46.28296328327042,True
2009-06-28,49.79895228901531,96.3142046300109,46.515252340995595,True
2009-06-29,50.51930094712806,97.26787182430374,46.74857087717568,True
2009-06-30,51.23847551554087,98.22140419468488,46.98292867914401,True
2009-07-01,51.9564749813928,99.17481337205373,47.21833839066093,True
2009-07-02,52.67329886370023,100.12811410036404,47.45481523666381,True
2009-07-03,53.38894681792089,101.08132352454447,47.692376706623584,True
2009-07-04,54.10341835285822,102.03446061765075,47.93104226479253,True
2009-07-05,54.81671261781022,102.98754572591938,48.17083310810916,True
2009-07-06,55.52882822688997,103.94060019206336,48.411771965173386,True
2009-07-07,56.23976310096529,104.89364602028944,48.65388291932415,True
2009-07-08,56.94951431967447,105.8467055594484,48.897191239773925,True
2009-07-09,57.658077983541666,106.79980119502322,49.141723211481555,True
2009-07-10,58.36544908843218,107.75295505064788,49.387505962215705,True
2009-07-11,59.07162141212444,108.7061887023471,49.63456729022266,True
2009-07-12,59.77658740755702,109.65952290302602,49.882935495469,True
2009-07-13,60.48033809207689,110.61297730261965,50.13263921054276,True
2009-07-14,61.18286291983962,111.56657013433568,50.383707214496056,True
2009-07-15,61.88414962854668,112.52031782479497,50.63616819624829,True
2009-07-16,62.58418406517166,113.47423448280524,50.89005041763358,True
2009-07-17,63.28295002102954,114.42833123840911,51.14538121737957,True
2009-07-18,63.98042914452038,115.38261545388134,51.402186309360964,True
2009-07-19,64.67660104185565,116.33708992117805,51.6604888793224,True
2009-07-20,65.37144369804562,117.2917522843995,51.92030858635387,True
2009-07-21,66.0649343130377,118.24659502422686,52.18166071118917,True
2009-07-22,66.75705052071302,119.20160631113902,52.444555790425994,True
2009-07-23,67.44777176886421,120.15677179446797,52.70900002560376,True
2009-07-24,68.13708049626064,121.11207700589047,52.97499650962983,True
2009-07-25,68.82496277250864,122.06750975228239,53.24254697977375,True
2009-07-26,69.51140827694789,123.02306188193779,53.5116536049899,True
2009-07-27,70.19640974664216,123.97873012166878,53.782320375026615,True
2009-07-28,70.87996216375701,124.93451606550386,54.05455390174684,True
2009-07-29,71.56206193698401,125.89042562370197,54.328363686717964,True
2009-07-30,72.24270622750826,126.84646826353837,54.603762036030105,True
2009-07-31,72.9218924623624,127.80265627452768,54.880763812165284,True
2009-08-01,73.5996180098021,128.75900416969256,55.15938615989046,True
2009-08-02,74.27587996436411,129.71552824396696,55.43964827960285,True
2009-08-03,74.95067498874829,130.6722462605104,55.721571271762116,True
2009-08-04,75.6239991713416,131.6291772161308,56.00517804478922,True
2009-08-05,76.29584787340772,132.58634113626616,56.29049326285843,True
2009-08-06,76.96621555445417,133.54375885948,56.57754330502583,True
2009-08-07,77.63509557593004,134.5014517856834,56.86635620975336,True
2009-08-08,78.30247999084362,135.45944157709377,57.15696158625015,True
2009-08-09,78.96835932937145,136.41774981233831,57.44939048296686,True
2009-08-10,79.63272238845589,137.37639759871996,57.74367521026407,True
2009-08-11,80.29555602880313,138.33540514388181,58.03984911507868,True
2009-08-12,80.95684497929714,139.29479127743082,58.33794629813367,True
2009-08-13,81.61657165133275,140.25457290087053,58.63800124953778,True
2009-08-14,82.27471597846441,141.21476433980195,58.94004836133753,True
2009-08-15,82.93125532247602,142.17537658850924,59.24412126603322,True
2009-08-16,83.58616452230481,143.136416486969,59.5502519646642,True
2009-08-17,84.23941619318337,144.09788595902972,59.85846976584635,True
2009-08-18,84.89098138154085,145.05978154783432,60.168800166293465,True
2009-08-19,85.5408306126267,146.02209454904244,60.48126393641573,True
2009-08-20,86.18893522326177,146.98481197491506,60.795876751653296,True
2009-08-21,86.83526870563887,147.94791833747655,61.112649631837684,True
2009-08-22,87.47980771081029,148.91139790444248,61.43159019363219,True
2009-08-23,88.12253245494995,149.87523686401687,61.75270440906692,True
2009-08-24,88.76342649723811,150.8394248919044,62.075998394666286,True
2009-08-25,89.40247607289037,151.8039558993481,62.40147982645773,True
2009-08-26,90.03966925192864,152.7688280543995,62.72915880247086,True
2009-08-27,90.67499514859612,153.7340433446781,63.059048196081974,True
2009-08-28,91.30844330007719,154.69960696288038,63.391163662803194,True
2009-08-29,91.9400032365618,155.6655267154395,63.72552347887772,True
2009-08-30,92.56966420700654,156.63181255598616,64.06214834897962,True
2009-08-31,93.19741500305628,157.59847626860403,64.40106126554775,True
2009-09-01,93.82324382350951,158.56553127890234,64.74228745539283,True
2009-09-02,94.44713813166507,159.53299254680184,65.08585441513677,True
2009-09-03,95.0690844717452,160.50087648529376,65.43179201354856,True
2009-09-04,95.68906822611757,161.4692008493033,65.78013262318572,True
2009-09-05,96.30707331134376,162.43798454644872,66.13091123510496,True
2009-09-06,96.92308182669595,163.4072473362581,66.48416550956216,True
2009-09-07,97.53707368111728,164.37700940419876,66.83993572308148,True
2009-09-08,98.14902623092146,165.34729081705387,67.19826458613241,True
2009-09-09,98.75891395990404,166.3181108807137,67.55919692080967,True
2009-09-10,99.366708228425,167.28948742620008,67.92277919777509,True
2009-09-11,99.9723771140722,168.2614360460812,68.289058932009,True
2009-09-12,100.57588536996094,169.2339692997728,68.65808392981187,True
2009-09-13,101.17719454012139,170.207095915769,69.02990137564761,True
2009-09-14,101.77626328917616,171.18082005321338,69.40455676403722,True
2009-09-15,102.37304800941592,172.15514074425178,69.78209273483586,True
2009-09-16,102.96750373917673,173.13005169917906,70.16254796000233,True
2009-09-17,103.55958534609285,174.10554166986836,70.54595632377551,True
2009-09-18,104.14924881188794,175.0815954812508,70.93234666936284,True
2009-09-19,104.73645235949195,176.05819564970764,71.3217432902157,True
2009-09-20,105.3211571618749,177.03532428958812,71.71416712771322,True
2009-09-21,105.90332749161682,178.01296489398644,72.10963740236961,True
2009-09-22,106.48293035297617,178.99110364076978,72.50817328779361,True
2009-09-23,107.05993478233745,179.96973007491783,72.90979529258038,True
2009-09-24,107.63431104459865,180.94883723008357,73.31452618548492,True
2009-09-25,108.2060299031707,181.92842137766036,73.72239147448965,True
2009-09-26,108.77506205373689,182.90848161202533,74.13341955828844,True
2009-09-27,109.34137773431505,183.88901943428448,74.54764169996943,True
2009-09-28,109.90494647587816,184.87003843050965,74.96509195463149,True
2009-09-29,110.4657369363633,185.85154408212446,75.38580714576116,True
2009-09-30,111.02371675635145,186.83354370354627,75.80982694719482,True
2009-10-01,111.57885237893238,187.81604647237774,76.23719409344535,True
2009-10-02,112.13110878605278,188.79906349532686,76.66795470927408,True
2009-10-03,112.68044911964736,189.7826078366474,77.10215871700004,True
2009-10-04,113.22683418000771,190.76669442802847,77.53986024802076,True
2009-10-05,113.77022182583367,191.75133978576145,77.98111795992777,True
2009-10-06,114.31056633490168,192.7365614880297,78.42599515312803,True
2009-10-07,114.8478178107622,193.72237741093187,78.87455960016968,True
2009-10-08,115.3819217281431,194.70880477468899,79.32688304654589,True
2009-10-09,115.91281869329694,195.69585909292758,79.78304039963064,True
2009-10-10,116.44044446240517,196.68355313329303,80.24310867088786,True
2009-10-11,116.96473022667496,197.67189598648977,80.70716575981481,True
2009-10-12,117.48560315018717,198.66089231798105,81.17528916779388,True
2009-10-13,118.00298713723467,199.65054186141185,81.64755472417718,True
2009-10-14,118.51680379785883,200.6408392141782,82.12403541631936,True
2009-10-15,119.02697355715951,201.63177400277348,82.60480044561398,True
2009-10-16,119.53341680955795,202.62333147254535,83.0899146629874,True
2009-10-17,120.03605496892372,203.61549349995266,83.57943853102894,True
2009-10-18,120.53481124329672,204.60823992826133,84.07342868496461,True
2009-10-19,121.02961099943994,205.60155002912074,84.5719390296808,True
2009-10-20,121.5203816769047,206.59540384814423,85.07502217123952,True
2009-10-21,122.00705232433397,207.58978323321116,85.5827309088772,True
2009-10-22,122.48955291012449,208.58467245046316,86.09511954033867,True
2009-10-23,122.96781357632504,209.58005841129892,86.61224483497388,True
2009-10-24,123.44176396694026,210.5759306157898,87.13416664884953,True
2009-10-25,123.91133269961529,211.57228094688531,87.66094824727003,True
2009-10-26,124.376446990908,212.56910343696944,88.19265644606145,True
2009-10-27,124.83703240339435,213.56639409522472,88.72936169183038,True
2009-10-28,125.29301265800513,214.56415084733013,89.271138189325,True
2009-10-29,125.74430944197937,215.56237360482586,89.8180641628465,True
2009-10-30,126.19084213746795,216.56106444892356,90.3702223114556,True
2009-10-31,126.63252739868798,217.56022787872928,90.9277004800413,True
2009-11-01,127.06927852258974,218.55987103550675,91.490592512917,True
2009-11-02,127.50100459790264,219.56000377922686,92.05899918132422,True
2009-11-03,127.92760948432239,220.56063847819183,92.63302899386944,True
2009-11-04,128.34899075682497,221.5617893998751,93.21279864305012,True
2009-11-05,128.7650388182693,222.5634716746163,93.798432856347,True
2009-11-06,129.1756363947855,223.56569992727063,94.39006353248513,True
2009-11-07,129.58065855947834,224.56848678496536,94.98782822548702,True
2009-11-08,129.97997330194244,225.57184151383737,95.59186821189493,True
2009-11-09,130.3734425336065,226.57576899147412,96.20232645786763,True
2009-11-10,130.76092334880093,227.58026911638476,96.81934576758383,True
2009-11-11,131.14226936373447,228.58533665103698,97.44306728730251,True
2009-11-12,131.5173320018063,229.59096143440232,98.07362943259602,True
2009-11-13,131.8859616419868,230.5971288880717,98.7111672460849,True
2009-11-14,132.24800857252956,231.6038207522508,99.35581217972126,True
2009-11-15,132.60332369714462,232.61101599550892,100.0076922983643,True
2009-11-16,132.95175894442968,233.6186918313884,100.6669328869587,True
2009-11-17,133.2931673528977,234.6268247527673,101.3336573998696,True
2009-11-18,133.62740284752198,235.63539148055648,102.0079886330345,True
2009-11-19,133.95431977556817,236.6443697337126,102.69004995814444,True
2009-11-20,134.27377230755232,237.65373876493416,103.37996645738184,True
2009-11-21,134.585613817934,238.66347965783453,104.07786583990054,True
2009-11-22,134.88969633895957,239.67357542828776,104.7838790893282,True
2009-11-23,135.1858701412872,240.68401100208402,105.49814086079681,True
2009-11-24,135.47398345083266,241.6947731503408,106.22078969950815,True
2009-11-25,135.75388227207475,242.70585045807078,106.95196818599604,True
2009-11-26,136.0254102566147,243.71723338619174,107.69182312957705,True
2009-11-27,136.2884085311474,244.72891446614446,108.44050593499705,True
2009-11-28,136.542715381524,245.7408886371967,109.19817325567269,True
2009-11-29,136.78816568594445,246.75315369378933,109.96498800784488,True
2009-11-30,137.02459001649123,247.76571074952102,110.74112073302979,True
2009-12-01,137.2518134059988,248.7785645518658,111.526751145867,True
2009-12-02,137.46965391817508,249.7917234256897,112.32206950751461,True
2009-12-03,137.6779213353014,250.80519863511813,113.12727729981674,True
2009-12-04,137.87641640330943,251.81900307882637,113.94258667551694,True
2009-12-05,138.06493103557065,252.83314946067242,114.76821842510176,True
2009-12-06,138.24324963041357,253.84764830169328,115.60439867127971,True
2009-12-07,138.4111513064527,254.86250624049845,116.45135493404575,True
2009-12-08,138.56841260182418,255.8777249494621,117.30931234763793,True
2009-12-09,138.7148101498883,256.89330075591533,118.17849060602703,True
2009-12-10,138.85012300262773,257.9092248465348,119.05910184390709,True
2009-12-11,138.97413448757607,258.9254838396147,119.95134935203862,True
2009-12-12,139.08663363836465,259.9420605278384,120.85542688947376,True
2009-12-13,139.1874162976732,260.9589346646963,121.7715183670231,True
2009-12-14,139.2762859812268,261.976083735939,122.69979775471222,True
2009-12-15,139.35305455688234,262.9934836971157,123.64042914023338,True
2009-12-16,139.41754276696958,264.0111096684495,124.5935669014799,True
2009-12-17,139.46958061822235,265.0289365713949,125.55935595317257,True
2009-12-18,139.50900767805174,266.04693968221,126.53793200415825,True
2009-12-19,139.5356733352098,267.06509507745005,127.52942174224026,True
2009-12-20,139.54943709287656,268.08337995777663,128.53394286490007,True
2009-12-21,139.55016895473508,269.10177285644494,129.55160390170985,True
2009-12-22,139.53774993975148,270.12025376070386,130.58250382095238,True
2009-12-23,139.5120727248859,271.13880419228093,131.62673146739502,True
2009-12-24,139.47304237381044,272.1574073040862,132.68436493027573,True
2009-12-25,139.42057706933502,273.1760480533259,133.7554709839909,True
2009-12-26,139.35460873228212,274.19471350499543,134.84010477271332,True
2009-12-27,139.27508338829173,275.2133932995603,135.9383099112686,True
2009-12-28,139.18196115464,276.2320802754133,137.0501191207733,True
2009-12-29,139.0752157927517,277.25077116047294,138.17555536772124,True
2009-12-30,138.95483394235282,278.269467139942,139.31463319758916,True
2009-12-31,138.82081441911032,279.28817400371804,140.46735958460772,True
2010-01-01,138.67316822580838,280.30690155769497,141.6337333318866,True
2010-01-02,138.51191999569858,281.3256621387825,142.8137421430839,True
2010-01-03,138.33711126549477,282.3444684058512,144.00735714035645,True
2010-01-04,138.148805316435,283.3633309241158,145.21452560768083,True
2010-01-05,137.94709269684967,284.3822561771131,146.43516348026344,True
2010-01-06,137.73209635758144,285.4012454344176,147.66914907683616,True
2010-01-07,137.5039756569596,286.4202945299328,148.9163188729732,True
2010-01-08,137.26292902581676,287.4393943107684,150.17646528495166,True
2010-01-09,137.0091954868054,288.4585314223016,151.44933593549618,True
2010-01-10,136.74305536820992,289.4776891599342,152.73463379172426,True
2010-01-11,136.46483050532186,290.49684823939117,154.0320177340693,True
2010-01-12,136.17488410147627,291.515987440742,155.34110333926571,True
2010-01-13,135.87362030975038,292.5350841410529,156.6614638313025,True
2010-01-14,135.56148352871804,293.5541147711749,157.99263124245687,True
2010-01-15,135.23895738302352,294.5730552278984,159.3340978448749,True
2010-01-16,134.9065633689873,295.59188125745766,160.68531788847037,True
2010-01-17,134.56485916965147,296.6105688108434,162.04570964119193,True
2010-01-18,134.21443666612726,297.6290943625403,163.41465769641303,True
2010-01-19,133.85591968100874,298.64743518523807,164.79151550422932,True
2010-01-20,133.48996148033112,299.66556958314726,166.17560810281614,True
2010-01-21,133.11724203577955,300.6834771025197,167.56623506674015,True
2010-01-22,132.73846501658218,301.70113875542427,168.96267373884208,True
2010-01-23,132.35435445161656,302.71853730714423,170.36418285552767,True
2010-01-24,131.9656509901269,303.7356576833949,171.770006693268,True
2010-01-25,131.57310771208688,304.75248754292477,173.1793798308379,True
2010-01-26,131.17748552144744,305.7690180215447,174.59153250009726,True
2010-01-27,130.77954832192827,306.7852445714581,176.00569624952985,True
2010-01-28,130.3800584227551,307.8011676936684,177.4211092709133,True
2010-01-29,129.97977286913303,308.8167932295987,178.8370203604657,True
2010-01-30,129.5794414454788,309.83213183846493,179.74730960701388,True
2010-01-31,129.17980673656442,310.84719745641627,178.33260928014815,True
2010-02-01,128.78160584880473,311.8620049223112,176.91960092649353,True
2010-02-02,128.38557259539687,312.8765673633605,175.50900523203637,True
2010-02-03,127.992438714509,313.8908940642231,174.1015446502859,True
2010-02-04,127.60293321185476,314.9049892891846,172.69794392267016,True
2010-02-05,127.2177797904821,315.91885209058944,171.29892769989266,True
2010-02-06,126.83769297474228,316.9324768115253,169.90521616321698,True
2010-02-07,126.46337370743724,317.9458539037167,168.51751980372057,True
2010-02-08,126.0955050278424,318.95897076827083,167.1365342595716,True
2010-02-09,125.7347481631128,319.97181246575457,165.76293569735822,True
2010-02-10,125.38173914096399,320.9843622549467,164.3973768860173,True
2010-02-11,125.03708590131001,321.996601984958,163.04048391635203,True
2010-02-12,124.70136583342358,323.00851239142895,161.69285344199463,True
2010-02-13,124.37512366375688,324.02007334887946,160.35505031487742,True
2010-02-14,124.05886964306929,325.03126411960244,159.02760552346683,True
2010-02-15,123.75307801226639,326.0420636225732,157.71101438969316,True
2010-02-16,123.45818575175312,327.05245072936077,156.40573502239235,True
2010-02-17,123.17459163073276,328.06240458262766,155.1121870481051,True
2010-02-18,122.90265556754254,329.07190492984836,153.83075063769417,True
2010-02-19,122.64269829299025,330.08093247144814,152.5617658215421,True
2010-02-20,122.39500128496927,331.0894692367514,151.30553204821786,True
2010-02-21,122.15980692765459,332.0974990179522,150.06230790970238,True
2010-02-22,121.93731885704773,333.10500790379064,148.8323109532571,True
2010-02-23,121.72770250004865,334.11198494952873,147.61571755051992,True
2010-02-24,121.5310859039004,335.1184229838797,146.4126629200207,True
2010-02-25,121.34756107591797,336.12431947381776,145.2232416021002,True
2010-02-26,121.17718616069281,337.1296772473106,144.04750891338222,True
2010-02-27,121.01998877293065,338.1345047547296,142.88548401820103,True
2010-02-28,120.87597056430012,339.13881552698956,141.73715503731057,True
2010-03-01,120.74511262275055,340.1426266639665,140.60248595878406,True
2010-03-02,120.62738080166478,341.1459565524786,139.4814242491862,True
2010-03-03,120.52272992498392,342.1488223753864,138.37390754959756,True
2010-03-04,120.4311062047161,343.1512380727652,137.27986813195093,True
2010-03-05,120.35244790804254,344.1532131769685,136.19923473107403,True
2010-03-06,120.286684866435,345.15475255237453,135.13193231406046,True
2010-03-07,120.23373756538545,346.1558567807571,134.07788078462835,True
2010-03-08,120.19351636625495,347.1565228508041,133.03699351545086,True
2010-03-09,120.16592111907451,348.15674488058414,132.00917623849037,True
2010-03-10,120.15084119304247,349.1565147216434,130.99432647139906,True
2010-03-11,120.14815582780318,350.1558223953118,129.99233343249136,True
2010-03-12,120.15773467082738,351.15465637563767,129.0030782951897,True
2010-03-13,120.17943837685121,352.1530037648984,128.0264346119528,True
2010-03-14,120.2131191768829,353.15085041839905,127.06226875848387,True
2010-03-15,120.25862136227842,354.14818107375487,126.11044028852353,True
2010-03-16,120.31578166687301,355.14497953040217,125.17080213647085,True
2010-03-17,120.38442956250348,356.1412289100263,124.24320065247719,True
2010-03-18,120.46438750586321,357.1369120107221,123.32747549514113,True
2010-03-19,120.55547118378293,358.13201175132957,122.42345943245334,True
2010-03-20,120.65748979953241,359.1265116925485,121.53097810698392,True
2010-03-21,120.77024642997115,0.1203966213292261,120.64984980864193,True
2010-03-22,120.89353847273532,1.1136531932401825,119.77988527949513,True
2010-03-23,121.02715820576199,2.1062706365808213,118.92088756918118,True
2010-03-24,121.17089350529095,3.0982415193033206,118.07265198598763,True
2010-03-25,121.32452880870552,4.089562551123431,117.23496625758209,True
2010-03-26,121.48784644343803,5.080235330280407,116.40761111315763,True
2010-03-27,121.66062843233527,6.070266857638414,115.59036157469686,True
2010-03-28,121.84265878463567,7.059669572549925,114.78298921208575,True
2010-03-29,122.03372608025063,8.048460685371769,113.98526539487887,True
2010-03-30,122.2336259259174,9.036660744543314,113.19696518137408,True
2010-03-31,122.4421627546058,10.024291647212365,112.41787110739344,True
2010-04-01,122.65915057557311,11.011374537286322,111.64777603828679,True
2010-04-02,122.88441262261263,11.997928076170949,110.88648454644168,True
2010-04-03,123.11778019584085,12.983967391524745,110.13381280431611,True
2010-04-04,123.35909115829324,13.969503734830777,109.38958742346246,True
2010-04-05,123.60818849567364,14.954544669135917,108.65364382653773,True
2010-04-06,123.86491917435437,15.939094535054558,107.9258246392998,True
2010-04-07,124.12913335834497,16.92315497821736,107.20597838012762,True
2010-04-08,124.40068393270731,17.90672540085201,106.4939585318553,True
2010-04-09,124.67942623269958,18.88980327670154,105.78962295599804,True
2010-04-10,124.96521787279741,19.872384323850472,105.09283354894694,True
2010-04-11,125.25791858559566,20.85446256500231,104.40345602059335,True
2010-04-12,125.55739000466657,21.836030326092928,103.72135967857365,True
2010-04-13,125.86349535331055,22.817078236914302,103.04641711639626,True
2010-04-14,126.17609903223112,23.797595302551336,102.37850372967978,True
2010-04-15,126.49506613243494,24.777569109382227,101.71749702305272,True
2010-04-16,126.82026193062316,25.756986211221804,101.06327571940136,True
2010-04-17,127.15155144521076,26.73583271049283,100.41571873471793,True
2010-04-18,127.488799134335,27.71409501279955,99.77470412153545,True
2010-04-19,127.83186880095883,28.691760702249105,99.14010809870973,True
2010-04-20,128.18062374153791,29.66881946908058,98.51180427245734,True
2010-04-21,128.53492714684526,30.645264021762568,97.88966312508269,True
2010-04-22,128.8946427472518,31.621090922948976,97.27355182430281,True
2010-04-23,129.25963569000433,32.59630128751432,96.66333440249001,True
2010-04-24,129.6297736296729,33.57090126231891,96.058872367354,True
2010-04-25,130.00492798581442,34.5449021792878,95.46002580652662,True
2010-04-26,130.38497526406329,35.5183202635751,94.86665500048818,True
2010-04-27,130.76979826373758,36.491175822251535,94.27862244148605,True
2010-04-28,131.15928695042507,37.46349195046844,93.69579499995663,True
2010-04-29,131.5533388043173,38.435292938076515,93.11804586624078,True
2010-04-30,131.9518585752601,39.406602665557465,92.54525590970263,True
2010-05-01,132.35475753495598,40.37744327822813,91.97731425672785,True
2010-05-02,132.76195243643093,41.34783431928134,91.4141181171496,True
2010-05-03,133.1733644195603,42.31779234746017,90.85557207210013,True
2010-05-04,133.5889180465705,43.287330939786415,90.3015871067841,True
2010-05-05,134.00854055940633,44.256460922877665,89.75207963652866,True
2010-05-06,134.43216136716796,45.22519068164798,89.20697068551999,True
2010-05-07,134.85971171823712,46.19352643305794,88.66618528517918,True
2010-05-08,135.29112448793188,47.16147239908933,88.12965208884256,True
2010-05-09,135.72633400863103,48.1290308541875,87.59730315444352,True
2010-05-10,136.16527587592628,49.096202056185994,87.06907381974028,True
2010-05-11,136.6078866771152,50.06298409961035,86.54490257750486,True
2010-05-12,137.0541036078297,51.0293727591811,86.02473084864859,True
2010-05-13,137.50386397183183,51.99536141746925,85.5085025543626,True
2010-05-14,137.95710459921335,52.96094118522992,84.99616341398342,True
2010-05-15,138.4137612638463,53.92610131211744,84.48765995172887,True
2010-05-16,138.87376821705485,54.890829938250135,83.98293827880471,True
2010-05-17,139.3370579612836,55.85511515716734,83.48194280411624,True
2010-05-18,139.803561352687,56.818946273127125,82.98461507955989,True
2010-05-19,140.2732080528796,57.782315077523144,82.49089297535645,True
2010-05-20,140.74592727538746,58.74521696604829,82.00071030933917,True
2010-05-21,141.2216487224298,59.70765176528717,81.51399695714262,True
2010-05-22,141.70030359577504,60.66962420365643,81.0306793921186,True
2010-05-23,142.18182558124312,61.63114401397107,80.55068156727205,True
2010-05-24,142.66615172829074,62.59222568070589,80.07392604758485,True
2010-05-25,143.1532231589793,63.55288785559903,79.60033530338026,True
2010-05-26,143.64298554563345,64.51315248188071,79.12983306375274,True
2010-05-27,144.135389307162,65.47304370198118,78.66234560518082,True
2010-05-28,144.63038950322988,66.43258666741616,78.19780283581372,True
2010-05-29,145.12794545292093,67.39180639821596,77.73613905470496,True
2010-05-30,145.62802015426158,68.35072683044514,77.27729332381644,True
2010-05-31,146.13057961164068,69.30937014126347,76.82120947037721,True
2010-06-01,146.6355921776646,70.26775637071634,76.36783580694825,True
2010-06-02,147.14302798814487,71.22590329532498,75.91712469281988,True
2010-06-03,147.6528585283386,72.18382646942275,75.46903205891586,True
2010-06-04,148.165056330188,73.1415393394914,75.0235169906966,True
2010-06-05,148.67959477241942,74.0990533468541,74.58054142556531,True
2010-06-06,149.19644793898195,75.05637795481235,74.1400699841696,True
2010-06-07,149.7155904836037,76.0135205612086,73.70206992239511,True
2010-06-08,150.2369974465128,76.9704862856222,73.26651116089059,True
2010-06-09,150.7606439738089,77.92727765526237,72.83336631854652,True
2010-06-10,151.2865049046772,78.8838942586039,72.4026106460733,True
2010-06-11,151.81455422318456,79.84033248834879,71.97422173483577,True
2010-06-12,152.34476442362552,80.79658553964147,71.54817888398405,True
2010-06-13,152.87710590346944,81.75264383448271,71.12446206898673,True
2010-06-14,153.41154654940627,82.70849597521568,70.70305057419058,True
2010-06-15,153.94805168141616,83.66413018315,70.28392149826617,True
2010-06-16,154.48658444396762,84.61953600306447,69.86704844090315,True
2010-06-17,155.02710660412015,85.5747059422458,69.45240066187435,True
2010-06-18,155.56957959717553,86.52963673227875,69.03994286489679,True
2010-06-19,156.11396561221946,87.48433003892744,68.62963557329202,True
2010-06-20,156.660228544206,88.43879261537593,68.22143592883008,True
2010-06-21,157.20833471844307,89.3930360118879,67.81529870655517,True
2010-06-22,157.75825336799394,90.34707599064367,67.41117737735027,True
2010-06-23,158.30995688733233,91.30093177149827,67.00902511583406,True
2010-06-24,158.86342089735325,92.2546251938865,66.60879570346675,True
2010-06-25,159.41862415299246,93.20817985113628,66.21044430185619,True
2010-06-26,159.97554832038725,94.16162024369838,65.81392807668887,True
2010-06-27,160.53417765276504,95.11497099917952,65.41920665358552,True
2010-06-28,161.09449860153669,96.06825620649433,65.02624239504236,True
2010-06-29,161.65649940525864,97.02149890008187,64.63500050517678,True
2010-06-30,162.2201696985609,97.97472070748518,64.24544899107573,True
2010-07-01,162.7855001740286,98.92794164597312,63.85755852805549,True
2010-07-02,163.3524823146181,99.88118002938717,63.471302285230934,True
2010-07-03,163.92110819656332,100.83445243040515,63.086655766158174,True
2010-07-04,164.49137034630843,101.78777363723508,62.70359670907335,True
2010-07-05,165.0632616213333,102.7411565462039,62.322105075129414,True
2010-07-06,165.63677507404003,103.69461194208061,61.94216313195942,True
2010-07-07,166.21190375070515,104.64814813855762,61.56375561214753,True
2010-07-08,166.78864037698568,105.60177048807834,61.18686988890734,True
2010-07-09,167.36697689483515,106.55548082994834,60.81149606488681,True
2010-07-10,167.9469038531781,107.50927702741022,60.43762682576788,True
2010-07-11,168.5284097222316,108.46315282516679,60.06525689706481,True
2010-07-12,169.11148028615003,109.41709828442589,59.694382001724136,True
2010-07-13,169.69609832742393,110.37110095619566,59.324997371228264,True
2010-07-14,170.28224378967772,111.32514771768028,58.95709607199744,True
2010-07-15,170.86989446858894,112.27922691470899,58.59066755387995,True
2010-07-16,171.45902709091158,113.23333029906976,58.22569679184181,True
2010-07-17,172.04961851168318,114.18745433559972,57.86216417608345,True
2010-07-18,172.64164676294183,115.14160071923415,57.500046043707684,True
2010-07-19,173.2350917980036,116.09577621165006,57.13931558635353,True
2010-07-20,173.82993590773563,117.04999204693863,56.779943860797005,True
2010-07-21,174.42616387177128,118.00426315281403,56.42190071895725,True
2010-07-22,175.02376293346353,118.95860735377923,56.0651555796843,True
2010-07-23,175.62272267320395,119.9130446346423,55.70967803856165,True
2010-07-24,176.2230348272542,120.86759648294343,55.35543834431077,True
2010-07-25,176.82469307581965,121.82228530275778,55.002407773061876,True
2010-07-26,177.42769281113618,122.77713389013314,54.65055892100304,True
2010-07-27,178.03203089302824,123.73216496870074,54.29986592432749,True
2010-07-28,178.63770540157734,124.68740079176209,53.95030460981525,True
2010-07-29,179.24471539951162,125.6428628181004,53.60185258141122,True
2010-07-30,179.85306071718833,126.59857146147681,53.25448925571152,True
2010-07-31,180.46274176905692,127.55454590051119,52.90819586854573,True
2010-08-01,181.0737594025143,128.5108039202951,52.562955482219195,True
2010-08-02,181.68611476929763,129.46736174337886,52.21875302591877,True
2010-08-03,182.29980919737278,130.4242337988018,51.87557539857099,True
2010-08-04,182.91484402909018,131.38143237707084,51.53341165201934,True
2010-08-05,183.53122038164102,132.33896713240438,51.19225324923664,True
2010-08-06,184.14893878390905,133.29684443088954,50.85209435301951,True
2010-08-07,184.76799865955425,134.25506661548485,50.5129320440694,True
2010-08-08,185.3883976721733,135.21363136679278,50.17476630538053,True
2010-08-09,186.01013102966013,136.17253145123777,49.837599578422356,True
2010-08-10,186.63319093947348,137.13175518679878,49.501435752674695,True
2010-08-11,187.25756645354573,138.09128782266464,49.166278630881095,True
2010-08-12,187.88324387042073,139.0511137037699,48.83213016665084,True
2010-08-13,188.51020766755542,140.01121872496242,48.498988942593,True
2010-08-14,189.13844172303897,140.9715924243719,48.166849298667074,True
2010-08-15,189.76793049481455,141.93222924418149,47.835701250633065,True
2010-08-16,190.39865990341173,142.89312886216044,47.50553104125129,True
2010-08-17,191.03061783045467,143.85429581473986,47.17632201571482,True
2010-08-18,191.66379428623932,144.8157387499058,46.84805553633353,True
2010-08-19,192.29818136151673,145.77746959518575,46.520711766330976,True
2010-08-20,192.93377307363357,146.7395028057919,46.19427026784169,True
2010-08-21,193.5705651819013,147.7018547498931,45.868710432008186,True
2010-08-22,194.20855500970148,148.66454322146868,45.54401178823281,True
2010-08-23,194.8477412838933,149.62758704357674,45.22015424031656,True
2010-08-24,195.48812398755717,150.5910057229909,44.897118264566274,True
2010-08-25,196.12970421754963,151.5548191283255,44.574885089224125,True
2010-08-26,196.77248404017743,152.51904717852247,44.25343686165496,True
2010-08-27,197.41646634295392,153.48370954039538,43.93275680255854,True
2010-08-28,198.0616546847158,154.44882533884905,43.61282934586674,True
2010-08-29,198.70805314791312,155.41441287997634,43.29364026793678,True
2010-08-30,199.35566619427763,156.38048937650575,42.97517681777188,True
2010-08-31,200.0044985181149,157.34707065011057,42.65742786800433,True
2010-09-01,200.65455488106593,158.31417077057375,42.34038411049218,True
2010-09-02,201.30583990040125,159.28180158421026,42.024038316190996,True
2010-09-03,201.95835775367212,160.24997209268238,41.708385660989734,True
2010-09-04,202.61211176299415,161.21868768137614,41.39342408161801,True
2010-09-05,203.26710384345404,162.18794927674253,41.07915456671151,True
2010-09-06,203.92333385343045,163.15775263312955,40.7655812203009,True
2010-09-07,204.5807989688932,164.12808807128047,40.45271089761272,True
2010-09-08,205.23949328624155,165.0989410183395,40.14055226790205,True
2010-09-09,205.89940787142373,166.07029352729077,39.82911434413296,True
2010-09-10,206.56053135927544,167.04212658332463,39.51840477595081,True
2010-09-11,207.2228509950195,168.01442262885132,39.20842836616819,True
2010-09-12,207.88635382882413,168.9871676281279,38.89918620069622,True
2010-09-13,208.55102774706154,169.9603522338038,38.590675513257736,True
2010-09-14,209.21686214951086,170.93397202195123,38.282890127559625,True
2010-09-15,209.8838482522732,171.90802706359875,37.975821188674445,True
2010-09-16,210.55197911042367,172.88252118535294,37.66945792507073,True
2010-09-17,211.2212494858529,173.85746119630718,37.36378828954571,True
2010-09-18,211.89165566268716,174.8328562322073,37.058799430479866,True
2010-09-19,212.56319527221459,175.80871726231152,36.75447800990307,True
2010-09-20,213.23586715345613,176.785056740614,36.45081041284212,True
2010-09-21,213.90967125133275,177.7618883547296,36.14778289660316,True
2010-09-22,214.58460854101344,178.73922682012096,35.845381720892476,True
2010-09-23,215.26068096173643,179.71708767449093,35.5435932872455,True
2010-09-24,215.93789134374745,180.69548704075046,35.24240430299699,True
2010-09-25,216.61624331602366,181.67444134258514,34.941801973438515,True
2010-09-26,217.2957411881677,182.6539669702142,34.6417742179535,True
2010-09-27,217.97638980497624,183.63407990163603,34.34230990334021,True
2010-09-28,218.65819437443005,184.61479528391638,34.043399090513674,True
2010-09-29,219.34116026769692,185.59612697008959,33.745033297607335,True
2010-09-30,220.02529278321563,186.5780869939872,33.447205789228434,True
2010-10-01,220.7105968583091,187.56068495590233,33.14991190240676,True
2010-10-02,221.39707670604028,188.5439272984241,32.85314940761617,True
2010-10-03,222.08473536009316,189.5278164881614,32.55691887193177,True
2010-10-04,222.77357413589024,190.5123501955867,32.26122394030355,True
2010-10-05,223.46359206756503,191.49752067365938,31.96607139390565,True
2010-10-06,224.15478544792487,192.4833146298862,31.67147081803867,True
2010-10-07,224.84714764583714,193.46971387911802,31.377433766719122,True
2010-10-08,225.54066934939087,194.45669687892104,31.08397247046983,True
2010-10-09,226.23533925840175,195.44424091747973,30.79109834092202,True
2010-10-10,226.93114507700085,196.43232442771037,30.49882064929048,True
2010-10-11,227.62807454412186,197.4209288493263,30.20714569479557,True
2010-10-12,228.32611625897235,198.41003968989884,29.91607656907351,True
2010-10-13,229.02526018109694,199.39964677573445,29.625613405362486,True
2010-10-14,229.7254978194723,200.38974392689113,29.33575389258118,True
2010-10-15,230.42682220435734,201.3803283579902,29.046493846367127,True
2010-10-16,231.12922775018592,202.37140004614366,28.757827704042256,True
2010-10-17,231.8327100938914,203.3629612045137,28.469748889377684,True
2010-10-18,232.53726595876182,204.35501591074066,28.18225004802116,True
2010-10-19,233.24289306447014,205.34756988101427,27.895323183455872,True
2010-10-20,233.94959008322627,206.3406303487331,27.60895973449317,True
2010-10-21,234.6573566287462,207.33420599223254,27.323150636513645,True
2010-10-22,235.36619325683742,208.3283068523893,27.03788640444813,True
2010-10-23,236.0761014528208,209.32294418552587,26.753157267294938,True
2010-10-24,236.78708358177346,210.31813020955457,26.46895337221889,True
2010-10-25,237.49914278281022,211.3138777207166,26.185265062093634,True
2010-10-26,238.21228279737605,212.31019958087143,25.90208321650462,True
2010-10-27,238.92650773124902,213.30710809472092,25.6193996365281,True
2010-10-28,239.64182175720998,214.3046143064184,25.337207450791595,True
2010-10-29,240.35822876765585,215.30272724390923,25.055501523746614,True
2010-10-30,241.0757319843861,216.301453132649,24.774278851737108,True
2010-10-31,241.79433353082388,217.300794600415,24.493538930408874,True
2010-11-01,242.51403397726017,218.30074991589706,24.21328406136311,True
2010-11-02,243.23483188883625,219.30131235248876,23.93351953634749,True
2010-11-03,243.95672343890186,220.30246983321445,23.654253605687416,True
2010-11-04,244.6797021842666,221.30420505414884,23.375497130117765,True
2010-11-05,245.40375910731214,222.30649624598422,23.09726286132792,True
2010-11-06,246.1288829867086,223.30931858326392,22.819564403444673,True
2010-11-07,246.8550610641536,224.3126460290863,22.542415035067307,True
2010-11-08,247.5822798717512,225.31645322821475,22.265826643536457,True
2010-11-09,248.31052603417774,226.32071704790843,21.98980898626931,True
2010-11-10,249.03978689066565,227.3254175229417,21.714369367723947,True
2010-11-11,249.77005086785007,228.33053818623597,21.439512681614104,True
2010-11-12,250.50130762197116,229.3360659371781,21.165241684793074,True
2010-11-13,251.23354802033026,230.341990662061,20.891557358269267,True
2010-11-14,251.96676404248996,231.3483047958431,20.618459246646864,True
2010-11-15,252.70094866681893,232.3550029507135,20.345945716105433,True
2010-11-16,253.43609578471305,233.36208167259122,20.07401411212183,True
2010-11-17,254.17220016306405,234.36953933709117,19.80266082597288,True
2010-11-18,254.9092574580431,235.37737616159657,19.531881296446528,True
2010-11-19,255.64726426903252,236.38559428443088,19.26166998460164,True
2010-11-20,256.3862182091005,237.39419784185753,18.992020367242958,True
2010-11-21,257.12611795782664,238.40319295969653,18.72292499813011,True
2010-11-22,257.8669632559544,239.41258757466628,18.4543756812881,True
2010-11-23,258.6087548032663,240.42239101886767,18.18636378439865,True
2010-11-24,259.35149403433314,241.43261334234677,17.918880691986374,True
2010-11-25,260.0951827702558,242.4432644058984,17.651918364357414,True
2010-11-26,260.8398227712675,243.45435283044537,17.385469940822134,True
2010-11-27,261.5854152350598,244.4658849194657,17.11953031559412,True
2010-11-28,262.3319602919502,245.47786366772544,16.85409662422478,True
2010-11-29,263.07945654159687,246.49028794278186,16.589168598815007,True
2010-11-30,263.82790066524706,247.50315189758055,16.324748767666506,True
2010-12-01,264.5772871418371,248.51644466127246,16.060842480564617,True
2010-12-02,265.32760809866573,249.53015036124413,15.79745773742161,True
2010-12-03,266.0788533312521,250.54424853194075,15.534604799311353,True
2010-12-04,266.8310105195837,251.5587149370316,15.27229558255209,True
2010-12-05,267.58406563967395,252.57352275722155,15.010542882452398,True
2011-04-17,11.31331086346277,26.487510443858103,15.174199580395333,True
2011-04-18,12.083862615880891,27.465236649927743,15.381374034046852,True
2011-04-19,12.853773125005018,28.442417803175363,15.588644678170345,True
2011-04-20,13.623043119356627,29.41907965129653,15.796036531939905,True
2011-04-21,14.391671627699456,30.39524545300903,16.003573825309573,True
2011-04-22,15.159655496699749,31.370934466653107,16.21127896995336,True
2011-04-23,15.926989330606233,32.346161349843,16.41917201923677,True
2011-04-24,16.69366573287651,33.32093631092249,16.62727057804598,True
2011-04-25,17.45967568595227,34.29526569230352,16.835590006351254,True
2011-04-26,18.225008937572152,35.269152684225276,17.044143746653123,True
2011-04-27,18.989654321254267,36.242597972992634,17.252943651738367,True
2011-04-28,19.75359998966793,37.21560023744253,17.4620002477746,True
2011-04-29,20.516833571070357,38.18815648474858,17.671322913678225,True
2011-04-30,21.27934227346994,39.16026225941131,17.88091998594137,True
2011-05-01,22.04111296496396,40.131911777566145,18.090798812602184,True
2011-05-02,22.802132256583203,41.10309804229788,18.300965785714677,True
2011-05-03,23.562386608517603,42.07381299019542,18.51142638167782,True
2011-05-04,24.321862473025817,43.044047707565646,18.72218523453983,True
2011-05-05,25.080546478767985,44.01379273863633,18.933246259868348,True
2011-05-06,25.838425653393116,44.98303849099672,19.144612837603603,True
2011-05-07,26.59548767591557,45.95177573008426,19.356288054168687,True
2011-05-08,27.351721149015795,46.919996148938445,19.56827499992265,True
2011-05-09,28.107115883334348,47.88769300266991,19.780577119335565,True
2011-05-10,28.861663188084165,48.854861804576466,19.9931986164923,True
2011-05-11,29.615356159930627,49.82150108220203,20.206144922271406,True
2011-05-12,30.368189950010777,50.787613173209664,20.419423223198887,True
2011-05-13,31.1201619652476,51.753204991899196,20.633043026651595,True
2011-05-14,31.871271930622513,52.718288620482326,20.847016689859814,True
2011-05-15,32.621521721380645,53.68288150493256,21.061359783551914,True
2011-05-16,33.37091489441358,54.64700602374606,21.276091129332478,True
2011-05-17,34.119455923346734,55.61068831077282,21.491232387426088,True
2011-05-18,34.867149253624895,56.57395644912804,21.706807195503146,True
2011-05-19,35.61399838182204,57.53683840454915,21.922840022727108,True
2011-05-20,36.360005164937895,58.49936017493234,22.139355009994446,True
2011-05-21,37.10516947356519,59.461544523036395,22.356375049471204,True
2011-05-22,37.84948917602489,60.4234104103496,22.573921234324708,True
2011-05-23,38.59296035019377,61.38497301700476,22.79201266681099,True
2011-05-24,39.33557759569186,62.34624411702349,23.01066652133163,True
2011-05-25,40.07733434515609,63.30723258126704,23.229898236110948,True
2011-05-26,40.818223117235696,64.26794484713685,23.44972172990115,True
2011-05-27,41.55823569277263,65.22838527115923,23.6701495783866,True
2011-05-28,42.29736322151547,66.1885563415171,23.89119312000163,True
2011-05-29,43.035596281136776,67.14845876798718,24.112862486850403,True
2011-05-30,43.772924917340646,68.10809149191407,24.33516657457342,True
2011-05-31,44.50933869637394,69.06745167460303,24.558112978229097,True
2011-06-01,45.2448268000541,70.02653473110102,24.781707931046924,True
2011-06-02,45.97937818772375,70.98533447613438,25.00595628841063,True
2011-06-03,46.71298183845518,71.94384343664495,25.230861598189776,True
2011-06-04,47.44562707108941,72.90205335951903,25.45642628842962,True
2011-06-05,48.177303922599535,73.8599559077515,25.682651985151963,True
2011-06-06,48.9080035518628,74.81754350324793,25.909539951385135,True
2011-06-07,49.63771863026491,75.77481025093493,26.137091620670027,True
2011-06-08,50.366443682739124,76.73175287212115,26.365309189382025,True
2011-06-09,51.094175348338105,77.68837157977455,26.59419623143645,True
2011-06-10,51.82091253201211,78.64467083110046,26.823758299088347,True
2011-06-11,52.54665641606169,79.60065988167213,27.054003465610442,True
2011-06-12,53.271410295322916,80.55635304187864,27.28494274655572,True
2011-06-13,53.995179206294786,81.51176952158357,27.516590315288788,True
2011-06-14,54.71796934929106,82.46693277590634,27.748963426615283,True
2011-06-15,55.43978735505471,83.42186935585433,27.982082000799615,True
2011-06-16,56.16063950395005,84.37660740411282,28.215967900162767,True
2011-06-17,56.88053103448968,85.33117505553989,28.45064402105021,True
2011-06-18,57.599465656079246,86.28559903340626,28.68613337732701,True
2011-06-19,58.317445316161994,87.23990365400502,28.922458337843025,True
2011-06-20,59.03447019786405,88.19411030868503,29.159640110820973,True
2011-06-21,59.75053887438751,89.14823735768361,29.397698483296104,True
2011-06-22,60.46564853344737,90.10230029449913,29.63665176105176,True
2011-06-23,61.17979520043037,91.05631202845883,29.876516828028464,True
2011-06-24,61.892973916179805,92.0102831631656,30.11730924698579,True
2011-06-25,62.60517885175553,92.96422219261115,30.359043340855614,True
2011-06-26,63.31640336304207,93.9181355785085,30.601732215466427,True
2011-06-27,64.02664000294119,94.87202770727137,30.84538770433018,True
2011-06-28,64.73588052020308,95.82590075537072,31.090020235167643,True
2011-06-29,65.4441158829385,96.77975452097525,31.33563863803674,True
2011-06-30,66.1513363702584,97.73358630773518,31.582249937476774,True
2011-07-01,66.85753177332973,98.68739096667406,31.829859193344333,True
2011-07-02,67.56269173236615,99.64116120149399,32.07846946912784,True
2011-07-03,68.26680620646331,100.59488820785104,32.32808200138773,True
2011-07-04,68.96986603397453,101.54856264589728,32.57869661192275,True
2011-07-05,69.67186350615854,102.50217585586071,32.83031234970217,True
2011-07-06,70.37279286243101,103.45572115414325,33.082928291712236,True
2011-07-07,71.07265062945916,104.40919502473064,33.336544395271474,True
2011-07-08,71.77143576102148,105.3625980537326,33.59116229271112,True
2011-07-09,72.4691495732681,106.31593551916751,33.84678594589941,True
2011-07-10,73.16579549570157,107.2692176083246,34.10342211262302,True
2011-07-11,73.86137866884592,108.22245927045353,34.36108060160761,True
2011-07-12,74.55590542309356,109.17567972740848,34.619774304314916,True
2011-07-13,75.24938267959692,110.12890167885567,34.87951899925875,True
2011-07-14,75.9418173264785,111.08215026761654,35.14033294113804,True
2011-07-15,76.63321563558716,112.03545191232577,35.402236276738606,True
2011-07-16,77.32358278529584,112.98883314828326,35.66525036298742,True
2011-07-17,78.01292253659882,113.94231961924936,35.92939708265054,True
2011-07-18,78.70123707682232,114.89593532426738,36.19469824744506,True
2011-07-19,79.38852701003874,115.84970215791697,36.46117514787822,True
2011-07-20,80.07479144856461,116.803639715677,36.72884826711238,True
2011-07-21,80.76002815163463,117.7577652899557,36.99773713832107,True
2011-07-22,81.44423366338589,118.7120939642657,37.26786030087982,True
2011-07-23,82.12740341643158,119.66663871783419,37.53923530140261,True
2011-07-24,82.80953178384281,120.62141047077954,37.81187868693672,True
2011-07-25,83.49061207846636,121.57641802329465,38.085805944828294,True
2011-07-26,84.17063651417365,122.5316678688461,38.36103135467245,True
2011-07-27,84.84959616006532,123.48716389377758,38.63756773371226,True
2011-07-28,85.52748093594109,124.44290701798543,38.91542608204435,True
2011-07-29,86.20427971189862,125.39889488352372,39.1946151716251,True
2011-07-30,86.87998057766653,126.35512174863769,39.475141170971156,True
2011-07-31,87.55457132540693,127.31157876614287,39.75700744073595,True
2011-08-01,88.2280401351648,128.268254780812,40.04021464564718,True
2011-08-02,88.90037637485278,129.22513765225273,40.32476127739994,True
2011-08-03,89.57157136062922,130.18221593098338,40.610644570354154,True
2011-08-04,90.24161891044554,131.13948057247268,40.89786166202714,True
2011-08-05,90.91051557928272,132.0969263518507,41.18641077256798,True
2011-08-06,91.57826056073826,133.05455275356152,41.476292192823266,True
2011-08-07,92.24485532408335,134.0123642838014,41.76750895971804,True
2011-08-08,92.91030309318573,134.97037029469757,42.06006720151184,True
2011-08-09,93.5746082644294,135.92858446881252,42.353976204383116,True
2011-08-10,94.23777582916537,136.88702410197016,42.64924827280478,True
2011-08-11,94.89981083658508,137.84570928220674,42.945898445621665,True
2011-08-12,95.56071791643951,138.8046620277624,43.243944111322875,True
2011-08-13,96.22050087619284,139.7639054313894,43.543404555196545,True
2011-08-14,96.87916238636974,140.72346285737646,43.84430047100672,True
2011-08-15,97.5367037640179,141.68335723887265,44.146653474854745,True
2011-08-16,98.19312485476239,142.64361051553573,44.45048566077334,True
2011-08-17,98.84842400102835,143.60424323213022,44.75581923110187,True
2011-08-18,99.50259807219155,144.56527429203754,45.062676219846,True
2011-08-19,100.15564252557816,145.5267208336788,45.37107830810065,True
2011-08-20,100.80755146685483,146.4885981790013,45.681046712146454,True
2011-08-21,101.45831768369071,147.45091979390241,45.992602110211706,True
2011-08-22,102.10793263614819,148.41369720011073,46.30576456396254,True
2011-08-23,102.75638640031194,149.37693978555848,46.62055338524654,True
2011-08-24,103.40366757880052,150.34065447707522,46.9369868982747,True
2011-08-25,104.04976321423656,151.30484527052388,47.25508205628732,True
2011-08-26,104.69465876891265,152.26951266690236,47.57485389798971,True
2011-08-27,105.3383382591444,153.23465314145196,47.896314882307564,True
2011-08-28,105.98078463941495,154.2002588614308,48.21947422201585,True
2011-08-29,106.62198049482816,155.16631792024958,48.54433742542142,True
2011-08-30,107.26190900525965,156.13281530045782,48.87090629519817,True
2011-08-31,107.90055501372194,157.09973457300106,49.199179559279116,True
2011-09-01,108.53790593662073,158.06706004515726,49.52915410853653,True
2011-09-02,109.17395227227964,159.03477885298162,49.86082658070198,True
2011-09-03,109.80868760382322,160.00288250931888,50.194194905495664,True
2011-09-04,110.44210816943249,160.9713676565957,50.529259487163216,True
2011-09-05,111.07421218374884,161.94023607008884,50.86602388634,True
2011-09-06,111.7049991003707,162.90949414607223,51.204495045701535,True
2011-09-07,112.33446894207118,163.8791521416621,51.54468319959092,True
2011-09-08,112.96262174977223,164.84922336350144,51.88660161372921,True
2011-09-09,113.58945714909106,165.81972340773527,52.23026625864421,True
2011-09-10,114.21497401136304,166.79066948187653,52.575695470513494,True
2011-09-11,114.83917018549047,167.76207980305168,52.9229096175612,True
2011-09-12,115.46204228567964,168.73397305946523,53.271930773785584,True
2011-09-13,116.08358552895048,169.70636792919447,53.62278240024399,True
2011-09-14,116.70379362042124,170.67928266027133,53.97548903985009,True
2011-09-15,117.32265868283619,171.65273472035193,54.33007603751574,True
2011-09-16,117.94017122137721,172.62674052004192,54.68656929866471,True
2011-09-17,118.55632010849084,173.60131520232267,55.04499509383183,True
2011-09-18,119.17109256917027,174.5764724751196,55.40537990594933,True
2011-09-19,119.78447414688492,175.55222444888457,55.767750301999655,True
2011-09-20,120.39644863539755,176.5285814295232,56.13213279412565,True
2011-09-21,121.00699797322001,177.5055516123603,56.4985536391403,True
2011-09-22,121.61610211707207,178.48314063016744,56.867038513095366,True
2011-09-23,122.22373893987485,179.4613509364123,57.23761199653744,True
2011-09-24,122.82988423570102,180.44018106582257,57.610296830121555,True
2011-09-25,123.43451194738493,181.41962491489852,57.98511296751359,True
2011-09-26,124.0375947354779,182.39967130738412,58.36207657190623,True
2011-09-27,124.63910494297517,183.38030418843738,58.74119924546221,True
2011-09-28,125.23901586208727,184.36150372180748,59.12248785972021,True
2011-09-29,125.83730302726657,185.34324828393605,59.50594525666948,True
2011-09-30,126.43394516374987,186.32551695344765,59.89157178969778,True
2011-10-01,127.02892451398696,187.3082918362667,60.27936732227974,True
2011-10-02,127.62222650904972,188.29155964573934,60.669333136689616,True
2011-10-03,128.21383898728257,189.27531231289373,61.06147332561116,True
2011-10-04,128.8037512525212,190.25954677628948,61.45579552376827,True
2011-10-05,129.39195320540549,191.2442642899264,61.85231108452092,True
2011-10-06,129.97843466049693,192.22946957432129,62.251034913824355,True
2011-10-07,130.5631848596023,193.21517001951116,62.65198515990886,True
2011-10-08,131.14619213782333,194.2013750265962,63.05518288877286,True
2011-10-09,131.727443686049,195.1880954916809,63.4606518056319,True
2011-10-10,132.3069253634254,196.17534339667878,63.86841803325339,True
2011-10-11,132.88462153088685,197.16313146307527,64.27850993218843,True
2011-10-12,133.46051489344893,198.15147283361208,64.69095794016314,True
2011-10-13,134.03458635053812,199.14038076237543,65.10579441183731,True
2011-10-14,134.60681485875827,200.12986830846378,65.52305344970551,True
2011-10-15,135.1771773105702,201.1199480372527,65.94277072668251,True
2011-10-16,135.74564842731561,202.11063173364352,66.3649833063279,True
2011-10-17,136.3122006588641,203.1019301235176,66.7897294646535,True
2011-10-18,136.87680407840975,204.0938525852852,67.21704850687544,True
2011-10-19,137.43942626303436,205.08640681715946,67.6469805541251,True
2011-10-20,138.00003216171322,206.079598413555,68.07956625184178,True
2011-10-21,138.55858397503843,207.0734303041843,68.51484632914588,True
2011-10-22,139.11504110573017,208.0679020340179,68.95286092828772,True
2011-10-23,139.66936028064336,209.06300892568268,69.39364864503932,True
2011-10-24,140.22149597510162,210.0587412754039,69.83724530030227,True
2011-10-25,140.77140125323393,211.05508386711296,70.28368261387902,True
2011-10-26,141.31902903343635,212.05201617057432,70.73298713713797,True
2011-10-27,141.86433359519805,213.0495135023114,71.18517990711337,True
2011-10-28,142.4072719496618,214.047549113681,71.64027716401918,True
2011-10-29,142.9478046526604,215.04609675197557,72.09829209931516,True
2011-10-30,143.48589582650203,216.0451329972531,72.55923717075106,True
2011-10-31,144.0215124724245,217.04463880046043,73.02312632803594,True
2011-11-01,144.55462339017512,218.0446000374441,73.48997664726897,True
2011-11-02,145.08519805519546,219.04500726751638,73.95980921232092,True
2011-11-03,145.61320568443128,220.04585505292818,74.4326493684969,True
2011-11-04,146.13861456822335,221.04714116310188,74.90852659487854,True
2011-11-05,146.66139163856866,222.04886586401892,75.38747422545026,True
2011-11-06,147.18150219873354,223.0510313720201,75.86952917328657,True
2011-11-07,147.69890973657516,224.05364147046626,76.3547317338911,True
2011-11-08,148.21357576112143,225.05670124715215,76.84312548603071,True
2011-11-09,148.72545962446497,226.06021689744028,77.33475727297531,True
2011-11-10,149.23451831220032,227.06419554121075,77.82967722901043,True
2011-11-11,149.7407062028896,228.06864501365294,78.32793881076333,True
2011-11-12,150.24397480900214,229.073573606046,78.82959879704387,True
2011-11-13,150.74427251743438,230.07898974901164,79.33471723157726,True
2011-11-14,151.24154434697115,231.08490164299783,79.84335729602668,True
2011-11-15,151.7357317346206,232.0913168451493,80.3555851105287,True
2011-11-16,152.22677235655627,233.09824181655443,80.87146945999817,True
2011-11-17,152.71459998788086,234.10568142119067,81.39108143330981,True
2011-11-18,153.19914441396438,235.11363835421125,81.91449394024687,True
2011-11-19,153.68033142790375,236.12211247334,82.44178104543624,True
2011-11-20,154.15808298170188,237.1311000270311,82.97301704532921,True
2011-11-21,154.63231759159433,238.1405928301459,83.50827523855156,True
2011-11-22,155.10295110534642,239.15057753466587,84.04762642931945,True
2011-11-23,155.5698978855091,240.1610352523083,84.59113736679919,True
2011-11-24,156.03307232387976,241.17194183662036,85.1388695127406,True
2011-11-25,156.4923904099646,242.1832690320883,85.6908786221237,True
2011-11-26,156.9477709394434,243.19498641790472,86.24721547846133,True
2011-11-27,157.3991359957606,244.2070637335314,86.80792773777083,True
2011-11-28,157.84641058803004,245.2194729944383,87.37306240640825,True
2011-11-29,158.28952163700666,246.2321899219576,87.94266828495094,True
2011-11-30,158.72839667852594,247.24519453038593,88.51679785185999,True
2011-12-01,159.16296263125773,248.2584710195474,89.09550838828966,True
2011-12-02,159.5931448284312,249.2720072655921,89.67886243716089,True
2011-12-03,160.0188663570737,250.28579418795675,90.26692783088305,True
2011-12-04,160.4400476487164,251.2998251769008,90.85977752818442,True
2011-12-05,160.85660622769944,252.31409566678568,91.45748943908623,True
2011-12-06,161.26845652487592,253.32860286800368,92.06014634312777,True
2011-12-07,161.67550968358927,254.34334562774433,92.66783594415506,True
2011-12-08,162.07767330889754,255.35832436795158,93.28065105905404,True
2011-12-09,162.47485113590986,256.3735410397234,93.89868990381356,True
2011-12-10,162.8669426180839,257.388999033191,94.5220564151071,True
2011-12-11,163.2538424604517,258.4047029902241,95.15086052977242,True
2011-12-12,163.63544014292378,259.4206584844754,95.7852183415516,True
2011-12-13,164.01161949051422,260.4368715572952,96.42525206678098,True
2011-12-14,164.38225834713228,261.4533481231319,97.07108977599961,True
2011-12-15,164.74722839858273,262.47009327622237,97.72286487763964,True
2011-12-16,165.10639517530706,263.4871105359004,98.38071536059334,True
2011-12-17,165.45961825584556,264.5044010618815,99.04478280603593,True
2011-12-18,165.80675169462413,265.52196286315143,99.7152111685273,True
2011-12-19,166.14764470971312,266.5397900296408,100.39214531992769,True
2011-12-20,166.48214267228101,267.55787204722344,101.07572937494243,True
2011-12-21,166.81008841452152,268.57619331287464,101.76610489835312,True
2011-12-22,167.13132379507763,269.59473302335743,102.4634092282798,True
2011-12-23,167.4456913352655,270.61346561857584,103.16777428331034,True
2011-12-24,167.75303561826863,271.63236187059294,103.87932625232432,True
2011-12-25,168.05320411523476,272.6513905206665,104.59818640543173,True
2011-12-26,168.3460472277492,273.6705201607467,105.32447293299751,True
2011-12-27,168.6314175779289,274.68972095706306,106.05830337913417,True
2011-12-28,168.9091688064166,275.7089658889749,106.79979708255829,True
2011-12-29,169.1791542341611,276.7282313753006,107.54907714113949,True
2011-12-30,169.4412256850657,277.7474973624897,108.30627167742401,True
2011-12-31,169.69523262449644,278.76674706383903,109.0715144393426,True
2012-01-01,169.9410216305208,279.7859665533574,109.84494492283662,True
2012-01-02,170.17843612724184,280.8051443706029,110.62670824336104,True
2012-01-03,170.40731627489168,281.8242712283506,111.41695495345891,True
2012-01-04,170.62749891118636,282.84333985890726,112.21584094772089,True
2012-01-05,170.83881745507463,283.86234499358625,113.02352753851162,True
2012-01-06,171.04110170848003,284.8812834395759,113.84018173109587,True
2012-01-07,171.23417752310647,285.90015419400817,114.6659766709017,True
2012-01-08,171.41786634055302,286.91895851501585,115.50109217446283,True
2012-01-09,171.59198466537225,287.9376998582085,116.34571519283622,True
2012-01-10,171.75634358519574,288.95638359303405,117.20004000783831,True
2012-01-11,171.91074849301455,289.9750164448226,118.06426795180803,True
2012-01-12,172.05499917331204,290.9936056641212,118.93860649080918,True
2012-01-13,172.1888903739117,292.01215799034594,119.82326761643424,True
2012-01-14,172.31221290815944,293.03067852709194,120.7184656189325,True
2012-01-15,172.42475524706285,294.0491696615844,121.62441441452157,True
2012-01-16,172.52630550088293,295.067630139687,122.5413246388041,True
2012-01-17,172.61665366768602,296.086054370008,123.46940070232199,True
2012-01-18,172.69559402837095,297.1044320015073,124.40883797313634,True
2012-01-19,172.7629275652669,298.1227478115207,125.3598202462538,True
2012-01-20,172.8184642562115,299.1409819460535,126.32251768984199,True
2012-01-21,172.8620250585268,300.1591105458898,127.297085487363,True
2012-01-22,172.8934433860602,301.17710674704256,128.28366336098236,True
2012-01-23,172.91256593925874,302.19494196284387,129.28237602358513,True
2012-01-24,172.9192528808079,303.21258727069005,130.29333438988215,True
2012-01-25,172.91337751193416,304.2300146874554,131.31663717552127,True
2012-01-26,172.89482572135736,305.2471981520174,132.35237243066004,True
2012-01-27,172.8634954971375,306.26411412652743,133.40061862938992,True
2012-01-28,172.8192967155547,307.2807418344265,134.4614451188718,True
2012-01-29,172.76215129981202,308.29706322969264,135.53491192988062,True
2012-01-30,172.69199372884006,309.3130628215639,136.62106909272384,True
2012-01-31,172.60877180251597,310.3287274704282,137.71995566791222,True
2012-02-01,172.5124475367422,311.34404624214557,138.83159870540337,True
2012-02-02,172.4029980588501,312.3590103746027,139.9560123157526,True
2012-02-03,172.2804163898234,313.373613377865,141.09319698804163,True
2012-02-04,172.14471203167994,314.38785125659746,142.2431392249175,True
2012-02-05,171.99591133093702,315.40172280619475,143.40581147525774,True
2012-02-06,171.83405767013627,316.4152298906105,144.5811722204742,True
2012-02-07,171.65921164839713,317.4283775672054,145.76916591880828,True
2012-02-08,171.47145152567757,318.44117390183254,146.96972237615498,True
2012-02-09,171.27087427025907,319.45362934411344,148.18275507385437,True
2012-02-10,171.0575974981309,320.4657556268371,149.40815812870622,True
2012-02-11,170.8317623954879,321.4775642973138,150.64580190182588,True
2012-02-12,170.593537426363,322.4890651214798,151.8955276951168,True
2012-02-13,170.3431223780159,323.5002646517177,153.15714227370182,True
2012-02-14,170.08075220899389,324.5111651889962,154.4304129800023,True
2012-02-15,169.8067002595313,325.5217642394386,155.71506397990728,True
2012-02-16,169.52128057555132,326.53205443932563,157.01077386377432,True
2012-02-17,169.22484927308196,327.54202385326283,158.31717458018088,True
2012-02-18,168.9178049684564,328.5516565418952,159.63385157343882,True
2012-02-19,168.6005883300226,329.56093331854356,160.96034498852097,True
2012-02-20,168.27368081453088,330.5698326350818,162.29615182055093,True
2012-02-21,167.93760267496296,331.57833153946626,163.6407288645033,True
2012-02-22,167.59291037467503,332.5864066343998,164.99349625972476,True
2012-02-23,167.2401935936214,333.59403495519445,166.35384136157305,True
2012-02-24,166.88007203376748,334.60119469079365,167.72112265702617,True
2012-02-25,166.51319220364195,335.6078656997989,169.09467349615693,True
2012-02-26,166.14022429296512,336.6140298148292,170.4738055218641,True
2012-02-27,165.76185916326392,337.6196709690895,171.85781180582558,True
2012-02-28,165.3788054074228,338.62477520705204,173.24596979962925,True
2012-02-29,164.99178638698345,339.6293306528423,174.63754426585888,True
2012-03-01,164.6015371436767,340.63332750786066,176.03179036418396,True
2012-03-02,164.20880109664284,341.63675813789956,177.42795704125672,True
2012-03-03,163.81432647529493,342.63961729162867,178.82529081633373,True
2012-03-04,163.4188625019257,343.641902464415,179.7769600375107,True
2012-03-05,163.02315543473227,344.6436143779043,178.37954105682795,True
2012-03-06,162.6279447128295,345.64475748154746,176.98318723128205,True
2012-03-07,162.23395958775652,346.64534030345845,175.58861928429806,True
2012-03-08,161.84191671354606,347.64537541468155,174.1965412988645,True
2012-03-09,161.4525190918678,348.6448787794065,172.8076403124613,True
2012-03-10,161.06645644874123,349.6438683968436,171.42258805189766,True
2012-03-11,160.68440661587564,350.6423623864149,170.04204422946074,True
2012-03-12,160.30703705349922,351.640376911823,168.6666601416762,True
2012-03-13,159.93500557339416,352.6379244251448,167.2970811482494,True
2012-03-14,159.56895967230687,353.63501257667957,165.9339470956273,True
2012-03-15,159.2095344379843,354.6316438738488,164.5778905641355,True
2012-03-16,158.85734942063797,355.6278159452073,163.22953347543066,True
2012-03-17,158.51300501090486,356.62352217001336,161.8894828408915,True
2012-03-18,158.17707878263866,357.6187524588727,160.55832632376598,True
2012-03-19,157.85012208722534,358.61349405066716,159.2366280365582,True
2012-03-20,157.53265703692642,359.607732266701,157.9249247702254,True
2012-03-21,157.22517393005288,0.6014512081294655,156.6237227219234,True
2012-03-22,156.928129141985,1.594634396900446,155.33349474508458,True
2012-03-23,156.64194350455406,2.5872653557914154,154.05467814876266,True
2012-03-24,156.36700119502393,3.5793281139218722,152.78767308110207,True
2012-03-25,156.10364913995812,4.5708076207983215,151.5328415191598,True
2012-03-26,155.85219690801728,5.561690058687036,150.29050684933023,True
2012-03-27,155.6129170287027,6.551963058233154,149.06095397046954,True
2012-03-28,155.38604564364164,7.541615840796572,147.84442980284507,True
2012-03-29,155.17178338238614,8.53063932783213,146.64114405455402,True
2012-03-30,154.97029635976085,9.519026269389999,145.45127009037085,True
2012-03-31,154.78171721708867,10.50677144849414,144.27494576859453,True
2012-04-01,154.6061461758139,11.493872013268017,143.11227416254587,True
2012-04-02,154.4436521415541,12.480327968662799,141.9633241728913,True
2012-04-03,154.29427399001324,13.466142814971903,140.82813117504134,True
2012-04-04,154.15802227048874,14.451324241445018,139.70669802904374,True
2012-04-05,154.03488163332705,15.43588467408051,138.59899695924653,True
2012-04-06,153.92481424027267,16.419841375604168,137.5049728646685,True
2012-04-07,153.8277641638821,17.40321578634541,136.4245483775367,True
2012-04-08,153.74366233723256,18.386031965385655,135.3576303718469,True
2012-04-09,153.67243118845997,19.3683143330032,134.30411685545675,True
2012-04-10,153.61398801269607,20.35008525259364,133.26390276010244,True
2012-04-11,153.56824654449284,21.33136308375412,132.2368834607387,True
2012-04-12,153.53511686227355,22.312161111790417,131.22295575048315,True
2012-04-13,153.51450425721072,23.292487382413338,130.2220168747974,True
2012-04-14,153.50630779905492,24.27234518680886,129.23396261224607,True
2012-04-15,153.51041911914422,25.25173386099533,128.2586852581489,True
2012-04-16,153.52672163356772,26.23064963510629,127.29607199846143,True
2012-04-17,153.5550902082254,27.209086390025725,126.34600381819968,True
2012-04-18,153.595391163429,28.18703627994424,125.40835488348478,True
2012-04-19,153.64748249954727,29.164490237246994,124.48299226230027,True
2012-04-20,153.71121425296607,30.1414383964065,123.56977585655957,True
2012-04-21,153.78642893017124,31.11787047029553,122.66855845987571,True
2012-04-22,153.87296199853253,32.093776098613205,121.77918589991933,True
2012-04-23,153.97064242798402,33.069145173623326,120.90149725436069,True
2012-04-24,154.07929327842137,34.043968139436394,120.03532513898497,True
2012-04-25,154.19873231832779,35.01823626063191,119.18049605769588,True
2012-04-26,154.32877264837578,35.99194186402891,118.33683078434686,True
2012-04-27,154.469223297024,36.96507857132742,117.50414472569659,True
2012-04-28,154.6198897592997,37.93764155619076,116.68224820310894,True
2012-04-29,154.78057446894266,38.90962787230777,115.8709465966349,True
2012-04-30,154.9510772303204,39.88103690289772,115.07004032742269,True
2012-05-01,155.13119569032062,40.851870967917364,114.27932472240326,True
2012-05-02,155.32072599560308,41.822136080220304,113.49858991538278,True
2012-05-03,155.51946383495482,42.79184275445331,112.7276210805015,True
2012-05-04,155.7272060622096,43.761006647744885,111.96619941446471,True
2012-05-05,155.94375296732056,44.72964869691559,111.21410427040497,True
2012-05-06,156.16891098228257,45.69779441339919,110.47111656888339,True
2012-05-07,156.40249526624234,46.66547220318646,109.73702306305589,True
2012-05-08,156.6443314411678,47.63271096863662,109.01162047253118,True
2012-05-09,156.8942559518602,48.59953760371711,108.29471834814309,True
2012-05-10,157.15211504068623,49.565975051531,107.58613998915523,True
2012-05-11,157.41776282544677,50.53204130655497,106.8857215188918,True
2012-05-12,157.69105914888792,51.49774933428529,106.19330981460263,True
2012-05-13,157.97186771530116,52.46310760646509,105.50876010883607,True
2012-05-14,158.26005474088444,53.42812089700475,104.83193384387968,True
2012-05-15,158.5554881077704,54.39279107707046,104.16269703069995,True
2012-05-16,158.8580368942951,55.35711777749787,103.50091911679723,True
2012-05-17,159.16757113352563,56.32109888778824,102.84647224573739,True
2012-05-18,159.4839616812286,57.28473091810238,102.19923076312622,True
2012-05-19,159.80708011792478,58.248009272835766,101.55907084508902,True
2012-05-20,160.13679864938217,59.210928484894794,100.92587016448738,True
2012-05-21,160.47298999908932,60.173482449045494,100.29950755004383,True
2012-05-22,160.81552730333374,61.135664677481444,99.6798626258523,True
2012-05-23,161.1642840251654,62.097468586071564,99.06681543909383,True
2012-05-24,161.51913390010927,63.058887809697445,98.46024609041183,True
2012-05-25,161.87995091820196,64.0199165426499,97.86003437555206,True
2012-05-26,162.2466093394424,64.98054990612228,97.26605943332011,True
2012-05-27,162.61898373909176,65.94078435742519,96.67819938166657,True
2012-05-28,162.996949090326,66.90061816941599,96.09633092091002,True
2012-05-29,163.38038091671865,67.8600520152027,95.52032890151595,True
2012-05-30,163.76915558322517,68.81908968049206,94.95006590273312,True
2012-05-31,164.163150830383,69.77773888018424,94.38541195019874,True
2012-06-01,164.56224666756162,70.7360120682208,93.82623459934082,True
2012-06-02,164.96632668989096,71.69392701319659,93.27239967669438,True
2012-06-03,165.37527973960314,72.65150682241962,92.72377291718352,True
2012-06-04,165.78900161761314,73.6087791294798,92.18022248813334,True
2012-06-05,166.20739637660353,74.56577438603692,91.6416219905666,True
2012-06-06,166.6303767493522,75.52252355777023,91.10785319158197,True
2012-06-07,167.057863542608,76.47905580501248,90.57880773759553,True
2012-06-08,167.4897842124773,77.4353967261051,90.0543874863722,True
2012-06-09,167.9260710885955,78.39156746096627,89.53450362762923,True
2012-06-10,168.36665970852596,79.34758460036001,89.01907510816595,True
2012-06-11,168.81148753630697,80.30346062652607,88.5080269097809,True
2012-06-12,169.26049312588495,81.25920457599432,88.00128854989063,True
2012-06-13,169.71361565180163,82.21482269681471,87.49879295498692,True
2012-06-14,170.1707946798465,83.17031898159992,87.00047569824658,True
2012-06-15,170.63197005835195,84.12569554439845,86.5062745139535,True
2012-06-16,171.09708184250135,85.08095286192508,86.01612898057627,True
2012-06-17,171.56607019910857,86.03608992505202,85.52998027405654,True
2012-06-18,172.03887526978198,86.99110435463952,85.04777091514246,True
2012-06-19,172.51543699440748,87.94599253348943,84.56944446091805,True
2012-06-20,172.9956949142606,88.9007497967767,84.09494511748392,True
2012-06-21,173.47958798426683,89.85537070879849,83.62421727546834,True
2012-06-22,173.96705442633586,90.80984943705501,83.15720498928086,True
2012-06-23,174.4580316509995,91.76418021978512,82.69385143121437,True
2012-06-24,174.95245626591824,92.71835791466808,82.23409835125017,True
2012-06-25,175.45026418256555,93.67237861669894,81.77788556586661,True
2012-06-26,175.9513908320936,94.62624033960908,81.32515049248452,True
2012-06-27,176.45577151054383,95.57994375909472,80.87582775144911,True
2012-06-28,176.96334188839344,96.53349300467652,80.42984888371693,True
2012-06-29,177.47403872774112,97.48689644798881,79.9871422797523,True
2012-06-30,177.9878008327509,98.44016736641336,79.54763346633754,True
2012-07-01,178.50457619502558,99.39333531431825,79.11124088070733,True
2012-07-02,179.0242992351297,100.34640177836518,78.67789745676451,True
2012-07-03,179.54692769319536,101.29940542863322,78.24752226456214,True
2012-07-04,180.0724192567664,102.25237636709069,77.82004288967572,True
2012-07-05,180.6007373728773,103.20534514973691,77.39539222314038,True
2012-07-06,181.13185045327234,104.15834084522375,76.97350960804859,True
2012-07-07,181.6657306717881,105.11138957493871,76.5543410968494,True
2012-07-08,182.20235267608047,106.06451373099695,76.13783894508352,True
2012-07-09,182.7416924778858,107.01773182218416,75.72396065570165,True
2012-07-10,183.2837266510656,107.97105874506913,75.31266790599646,True
2012-07-11,183.82843183995942,108.92450624799382,74.9039255919656,True
2012-07-12,184.37578450617306,109.87808340670962,74.49770109946344,True
2012-07-13,184.92576081930892,110.83179700599284,74.09396381331608,True
2012-07-14,185.47833660608234,111.78565178732129,73.69268481876105,True
2012-07-15,186.03348729377652,112.73965056864203,73.29383672513448,True
2012-07-16,186.59118780766173,113.69379427154875,72.89739353611297,True
2012-07-17,187.15141240466107,114.64808190972629,72.50333049493479,True
2012-07-18,187.71413444735595,115.6025106035839,72.11162384377205,True
2012-07-19,188.27932614348472,116.55707568891256,71.72225045457216,True
2012-07-20,188.84695829436714,117.51177097900374,71.3351873153634,True
2012-07-21,189.41700010687674,118.46658921763755,70.9504108892392,True
2012-07-22,189.9894191231202,119.42152272696141,70.56789639615879,True
2012-07-23,190.56418130846254,120.37656421792515,70.18761709053739,True
2012-07-24,191.14125131616703,121.33170770309992,69.8095436130671,True
2012-07-25,191.7205929243094,122.28694944008323,69.43364348422615,True
2012-07-26,192.30216962564583,123.24228883613151,69.05988078951432,True
2012-07-27,192.8859453450466,124.19772924939642,68.68821609565018,True
2012-07-28,193.47188525457966,125.1532786156962,68.31860663888347,True
2012-07-29,194.05995664162302,126.108949808746,67.95100683287701,True
2012-07-30,194.6501297538884,127.06476062139978,67.58536913248861,True
2012-07-31,195.24237850549926,128.0207332668985,67.22164523860076,True
2012-08-01,195.8366809063829,128.97689337052884,66.85978753585405,True
2012-08-02,196.43301910361805,129.93326854939292,66.49975055422513,True
2012-08-03,197.03137900672598,130.8898868098478,66.14149219687818,True
2012-08-04,197.63174957906526,131.846775055026,65.78497452403926,True
2012-08-05,198.23412196034286,132.8039579479214,65.43016401242147,True
2012-08-06,198.83848860183343,133.7614572449415,65.07703135689192,True
2012-08-07,199.44484254901442,134.7192915711216,64.72555097789282,True
2012-08-08,200.05317693078865,135.67747651239034,64.37570041839831,True
2012-08-09,200.66348464713104,136.6360248709952,64.02745977613586,True
2012-08-10,201.27575820630034,137.59494695031444,63.6808112559859,True
2012-08-11,201.88998964822605,138.55425077701895,63.3357388712071,True
2012-08-12,202.50617049308423,139.51394221181565,62.99222828126858,True
2012-08-13,203.12429166451332,140.47402493706068,62.650266727452646,True
2012-08-14,203.74434335082466,141.4345003411906,62.30984300963405,True
2012-08-15,204.36631478464244,142.3953673497703,61.97094743487213,True
2012-08-16,204.99019394361667,143.35662228223762,61.63357166137905,True
2012-08-17,205.6159672032772,144.31825883739106,61.29770836588614,True
2012-08-18,206.2436190044872,145.28026831760602,60.96335068688117,True
2012-08-19,206.87313162256453,146.24264017716706,60.63049144539747,True
2012-08-20,207.5044851289132,147.20536291705218,60.299122211861004,True
2012-08-21,208.13765760880645,148.1684252593542,59.969232349452255,True
2012-08-22,208.7726256446991,149.13181745221698,59.640808192482126,True
2012-08-23,209.40936501348978,150.09553251751558,59.3138324959742,True
2012-08-24,210.04785150422347,151.05956727378137,58.988284230442105,True
2012-08-25,210.68806175363696,152.02392302831709,58.66413872531987,True
2012-08-26,211.32997401446795,152.9886058987266,58.341368115741346,True
2012-08-27,211.97356879703838,153.953626767444,58.019942029594375,True
2012-08-28,212.618829342803,154.91900089053047,57.69982845227253,True
2012-08-29,213.26574189688614,155.88474719169008,57.38099470519606,True
2012-08-30,213.91429575446406,156.8508872941078,57.06340846035627,True
2012-08-31,214.5644830746703,157.81744438115575,56.747038693514554,True
2012-09-01,215.2162984883715,158.78444201662515,56.43185647174636,True
2012-09-02,215.86973856282944,159.75190307053097,56.11783549229847,True
2012-09-03,216.52480121040824,160.71984887176973,55.804952338638515,True
2012-09-04,217.18148512853804,161.6882986500016,55.493186478536444,True
2012-09-05,217.83978933504605,162.6572692596499,55.182520075396155,True
2012-09-06,218.4997128280285,163.6267751238384,54.87293770419009,True
2012-09-07,219.16125436594336,164.5968283082638,54.564426057679555,True
2012-09-08,219.82441233975615,165.56743863292894,54.25697370682721,True
2012-09-09,220.48918469628052,166.53861374414393,53.95057095213659,True
2012-09-10,221.15556886772683,167.5103590913169,53.64520977640993,True
2012-09-11,221.823561663834,168.48267777872937,53.34088388510463,True
2012-09-12,222.49315908887533,169.45557029302088,53.03758879585445,True
2012-09-13,223.16435605848918,170.42903414676204,52.73532191172714,True
2012-09-14,223.8371460152642,171.40306352947258,52.434082485791635,True
2012-09-15,224.51152048085592,172.37764911254203,52.13387136831389,True
2012-09-16,225.187468632287,173.35277819031796,51.83469044196903,True
2012-09-17,225.8649770331839,174.32843531890484,51.53654171427905,True
2012-09-18,226.54402965685995,175.30460350785208,51.23942614900787,True
2012-09-19,227.22460828299623,176.28126584344778,50.943342439548445,True
2012-09-20,227.9066932418796,177.2584072527756,50.64828598910398,True
2012-09-21,228.59026436959104,178.23601605306197,50.354248316529066,True
2012-09-22,229.27530198369433,179.21408501194685,50.061216971747484,True
2012-09-23,229.96178771431815,180.19261181736496,49.769175896953186,True
2012-09-24,230.64970510156266,181.17159901950774,49.47810608205492,True
2012-09-25,231.3390399475626,182.15105359245646,49.18798635510615,True
2012-09-26,232.02978045776692,183.13098626598094,48.89879419178598,True
2012-09-27,232.72191721779492,184.11141073743477,48.61050648036016,True
2012-09-28,233.41544304443784,185.0923428310482,48.32310021338964,True
2012-09-29,234.1103527388106,186.07379964884203,48.03655308996858,True
2012-09-30,234.8066427658168,187.0557987541407,47.750844011676094,True
2012-10-01,235.50431088754647,188.03835743323748,47.46595345430899,True
2012-10-02,236.2033557837984,189.021492079743,47.18186370405539,True
2012-10-03,236.90377669444163,190.00521773252822,46.89855896191341,True
2012-10-04,237.6055731124824,190.98954777373473,46.616025338747676,True
2012-10-05,238.30874454431026,191.9744937656036,46.33425077870666,True
2012-10-06,239.0132903381478,192.96006538183502,46.05322495631279,True
2012-10-07,239.71920956692685,193.94627037529682,45.77293919163003,True
2012-10-08,240.42650093982627,194.93311451965306,45.49338642017321,True
2012-10-09,241.1351627080336,195.9206014666375,45.2145612413961,True
2012-10-10,241.84519252499973,196.90873247342253,44.9364600515772,True
2012-10-11,242.55658722100617,197.89750597970718,44.65908124129899,True
2012-10-12,243.2693424607997,198.88691705931708,44.38242540148261,True
2012-10-13,243.9834522791145,199.87695684276562,44.106495436348865,True
2012-10-14,244.69890853917826,200.86761209915704,43.83129644002122,True
2012-10-15,245.4157004298364,201.85886524266496,43.55683518717143,True
2012-10-16,246.13381417966656,202.8506950219824,43.283119157684155,True
2012-10-17,246.85323316987245,203.84307799506877,43.010155174803685,True
2012-10-18,247.57393853107277,204.83599060252715,42.73794792854562,True
2012-10-19,248.29591013603368,205.82941137566328,42.4664987603704,True
2012-10-20,249.019127748182,206.82332273817997,42.19580501000203,True
2012-10-21,249.74357205099474,207.81771204371447,41.92586000728028,True
2012-10-22,250.4692253748716,208.81257180328632,41.65665357158528,True
2012-10-23,251.1960720786313,209.80789930221496,41.388172776416326,True
2012-10-24,251.92409864814402,210.8036958884799,41.12040275966413,True
2012-10-25,252.65329361294076,211.7999661648876,40.853327448053165,True
2012-10-26,253.38364736916608,212.79671721819162,40.58693015097447,True
2012-10-27,254.1151519647887,213.7939579321877,40.321194032601,True
2012-10-28,254.8478008729484,214.79169838239827,40.05610249055013,True
2012-10-29,255.58158876101336,215.78994929449027,39.791639466523094,True
2012-10-30,256.31651125660835,216.78872155392818,39.52778970268017,True
2012-10-31,257.0525647135628,217.78802576680624,39.264538946756545,True
2012-11-01,257.78974598528805,218.78787188098286,39.00187410430519,True
2012-11-02,258.52805221616507,219.78826887713382,38.73978333903125,True
2012-11-03,259.26748066056007,220.78922453058632,38.478256129973744,True
2012-11-04,260.00802853363564,221.7907452297925,38.217283303843146,True
2012-11-05,260.7496928892306,222.79283582043746,37.95685706879311,True
2012-11-06,261.4924705093914,223.7954994294838,37.6969710799076,True
2012-11-07,262.23635777921766,224.79873721429095,37.4376205649267,True
2012-11-08,262.9813505113189,225.8025479823935,37.17880252892542,True
2012-11-09,263.7274436795943,226.80692764475674,36.92051603483753,True
2012-11-10,264.47463102872536,227.81186851081952,36.66276251790583,True
2012-11-11,265.2229045539905,228.81735851899023,36.40554603500024,True
2012-11-12,265.97225390519833,229.82338061811214,36.14887328708619,True
2012-11-13,266.72266585353714,230.82991262996293,35.8927532235742,True
2012-11-14,267.4741240329753,231.83692793339802,35.63719609957727,True
2012-11-15,268.2266091595566,232.84439711625222,35.38221204330435,True
2012-11-16,268.9800997942693,233.85229035773784,35.127809436531436,True
2012-11-17,269.73457349509886,234.86057994090658,34.87399355419228,True
2012-11-18,270.49000804123284,235.8692422196731,34.62076582155973,True
2012-11-19,271.24638241890057,236.87825864034326,34.368123778557305,True
2012-11-20,272.0036774094498,237.88761583091312,34.11606157853666,True
2012-11-21,272.76187579477295,238.89730505661512,33.86457073815782,True
2012-11-22,273.52096229706336,239.90732140032375,33.61364089673961,True
2012-11-23,274.2809233851421,240.91766293350477,33.36326045163733,True
2012-11-24,275.0417470450102,241.9283300108027,33.11341703420749,True
2012-11-25,275.8034225667878,242.93932471798584,32.86409784880195,True
2012-11-26,276.56594036445887,243.95065044605892,32.61528991839995,True
2012-11-27,277.3292918238873,244.96231154500978,32.36698027887749,True
2012-11-28,278.09346916620603,245.9743130143008,32.11915615190523,True
2012-11-29,278.8584653139245,246.98666020190996,31.871805112014556,True
2012-11-30,279.6242737520833,247.99935850078504,31.624915251298262,True
2012-12-01,280.3908883830845,249.01241304484427,31.378475338240207,True
2012-12-02,281.1583033785068,250.0258284120812,31.132474966425576,True
2012-12-03,281.9265130321698,251.03960833836152,30.886904693808276,True
2012-12-04,282.6955116150281,252.05375543327838,30.64175618174974,True
2012-12-05,283.46529322455564,253.06827087251824,30.397022352037396,True
2012-12-06,284.23585161067336,254.08315402492568,30.15269758574769,True
2012-12-07,285.0071799498243,255.09840196418568,29.908777985638636,True
2012-12-08,285.7792705331934,256.1140088251751,29.665261708018306,True
2012-12-09,286.5521143421227,257.1299650076537,29.422149334468997,True
2012-12-10,287.32570051407055,258.14625631827295,29.1794441957976,True
2012-12-11,288.1000157638299,259.16286327194416,28.93715249188574,True
2012-12-12,288.8750439076651,260.1797608969302,28.695283010734897,True
2012-12-13,289.65076569922206,261.1969193992404,28.45384629998165,True
2012-12-14,290.4271591567918,262.2143058343332,28.212853322458614,True
2012-12-15,291.2042004058288,263.23188653138544,27.97231387444333,True
2012-12-16,291.98186484414157,264.24962964478,27.732235199361583,True
2012-12-17,292.76012830385434,265.26750714503356,27.492621158820782,True
2012-12-18,293.538967925518,266.28549585587854,27.253472069639486,True
2012-12-19,294.31836262617236,267.303577565203,27.01478506096936,True
2012-12-20,295.09829320883955,268.3217385176487,26.776554691190825,True
2012-12-21,295.8787422439203,269.33996864946334,26.538773594456984,True
2012-12-22,296.6596938536977,270.35826083077717,26.30143302292055,True
2012-12-23,297.4411334908552,271.3766102492567,26.064523241598465,True
2012-12-24,298.2230477566616,272.39501396679543,25.82803378986614,True
2012-12-25,299.00542427059565,273.41347062192835,25.5919536486673,True
2012-12-26,299.78825158288714,274.43198022561694,25.356271357270202,True
2012-12-27,300.57151911172167,275.4505439940016,25.120975117720093,True
2012-12-28,301.3552170843586,276.4691641695615,24.88605291479712,True
2012-12-29,302.139336463861,277.48784379658895,24.651492667272066,True
2012-12-30,302.92386884885445,278.50658643415335,24.417282414701106,True
2012-12-31,303.70880634081186,279.5253958056854,24.183410535126484,True
2013-01-01,304.4941413794238,280.5442753944203,23.9498659850035,True
2013-01-02,305.2798665492584,281.5632279947677,23.716638554490657,True
2013-01-03,306.0659743586935,282.5822552208194,23.483719137874118,True
2013-01-04,306.85245698550153,283.60135695880206,23.251100026699476,True
2013-01-05,307.63930597549205,284.6205307392159,23.018775236276156,True
2013-01-06,308.4265118769595,285.63977100956583,22.78674086739369,True
2013-01-07,309.2140638023327,286.65906832464015,22.554995477692557,True
2013-01-08,310.0019489375666,287.678408547885,22.323540389681625,True
2013-01-09,310.7901520715947,288.69777226480113,22.092379806793588,True
2013-01-10,311.5786552778263,289.71713469924197,21.861520578584305,True
2013-01-11,312.3674379085109,290.7364664093173,21.630971499193606,True
2013-01-12,313.15647701372126,291.7557348490856,21.40074216463563,True
2013-01-13,313.9457481599878,292.7749065538773,21.170841606110457,True
2013-01-14,314.7352264635362,293.7939494241409,20.94127703939529,True
2013-01-15,315.5248875733999,294.8128345450358,20.712053028364096,True
2013-01-16,316.314708391087,295.831537212343,20.483171178743987,True
2013-01-17,317.1046674480759,296.85003716742256,20.254630280653316,True
2013-01-18,317.8947449884043,297.86831827635945,20.026426712044838,True
2013-01-19,318.6849228654369,298.8863679491028,19.79855491633407,True
2013-01-20,319.47518436189597,299.9041765333471,19.571007828548886,True
2013-01-21,320.2655140108026,300.92173681759914,19.343777193203437,True
2013-01-22,321.05589745881235,301.9390436913124,19.116853767499947,True
2013-01-23,321.84632138494266,302.9560939529363,18.890227432006327,True
2013-01-24,322.63677346866524,303.9728862247211,18.663887243944146,True
2013-01-25,323.42724238946874,304.9894209171183,18.437821472350436,True
2013-01-26,324.21771783299124,306.0057001796678,18.212017653323414,True
2013-01-27,325.00819047591125,307.0217277777437,17.986462698167543,True
2013-01-28,325.79865192344994,308.03750884627954,17.761143077170402,True
2013-01-29,326.5890945800882,309.05304949268873,17.536045087399486,True
2013-01-30,327.37951144508133,310.06835624817853,17.311155196902803,True
2013-01-31,328.1698958365986,311.08343539212495,17.08646044447363,True
2013-02-01,328.96024105770545,312.0982921897654,16.861948867940043,True
2013-02-02,329.750540020932,313.1129300852394,16.637609935692637,True
2013-02-03,330.5407848463583,314.12734988454423,16.413434961814062,True
2013-02-04,331.33096644581957,315.1415489590228,16.189417486796742,True
2013-02-05,332.12107411026756,316.155520514581,15.965553595686572,True
2013-02-06,332.9110951340621,317.16925301228747,15.741842121774653,True
2013-02-07,333.70101453723464,318.18272988094566,15.518284656288984,True
2013-02-08,334.49081497081994,319.195929695397,15.294885275422928,True
2013-02-09,335.2804768874869,320.2088269556062,15.0716499318807,True
2013-06-20,73.61621521636938,88.65311288971724,15.036897673347852,True
2013-06-21,74.31301554631479,89.60714007200187,15.294124525687081,True
2013-06-22,75.00893560673973,90.56099047665998,15.552054869920255,True
2013-06-23,75.70398616772546,91.51469179071935,15.810705622993893,True
2013-06-24,76.39817882067477,92.46827516086165,16.07009634018688,True
2013-06-25,77.09152491718002,93.4217729859984,16.330248068818378,True
2013-06-26,77.78403450055207,94.37521638068219,16.591181880130122,True
2013-06-27,78.47571551556752,95.32863299422507,16.85291747865756,True
2013-06-28,79.16657345622535,96.28204568445811,17.11547222823276,True
2013-06-29,79.85661142842307,97.23547214907973,17.37886072065666,True
2013-06-30,80.54583048086997,98.18892528348655,17.643094802616588,True
2013-07-01,81.23423003631773,99.1424139115463,17.908183875228573,True
2013-07-02,81.92180830283428,100.09594359166671,18.17413528883243,True
2013-07-03,82.60856260858894,101.04951732562292,18.440954717033975,True
2013-07-04,83.2944896517979,102.00313611008917,18.70864645829127,True
2013-07-05,83.97958568310547,102.95679934146695,18.977213658361478,True
2013-07-06,84.66384664596583,103.91050511672631,19.24665847076048,True
2013-07-07,85.34726829881063,104.86425047953165,19.516982180721016,True
2013-07-08,86.02984633634253,105.81803165334507,19.788185317002544,True
2013-07-09,86.71157651956155,106.7718442892961,20.06026776973455,True
2013-07-10,87.39245481731044,107.72568374181948,20.333228924509044,True
2013-07-11,88.07247755778408,108.67954537367697,20.60706781589289,True
2013-07-12,88.75164158750302,109.63342488729795,20.881783299794932,True
2013-07-13,89.42994443764918,110.58731868295493,21.157374245305746,True
2013-07-14,90.10738450211585,111.54122425508025,21.433839752964403,True
2013-07-15,90.78396123559668,112.49514065187476,21.711179416278085,True
2013-07-16,91.45967537990144,113.44906903278694,21.989393652885497,True
2013-07-17,92.1345292180238,114.40301335249504,22.268484134471237,True
2013-07-18,92.80852683409118,115.35698116499877,22.54845433090759,True
2013-07-19,93.48167432216752,116.3109844657147,22.829310143547175,True
2013-07-20,94.15397984618447,117.26504037730814,23.11106053112367,True
2013-07-21,94.82545343101071,118.2191713780153,23.39371794700459,True
2013-07-22,95.4961063968627,119.17340475707317,23.67729836021047,True
2013-07-23,96.16595045708429,120.12777115007816,23.961820692993868,True
2013-07-24,96.8349966489559,121.08230234568003,24.24730569672414,True
2013-07-25,97.50325436647505,122.0370288872375,24.53377452076245,True
2013-07-26,98.17073073280957,122.99197808648707,24.821247353677492,True
2013-07-27,98.83743040351003,123.94717285170975,25.109742448199725,True
2013-07-28,99.50335573001394,124.90263137448612,25.399275644472183,True
2013-07-29,100.16850712677862,125.85836744523674,25.689860318458116,True
2013-07-30,100.83288348953188,126.81439108078192,25.981507591250036,True
2013-07-31,101.49648256590218,127.77070920406314,26.274226638160954,True
2013-08-01,102.1593012382324,128.7273262248235,26.568024986591112,True
2013-08-02,102.82133571940474,129.6842444664344,26.86290874702965,True
2013-08-03,103.48258168364548,130.64146444678795,27.158882763142472,True
2013-08-04,104.1430343613891,131.59898505375153,27.455950692362435,True
2013-08-05,104.80268862645764,132.55680366820246,27.754115041744825,True
2013-08-06,105.46153909882183,133.51491628807483,28.053377189253,True
2013-08-07,106.11958027887927,134.473317699364,28.353737420484734,True
2013-08-08,106.77680672060322,135.43200172684755,28.655195006244327,True
2013-08-09,107.43321324242054,136.39096158078243,28.957748338361895,True
2013-08-10,108.08879516801969,137.350190299852,29.261395131832302,True
2013-08-11,108.74354858603593,138.3096812798351,29.566132693799176,True
2013-08-12,109.3974706179559,139.2694288750983,29.871958257142396,True
2013-08-13,110.05055968571297,140.22942906514746,30.178869379434488,True
2013-08-14,110.70281577028693,141.18968018432253,30.486864414035594,True
2013-08-15,111.3542406453357,142.1501837073402,30.79594306200451,True
2013-08-16,112.00483805238767,143.11094505344965,31.106107001061986,True
2013-08-17,112.65461375889046,144.07197431071774,31.417360551827272,True
2013-08-18,113.30357541955192,145.03328670176245,31.72971128221053,True
2013-08-19,113.95173216694332,145.99490255593597,32.04317038899265,True
2013-08-20,114.59909391062114,146.95684658634758,32.357752675726445,True
2013-08-21,115.2456704227014,147.91914643705397,32.67347601435257,True
2013-08-22,115.8914703882917,148.88183072363537,32.99036033534368,True
2013-08-23,116.53650063535095,149.8449270000125,33.30842636466154,True
2013-08-24,117.18076569676558,150.80846010639746,33.627694409631886,True
2013-08-25,117.8242677328325,151.77245117388003,33.94818344104753,True
2013-08-26,118.46700672963779,152.73691730326658,34.26991057362879,True
2013-08-27,119.10898083944417,153.7018717440923,34.59289090464813,True
2013-08-28,119.75018674275258,154.66732433499195,34.91713759223937,True
2013-08-29,120.39061995657231,155.6332820009252,35.24266204435288,True
2013-08-30,121.0302750593543,156.5997491773601,35.569474118005814,True
2013-08-31,121.66914583575338,157.5667281033387,35.89758226758532,True
2013-09-01,122.30722536284772,158.53421897789636,36.22699361504864,True
2013-09-02,122.94450606794702,159.5022200082713,36.55771394032429,True
2013-09-03,123.58097979077883,160.47072739983614,36.88974760905731,True
2013-09-04,124.21663788152671,161.43973535121282,37.22309746968611,True
2013-09-05,124.85147136073219,162.40923612401303,37.557764763280844,True
2013-09-06,125.48547115652363,163.37922025214965,37.89374909562602,True
2013-09-07,126.11862841908676,164.34967693738852,38.23104851830176,True
2013-09-08,126.75093489426722,165.32059464614895,38.56965975188173,True
2013-09-09,127.38238332258986,166.29196188438507,38.909578561795215,True
2013-09-10,128.01296782185935,167.26376809454825,39.250800272688906,True
2013-09-11,128.642684212762,168.23600460159807,39.59332038883608,True
2013-09-12,129.2715302543419,169.2086655353807,39.93713528103879,True
2013-09-13,129.89950576329187,170.18174866467487,40.282242901383,True
2013-09-14,130.52661259250556,171.15525607866073,40.62864348615517,True
2013-09-15,131.15285444146284,172.129194635584,40.97634019412118,True
2013-09-16,131.77823647293334,173.1035760741687,41.325339601235356,True
2013-09-17,132.40276473006168,174.07841667825795,41.675651948196275,True
2013-09-18,133.026445391545,175.05373643249,42.027291040945016,True
2013-09-19,133.64928395931219,176.02955771772798,42.3802737584158,True
2013-09-20,134.2712845137711,177.0059037343037,42.73461922053261,True
2013-09-21,134.89244916657233,177.98279693669437,43.09034777012204,True
2013-09-22,135.51277778462148,178.9602577553207,43.44747997069922,True
2013-09-23,136.13226797875146,179.93830377165912,43.806035792907664,True
2013-09-24,136.7509152854524,180.91694936337933,44.16603407792692,True
2013-09-25,137.36871344407254,181.89620571805847,44.52749227398593,True
2013-09-26,137.98565468273532,182.87608106215734,44.890426379422024,True
2013-09-27,138.60172995635986,183.85658095874683,45.25485100238697,True
2013-09-28,139.2169291124813,184.83770856544993,45.620779452968634,True
2013-09-29,139.83124098617108,185.81946478884737,45.98822380267629,True
2013-09-30,140.4446534430106,186.80184831129986,46.35719486828927,True
2013-10-01,141.05715340110777,187.7848554994973,46.72770209838953,True
2013-10-02,141.66872687177826,188.76848023468153,47.09975336290327,True
2013-10-03,142.2793590636272,189.75271373523117,47.47335467160397,True
2013-10-04,142.88903459318982,190.73754447071113,47.84850987752131,True
2013-10-05,143.49773783187314,191.72295828248122,48.22522045060808,True
2013-10-06,144.10545339003332,192.70893881381207,48.60348542377875,True
2013-10-07,144.71216669767435,193.69546829994908,48.983301602274736,True
2013-10-08,145.31786460044464,194.68252868057237,49.36466408012774,True
2013-10-09,145.9225358682882,195.67010290280527,49.74756703451706,True
2013-10-10,146.52617152531482,196.65817622420207,50.13200469888724,True
2013-10-11,147.12876494923526,197.6467373290327,50.51797237979744,True
2013-10-12,147.7303117372143,198.6357791292168,50.90546739200249,True
2013-10-13,148.3308093706113,199.62529919645786,51.29448982584657,True
2013-10-14,148.93025672498644,200.61529982753567,51.68504310254923,True
2013-10-15,149.52865347088223,201.605787767663,52.07713429678077,True
2013-10-16,150.12599940900714,202.59677362115852,52.47077421215138,True
2013-10-17,150.72229378943854,203.58827098855798,52.86597719911944,True
2013-10-18,151.3175346759096,204.5802953987414,53.262760722831814,True
2013-10-19,151.91171842175083,205.57286314637204,53.66114472462121,True
2013-10-20,152.50483931228754,206.56599017476958,54.06115086248204,True
2013-10-21,153.09688939771587,207.55969113894977,54.4628017412339,True
2013-10-22,153.6878585010135,208.5539787382714,54.86612023725792,True
2013-10-23,154.27773435285064,209.54886334033642,55.27112898748578,True
2013-10-24,154.8665027905864,210.54435285420016,55.67785006361376,True
2013-10-25,155.45414796229042,211.5404527708723,56.08630480858187,True
2013-10-26,156.04065249297116,212.53716627682246,56.4965137838513,True
2013-10-27,156.62599759089835,213.5344943547431,56.90849676384474,True
2013-10-28,157.2101630919537,214.53243580525753,57.322272713303846,True
2013-10-29,157.79312745800263,215.5309871472436,57.73785968924096,True
2013-10-30,158.3748677624091,216.5301423824184,58.155274620009294,True
2013-10-31,158.95535971288257,217.52989264579577,58.5745329329132,True
2013-11-01,159.53457777667606,218.53022581205133,58.99564803537527,True
2013-11-02,160.11249547800062,219.53112618675024,59.41863070874962,True
2013-11-03,160.6890859192833,220.5325744636632,59.84348854437991,True
2013-11-04,161.26432252462766,221.53454813918157,60.27022561455391,True
2013-11-05,161.83817991904968,222.53702250160129,60.698842582551606,True
2013-11-06,162.41063477247823,223.53997214837273,61.129337375894494,True
2013-11-07,162.98166640468943,224.54337278654555,61.56170638185611,True
2013-11-08,163.55125700038803,225.54720294861227,61.99594594822423,True
2013-11-09,164.11939140261242,226.5514452862785,62.43205388366607,True
2013-11-10,164.68605657207402,227.5560872669195,62.87003069484547,True
2013-11-11,165.25124086085776,228.5611212889338,63.30988042807604,True
2013-11-12,165.8149332397607,229.56654435610488,63.75161111634418,True
2013-11-13,166.3771225699266,230.57235747885343,64.19523490892684,True
2013-11-14,166.9377969596912,231.57856493378208,64.64076797409086,True
2013-11-15,167.4969432179974,232.58517346074302,65.08823024274562,True
2013-11-16,168.05454640738424,233.59219144115067,65.53764503376644,True
2013-11-17,168.61058950213385,234.59962809054883,65.98903858841499,True
2013-11-18,169.16505315908663,235.60749270346014,66.44243954437351,True
2013-11-19,169.71791560324914,236.61579399427174,66.8978783910226,True
2013-11-20,170.26915261777745,237.62453957293337,67.35538695515592,True
2013-11-21,170.8187376133287,238.63373557579206,67.81499796246337,True
2013-11-22,171.36664174130868,239.643386445215,68.2767447039063,True
2013-11-23,171.91283401297338,240.65349482531258,68.7406608123392,True
2013-11-24,172.4572813919495,241.66406152177984,69.20678012983035,True
2013-11-25,172.9999488395539,242.6750854641472,69.6751366245933,True
2013-11-26,173.54079930825566,243.68656360795913,70.14576429970347,True
2013-11-27,174.07979369805082,244.69849072183527,70.61869702378445,True
2013-11-28,174.6168908140354,245.71085902221634,71.09396820818094,True
2013-11-29,175.1520473910098,246.72365765350378,71.57161026249398,True
2013-11-30,175.68521827778306,247.73687207228969,72.05165379450662,True
2013-12-01,176.21635688550273,248.75048348415518,72.53412659865245,True
2013-12-02,176.74541597531496,249.76446857978854,73.01905260447359,True
2013-12-03,177.2723487662734,250.77879986550036,73.50645109922695,True
2013-12-04,177.79711019198493,251.79344679929727,73.99633660731234,True
2013-12-05,178.3196579928865,252.80837769067676,74.48871969779026,True
2013-12-06,178.83995330870758,253.8235619932593,74.98360868455171,True
2013-12-07,179.35796058730276,254.83897241930018,75.48101183199742,True
2013-12-08,179.87364687571517,255.85458638362556,75.98093950791039,True
2013-12-09,180.38698075162182,256.87038658426945,76.48340583264763,True
2013-12-10,180.8979311912063,257.88636084061034,76.98842964940403,True
2013-12-11,181.40646657960275,258.90250147278834,77.4960348931856,True
2013-12-12,181.9125539437323,259.9188045009159,78.00625055718359,True
2013-12-13,182.4161583948058,260.9352688475181,78.51911045271231,True
2013-12-14,182.91724272824314,261.9518956235657,79.03465289532255,True
2013-12-15,183.415767128572,262.9686875088785,79.55292038030646,True
2013-12-16,183.91168894459952,263.9856482074719,80.07395926287239,True
2013-12-17,184.4049625195089,265.00278195656165,80.59781943705275,True
2013-12-18,184.89553907279705,266.020093079862,81.12455400706497,True
2013-12-19,185.38336663368028,267.03758558912676,81.65421895544648,True
2013-12-20,185.86839002060128,268.05526284454345,82.18687282394217,True
2013-12-21,186.35055085309486,269.0731272814675,82.72257642837266,True
2013-12-22,186.82978757530435,270.0911801992353,83.26139262393093,True
2013-12-23,187.30603546863077,271.1094215912578,83.80338612262702,True
2013-12-24,187.7792266363774,272.1278499786886,84.34862334231119,True
2013-12-25,188.24928995670126,273.1464621965136,84.89717223981233,True
2013-12-26,188.7161510222858,274.1652530746712,85.44910205238543,True
2013-12-27,189.17973211634276,275.184214963462,86.00448284711925,True
2013-12-28,189.63995231297696,276.2033370819936,86.56338476901664,True
2013-12-29,190.09672782609977,277.2226047342148,87.12587690811506,True
2013-12-30,190.54997274057095,278.24199854699106,87.6920258064201,True
2013-12-31,190.9996002020757,279.2614940181673,88.2618938160916,True
2014-01-01,191.4455239850505,280.2810617450951,88.83553776004459,True
2014-01-02,191.88766012708209,281.3006686188477,89.4130084917656,True
2014-01-03,192.32592814144095,282.3202799529418,89.99435181150085,True
2014-01-04,192.7602513659907,283.33986208793795,90.57961072194723,True
2014-01-05,193.19055631648445,284.35938475965935,91.1688284431749,True
2014-01-06,193.6167713018906,285.3788226406747,91.76205133878409,True
2014-01-07,194.0388247733932,286.3981558648227,92.35933109142948,True
2014-01-08,194.45664382683424,287.41736973174835,92.96072590491411,True
2014-01-09,194.8701530732519,288.4364539607482,93.56630088749631,True
2014-01-10,195.2792738945891,289.4554018261789,94.1761279315898,True
2014-01-11,195.68392399251445,290.4742093755665,94.79028538305204,True
2014-01-12,196.08401711341926,291.49287480527255,95.40885769185329,True
2014-01-13,196.47946285482334,292.5113979873068,96.03193513248345,True
2014-01-14,196.87016649530048,293.52978010420196,96.65961360890148,True
2014-01-15,197.25602882394287,294.54802334254686,97.29199451860399,True
2014-01-16,197.63694596939212,295.5661306060162,97.92918463662409,True
2014-01-17,198.01280924100902,296.5841052255374,98.5712959845284,True
2014-01-18,198.38350499678262,297.6019506605779,99.21844566379531,True
2014-01-19,198.74891454691075,298.6196701963267,99.87075564941594,True
2014-01-20,199.10891409302076,299.637266643683,100.52835255066225,True
2014-01-21,199.46337469612737,300.6547420418242,101.19136734569682,True
2014-01-22,199.81216226690074,301.67209734872597,101.85993508182523,True
2014-01-23,200.15513758368465,302.6893320877345,102.53419450404985,True
2014-01-24,200.49215636908136,303.70644390457585,103.21428753549449,True
2014-01-25,200.82306949385156,304.72342798812144,103.90035849426988,True
2014-01-26,201.1477234202334,305.74027633252837,104.59255291229496,True
2014-01-27,201.4659610263045,306.75697688296134,105.29101585665683,True
2014-01-28,201.7776229319416,307.7735127192222,105.99588978728059,True
2014-01-29,202.08254932880266,308.7898615677256,106.70731223892295,True
2014-01-30,202.38058208457596,309.8059960131967,107.42541392862074,True
2014-01-31,202.6715666225436,310.8218846886766,108.15031806613302,True
2014-02-01,202.95535295960642,311.83749439891795,108.88214143931154,True
2014-02-02,203.23179549192565,312.8527927088278,109.62099721690214,True
2014-02-03,203.5007515950684,313.86775029052484,110.36699869545643,True
2014-02-04,203.7620795538301,314.88234245664955,111.12026290281946,True
2014-02-05,204.0156364730071,315.89654970407236,111.88091323106525,True
2014-02-06,204.26127663281832,316.9103574655489,112.64908083273056,True
2014-02-07,204.49885044589539,317.9237554295313,113.42490498363591,True
2014-02-08,204.7282039396838,318.9367367517894,114.2085328121056,True
2014-02-09,204.94917859009806,319.9492973577597,115.00011876766163,True
2014-02-10,205.16161133459715,320.9614354138328,115.79982407923566,True
2014-02-11,205.36533463996972,321.97315096559936,116.60781632562964,True
2014-02-12,205.5601765549165,322.9844457004587,117.42426914554221,True
2014-02-13,205.74596072439098,323.99532277816036,118.24936205376937,True
2014-02-14,205.92250637796334,325.00578667453306,119.08328029656971,True
2014-02-15,206.08962832820592,326.01584299417004,119.92621466596412,True
2014-02-16,206.24713702728954,327.0254982233174,120.77836119602787,True
2014-02-17,206.39483873078962,328.0347594112742,121.63992068048458,True
2014-02-18,206.53253580915467,329.0436337831009,122.51109797394625,True
2014-02-19,206.66002723466676,330.0521282940205,123.39210105935376,True
2014-02-20,206.77710926300003,331.06024913393276,124.28313987093273,True
2014-02-21,206.88357633152498,332.0680011801232,125.18442484859821,True
2014-02-22,206.97922221498806,333.07538738369584,126.09616516870778,True
2014-02-23,207.06384150811652,334.08240807151304,127.01856656339652,True
2014-02-24,207.13723152670957,335.08906016467614,127.95182863796657,True
2014-02-25,207.19919470245713,336.09533636962317,128.89614166716603,True
2014-02-26,207.2495414531391,337.1012244894835,129.8516830363444,True
2014-02-27,207.28809331786107,338.1067071029255,130.81861378506443,True
2014-02-28,207.31468589963748,339.1117618966039,131.79707599696644,True
2014-03-01,207.32917099431225,340.11636283212425,132.787191837812,True
2014-03-02,207.33141738439824,341.12048205990163,133.7890646755034,True
2014-03-03,207.32131019160627,342.1240921775734,134.80278198596713,True
2014-03-04,207.29874921542313,343.12716827353415,135.82841905811102,True
2014-03-05,207.26364700910207,344.12968931124516,136.8660423021431,True
2014-03-06,207.21592738683032,345.13163870918635,137.91571132235603,True
2014-03-07,207.1555247292359,346.13300425551023,138.97747952627432,True
2014-03-08,207.0823841023927,347.13377763276065,140.05139353036796,True
2014-03-09,206.9964619902685,348.1339538168071,141.1374918265386,True
2014-03-10,206.89772738113342,349.1335305284753,142.2358031473419,True
2014-03-11,206.78616298597993,350.1325078233907,143.34634483741078,True
2014-03-12,206.6617664396974,351.1308878363552,144.4691213966578,True
2014-03-13,206.52455140887778,352.1286746543152,145.60412324543742,True
2014-03-14,206.37454859270608,353.1258742689436,146.75132567623754,True
2014-03-15,206.211806655207,354.1224945485043,147.91068789329728,True
2014-03-16,206.03639316855535,355.11854516558395,149.0821519970286,True
2014-03-17,205.84839567454398,356.11403742272915,150.26564174818517,True
2014-03-18,205.64792297750643,357.10898393340915,151.46106095590272,True
2014-03-19,205.4351067612321,358.10339814026804,152.66829137903594,True
2014-03-20,205.21010357651838,359.09729368124755,153.88719010472917,True
2014-03-21,204.97309718741016,0.09068363835304266,155.1175864509429,True
2014-03-22,204.72430121147693,1.0835797160425447,156.35927850456562,True
2014-03-23,204.46396195612115,2.075991395403379,157.61202943928222,True
2014-03-24,204.19236133606523,3.067925104563488,158.87556376849827,True
2014-03-25,203.90981973553446,4.059383449419856,160.1495637138854,True
2014-03-26,203.61669862407948,5.050364573552462,161.43366594947298,True
2014-03-27,203.31340263622806,6.040861760346326,162.72745912411827,True
2014-03-28,203.0003807145838,7.030863429803689,164.0304827152199,True
2014-03-29,202.6781258786374,8.020353674083669,165.3422277954463,True
2014-03-30,202.3471733178751,9.009313381977726,166.66214006410263,True
2014-03-31,202.00809684572388,9.997721832442023,167.98962498671813,True
2014-04-01,201.66150417210525,10.985558466930634,169.32405429482537,True
2014-04-02,201.3080317352801,11.972804481758615,170.6647727464785,True
2014-04-03,200.94833981767954,12.959443961469306,172.01110414378977,True
2014-04-04,200.58310838763924,13.945464451794699,173.36235606415545,True
2014-04-05,200.21303374319675,14.930857044924874,174.71782330172812,True
2014-04-06,199.83882576461863,15.915616147669262,176.07679038305062,True
2014-04-07,199.46120547724814,16.899739115430037,177.4385336381819,True
2014-04-08,199.08090265265062,17.88322589427748,178.80232324162685,True
2014-04-09,198.69865326664723,18.866078757022525,179.8325745096247,True
2014-04-10,198.31519673597094,19.84830216886079,178.46689456711016,True
2014-04-11,197.9312729477633,20.82990277959266,177.10137016817063,True
2014-04-12,197.54761917402251,21.810889509580115,175.7367296644424,True
2014-04-13,197.16496702787936,22.791273671074,174.37369335680535,True
2014-04-14,196.78403966645152,23.771069044380788,173.01297062207072,True
2014-04-15,196.40554946221832,24.750291814320732,171.6552576478976,True
2014-04-16,196.0301963308111,25.728960276224086,170.301236054587,True
2014-04-17,195.65866680343083,26.707094251742916,168.95157255168792,True
2014-04-18,195.29163377687976,27.684714213608697,167.60691956327108,True
2014-04-19,194.9297567078609,28.661840190321936,166.26791651753896,True
2014-04-20,194.5736819048873,29.63849057977256,164.93519132511474,True
2014-04-21,194.224042557234,30.614681021283975,163.60936153595,True
2014-04-22,193.8814582219255,31.590423454657223,162.2910347672683,True
2014-04-23,193.5465336159231,32.565725451280954,160.98080816464216,True
2014-04-24,193.21985667291034,33.54058986312797,159.67926680978238,True
2014-04-25,192.90199589774943,34.51501481536296,158.38698108238646,True
2014-04-26,192.59349710672626,35.488994060531226,157.10450304619502,True
2014-04-27,192.29487971643945,36.46251769542384,155.83236202101563,True
2014-04-28,192.00663285360355,37.43557319806723,154.57105965553632,True
2014-04-29,191.7292116678153,38.40814667600461,153.3210649918107,True
2014-04-30,191.46303427070052,39.38022415728537,152.08281011341515,True
2014-05-01,191.20847964588353,40.35179273866808,150.85668690721545,True
2014-05-02,190.96588668709384,41.32284144755302,149.6430452395408,True
2014-05-03,190.73555430102172,42.2933617578607,148.442192543161,True
2014-05-04,190.51774234372553,43.26334778804015,147.2543945556854,True
2014-05-05,190.31267309045668,44.232796269681586,146.0798768207751,True
2014-05-06,190.12053296092225,45.20170639706347,144.91882656385877,True
2014-05-07,189.94147429702133,46.17007965930994,143.77139463771138,True
2014-05-08,189.77561707976727,47.13791973231324,142.63769734745404,True
2014-05-09,189.62305055451532,48.10523247843804,141.51781807607728,True
2014-05-10,189.48383480299321,49.072026072402835,140.4118087305904,True
2014-05-11,189.35800235910924,50.03831123987793,139.31969111923132,True
2014-05-12,189.24556001295807,51.00410155741718,138.24145845554088,True
2014-05-13,189.1464909733888,51.969413717714446,137.17707725567436,True
2014-05-14,189.06075754003965,52.93426762145455,136.1264899185851,True
2014-05-15,188.9883043419949,53.898686137800915,135.08961820419398,True
2014-05-16,188.9290620230082,54.86269440894254,134.06636761406568,True
2014-05-17,188.88295103492132,55.82631867665921,133.0566323582621,True
2014-05-18,188.84988504190477,56.78958475839636,132.0603002835084,True
2014-05-19,188.8297734458234,57.75251643112712,131.07725701469627,True
2014-05-20,188.82252274454592,58.715134021278864,130.10738872326706,True
2014-05-21,188.82803673740136,59.67745342613215,129.1505833112692,True
2014-05-22,188.8462158448906,60.639485653494084,128.2067301913965,True
2014-05-23,188.87695591562817,61.601236838813264,127.27571907681491,True
2014-05-24,188.92014685944577,62.562708631760685,126.35743822768508,True
2014-05-25,188.97567134608997,63.52389883782262,125.45177250826734,True
2014-05-26,189.0434037165268,64.4848022239295,124.55860149259729,True
2014-05-27,189.12320919917883,65.44541141912018,123.67779778005865,True
2014-05-28,189.2149434970837,66.40571784757218,122.80922564951153,True
2014-05-29,189.3184527883328,67.36571262647068,121.95274016186211,True
2014-05-30,189.4335741432128,68.32538735899628,121.10818678421653,True
2014-05-31,189.56013630836443,69.28473476469863,120.27540154366581,True
2014-06-01,189.69796075743392,70.24374911736024,119.45421164007368,True
2014-06-02,189.8468628777405,71.20242649624966,118.64443638149085,True
2014-06-03,190.0066531624019,72.16076488913603,117.84588827326587,True
2014-06-04,190.1771383035484,73.11876420660163,117.05837409694676,True
2014-06-05,190.3581221238317,74.07642627507944,116.28169584875225,True
2014-06-06,190.54940632983636,75.0337548730278,115.51565145680856,True
2014-06-07,190.75079111662188,75.99075586369744,114.76003525292444,True
2014-06-08,190.962075696724,76.94743745936134,114.01463823736267,True
2014-06-09,191.1830588697016,77.90381062195942,113.27924824774217,True
2014-06-10,191.41353978435805,78.85988955759721,112.55365022676084,True
2014-06-11,191.65331905718324,79.8156921941693,111.83762686301394,True
2014-06-12,191.90220036487864,80.77124045363198,111.13095991124666,True
2014-06-13,192.15999249299304,81.72656007982434,110.4334324131687,True
2014-06-14,192.42651160038943,82.68167981782943,109.74483178256,True
2014-06-15,192.70158323330782,83.63662990391893,109.06495332938889,True
2014-06-16,192.9850435430727,84.59144008046331,108.39360346260938,True
2014-06-17,193.2767393377397,85.54613756578749,107.73060177195222,True
2014-06-18,193.57652697298283,86.50074544162705,107.07578153135579,True
2014-06-19,193.88427044887402,87.45528174540031,106.4289887034737,True
2014-06-20,194.19983923232843,88.40975929050192,105.7900799418265,True
2014-06-21,194.52310624248258,89.36418603879048,105.1589202036921,True
2014-06-22,194.8539462348932,90.31856578508217,104.53538044981102,True
2014-06-23,195.19223463391938,91.27289895498774,103.91933567893165,True
2014-06-24,195.5378467562616,92.22718339796435,103.31066335829723,True
2014-06-25,195.89065733903004,93.18141512631182,102.70924221271822,True
2014-06-26,196.2505402994344,94.1355889889543,102.1149513104801,True
2014-06-27,196.61736867765967,95.0896992795818,101.52766939807788,True
2014-06-28,196.99101473069072,96.0437402746709,100.94727445601983,True
2014-06-29,197.3713501474548,96.99770669069837,100.37364345675643,True
2014-06-30,197.7582463488393,97.95159404969193,99.80665229914736,True
2014-07-01,198.15157482791145,98.90539895054565,99.2461758773658,True
2014-07-02,198.55120748312703,99.85911925802866,98.69208822509837,True
2014-07-03,198.95701690402305,100.81275423778058,98.14426266624247,True
2014-07-04,199.36887658490312,101.76630467975586,97.60257190514726,True
2014-07-05,199.78666106571896,102.71977306182458,97.06688800389438,True
2014-07-06,200.2102460293395,103.67316380737002,96.53708222196947,True
2014-07-07,200.63950841985994,104.62648368203932,96.01302473782061,True
2014-07-08,201.07432668491396,105.57974234809659,95.49458433681737,True
2014-07-09,201.51458127625673,106.53295303982553,94.9816282364312,True
2014-07-10,201.9601555435767,107.4861332335527,94.47402231002398,True
2014-07-11,202.41093708919428,108.43930507469898,93.9716320144953,True
2014-07-12,202.86681948582503,109.39249524584673,93.4743242399783,True
2014-07-13,203.32770402155566,110.34573400545777,92.98197001609789,True
2014-07-14,203.79350094827151,111.29905336194729,92.49444758632423,True
2014-07-15,204.26412974373926,112.2524847081134,92.01164503562586,True
2014-07-16,204.73951821473995,113.20605651265834,91.53346170208161,True
2014-07-17,205.21960070435358,114.1597926465274,91.05980805782617,True
2014-07-18,205.7043159449017,115.11371162382808,90.59060432107363,True
2014-07-19,206.19360508093956,116.06782667599082,90.12577840494875,True
2014-07-20,206.68741016400946,117.02214636205075,89.66526380195872,True
2014-07-21,207.18567317511864,117.97667539651061,89.20899777860802,True
2014-07-22,207.6883354780446,118.93141547185147,88.75692000619313,True
2014-07-23,208.19533755985427,119.88636596997704,88.30897158987723,True
2014-07-24,208.70661893457915,120.84152454282888,87.86509439175028,True
2014-07-25,209.2221181290906,121.79688758632311,87.4252305427675,True
2014-07-26,209.7417727106615,122.75245064331443,86.98932206734708,True
2014-07-27,210.26551934279362,123.7082087643977,86.55731057839593,True
2014-07-28,210.79329386816264,124.66415684169108,86.12913702647155,True
2014-07-29,211.32503141817332,125.62028991855229,85.70474149962104,True
2014-07-30,211.860666542794,126.57660347239276,85.28406307040125,True
2014-07-31,212.40013334772982,127.53309367023162,84.8670396774982,True
2014-08-01,212.94336562346743,128.4897576064704,84.45360801699704,True
2014-08-02,213.4902969555294,129.44659354669193,84.04370340883747,True
2014-08-03,214.04086081899993,130.40360121601304,83.63725960298689,True
2014-08-04,214.5949906832359,131.36078218050704,83.23420850272885,True
2014-08-05,215.15262018327164,132.31814036822783,82.8344798150438,True
2014-08-06,215.7136834476346,133.2756827516379,82.43800069599669,True
2014-08-07,216.27811569460266,134.23342015232433,82.04469554227833,True
2014-08-08,216.84585419386644,135.19136802423404,81.6544861696324,True
2014-08-09,217.4168396031382,136.14954694244773,81.26729266069046,True
2014-08-10,217.99101751361383,137.1079824407567,80.88303507285713,True
2014-08-11,218.5683398266474,138.06670391393033,80.50163591271706,True
2014-08-12,219.14876547714596,139.02574259399896,80.123022883147,True
2014-08-13,219.73226015976385,139.98512901938926,79.74713114037459,True
2014-08-14,220.31879508301773,140.9448906761178,79.37390440689992,True
2014-08-15,220.90834514936967,141.90505039944986,79.0032947499198,True
2014-08-16,221.5008870970444,142.86562575502995,78.63526134201445,True
2014-08-17,222.09639800575317,143.82662923920344,78.26976876654973,True
2014-08-18,222.69485431742484,144.78806895216235,77.9067853652625,True
2014-08-19,223.29623132012858,145.74994941524673,77.54628190488185,True
2014-08-20,223.90050295183968,146.71227232215816,77.18823062968153,True
2014-08-21,224.50764177767877,147.67503713646272,76.83260464121605,True
2014-08-22,225.1176190326818,148.6382415314792,76.4793775012026,True
2014-08-23,225.73040466781637,149.60188171066218,76.12852295715419,True
2014-08-24,226.34596737426367,150.56595265907833,75.78001471518533,True
2014-08-25,226.9642745859558,151.53044837198664,75.43382621396916,True
2014-08-26,227.58529247370706,152.49536209359033,75.08993038011673,True
2014-08-27,228.20898594800195,153.4606865835876,74.74829936441435,True
2014-08-28,228.8353186841683,154.42641441577928,74.40890426838902,True
2014-08-29,229.4642531766529,155.39253830545172,74.07171487120118,True
2014-08-30,230.09575082260307,156.35905146291603,73.73669935968704,True
2014-08-31,230.72977203325186,157.32594797941496,73.4038240538369,True
2014-09-01,231.36627637809073,158.29322326546523,73.0730531126255,True
2014-09-02,232.00522278273945,159.26087457407522,72.74434820866423,True
2014-09-03,232.64656982475464,160.22890164213834,72.4176681826163,True
2014-09-04,233.29027619488875,161.19730745937153,72.09296873551722,True
2014-09-05,233.93630139898585,162.16609911197364,71.77020228701221,True
2014-09-06,234.58460674369942,163.13528854461578,71.44931819908365,True
2014-09-07,235.23515655479204,164.10489296709267,71.13026358769937,True
2014-09-08,235.8879194258756,165.07493457633936,70.81298484953624,True
2014-09-09,236.54286915494703,166.04543937009717,70.49742978484986,True
2014-09-10,237.19998501273514,167.016435127974,70.18354988476113,True
2014-09-11,237.85925117458683,167.9879490001749,69.87130217441194,True
2014-09-12,238.52065546090287,168.9600053323512,69.56065012855169,True
2014-09-13,239.1841877739308,169.93262422516733,69.25156354876347,True
2014-09-14,239.84983864789803,170.90582098235004,68.94401766554799,True
2014-09-15,240.517598174087,171.87960627876754,68.63799189531946,True
2014-09-16,241.1874553600265,172.85398673470004,68.33346862532645,True
2014-09-17,241.85939784257823,173.82896560659992,68.03043223597831,True
2014-09-18,242.53341182428633,174.80454340832512,67.72886841596122,True
2014-09-19,243.20948211275837,175.78071838223872,67.42876373051965,True
2014-09-20,243.88759217778292,176.75748681349955,67.13010536428337,True
2014-09-21,244.56772417769517,177.73484322188634,66.83288095580883,True
2014-09-22,245.24985893657745,178.7127804833981,66.53707845317936,True
2014-09-23,245.93397587615058,179.6912899377087,66.2426859384419,True
2014-09-24,246.62005292162286,180.67036153239425,65.9496913892286,True
2014-09-25,247.30806640974242,181.64998404294775,65.65808236679467,True
2014-09-26,247.9979910295664,182.63014539085106,65.36784563871535,True
2014-09-27,248.68979982219818,183.61083306382116,65.07896675837702,True
2014-09-28,249.3834642569467,184.59203462782935,64.79142962911735,True
2014-09-29,250.0789543922082,185.57373831430914,64.50521607789906,True
2014-09-30,250.77623912491345,186.55593366934616,64.22030545556728,True
2014-10-01,251.47528653595967,187.53861225988328,63.93667427607639,True
2014-10-02,252.17606434941436,188.5217684342635,63.65429591515087,True
2014-10-03,252.87854053273023,189.50540011666328,63.373140416066946,True
2014-10-04,253.58268405975394,190.48950956621832,63.09317449353563,True
2014-10-05,254.2884658218505,191.47410395528897,62.81436186656154,True
2014-10-06,254.9958595982527,192.45919554818306,62.536664050069646,True
2014-10-07,255.70484290451955,193.44480125243652,62.26004165208303,True
2014-10-08,256.4153974822884,194.43094142985015,61.984456052438276,True
2014-10-09,257.1275092381807,195.41763809024363,61.70987114793709,True
2014-10-10,257.8411675983852,196.40491283826526,61.43625476011994,True
2014-10-11,258.55636444379695,197.392785045884,61.16357939791294,True
2014-10-12,259.2730929125065,198.3812706094566,60.891822303049906,True
2014-10-13,259.9913463410792,199.37038140192146,60.620964939157716,True
2014-10-14,260.71111750018326,200.36012530146436,60.3509921987189,True
2014-10-15,261.43239814797624,201.35050656628104,60.0818915816952,True
2014-10-16,262.155178836612,202.34152633002267,59.81365250658931,True
2014-10-17,262.8794488752436,203.3331830591134,59.546265816130216,True
2014-10-18,263.6051963591469,204.32547288931562,59.279723469831254,True
2014-10-19,264.3324081971514,205.31838981910556,59.01401837804582,True
2014-10-20,265.0610700947013,206.31192577778475,58.74914431691653,True
2014-10-21,265.7911664727138,207.30607061226712,58.485095860446705,True
2014-10-22,266.5226803230546,208.30081205378193,58.221868269272676,True
2014-10-23,267.2555930209964,209.296135736033,57.959457284963406,True
2014-10-24,267.9898841328389,210.29202533705882,57.697858795780064,True
2014-10-25,268.7255312696051,211.28846290365507,57.43706836595001,True
2014-10-26,269.4625100404387,212.2854293877305,57.17708065270821,True
2014-10-27,270.20079414861425,213.28290538311276,56.91788876550149,True
2014-10-28,270.9403556506988,214.280872011219,56.65948363947979,True
2014-10-29,271.68116537315973,215.27931187867551,56.401853494484214,True
2014-10-30,272.4231934606987,216.2782100262425,56.14498343445621,True
2014-10-31,273.1664100225556,217.27755480001454,55.88885522254108,True
2014-11-01,273.9107858438356,218.27733858656148,55.6334472572741,True
2014-11-02,274.6562931278309,219.2775583483998,55.37873477943111,True
2014-11-03,275.40290622131533,220.2782158740288,55.12469034728653,True
2014-11-04,276.1506022462687,221.27931763753585,54.87128460873285,True
2014-11-05,276.89936153284486,222.280874180467,54.618487352377855,True
2014-11-06,277.6491677465236,223.28289900871727,54.36626873780631,True
2014-11-07,278.4000076490871,224.28540712748497,54.11460052160214,True
2014-11-08,279.1518705223009,225.2884134593646,53.863457062936305,True
2014-11-09,279.9047473756385,226.29193143275603,53.61281594288249,True
2014-11-10,280.6586301072522,227.29597196079254,53.36265814645964,True
2014-11-11,281.41351077010086,228.3005428927934,53.112967877307455,True
2014-11-12,282.1693810313633,229.30564888342775,52.863732147935536,True
2014-11-13,282.9262318406447,230.31129154304293,52.61494029760175,True
2014-11-14,283.6840532698411,231.31746971575717,52.366583554083945,True
2014-11-15,284.44283446319736,232.32417975854938,52.11865470464798,True
2014-11-16,285.20256363365473,233.33141573752079,51.87114789613395,True
2014-11-17,285.96322805072793,234.3391694994242,51.62405855130373,True
2014-11-18,286.72481397857337,235.347430612359,51.37738336621436,True
2014-11-19,287.48730653831814,236.35618620165988,51.131120336658256,True
2014-11-20,288.2506894874213,237.36542073952185,50.88526874789946,True
2014-11-21,289.0149449332562,238.3751158800844,50.63982905317178,True
2014-11-22,289.7800530281506,239.38525045808248,50.394802570068094,True
2014-11-23,290.54599172277466,240.39580077292962,50.15019094984504,True
2014-11-24,291.31273667099947,241.40674124352384,49.90599542747563,True
2014-11-25,292.0802613672304,242.41804543695514,49.66221593027524,True
2014-11-26,292.8485375511932,243.4296873678711,49.41885018332209,True
2014-11-27,293.6175358486746,244.44164287934663,49.175892969327975,True
2014-11-28,294.38722655859965,245.45389089278203,48.93333566581762,True
2014-11-29,295.1575804727115,246.46641436145697,48.691166111254546,True
2014-11-30,295.92856962846065,247.47920084721912,48.44936878124153,True
2014-12-01,296.70016793098756,248.49224271537807,48.20792521560949,True
2014-12-02,297.4723516125589,249.5055369813072,47.96681463125171,True
2014-12-03,298.24509951440695,250.5190848478117,47.72601466659523,True
2014-12-04,299.01839317964067,251.53289096977002,47.485502209870646,True
2014-12-05,299.79221674959894,252.54696249519435,47.245254254404585,True
2014-12-06,300.56655667109624,253.56130796471135,47.00524870638489,True
2014-12-07,301.3414012494067,254.5759361882221,46.765465061184614,True
2014-12-08,302.11674011078696,255.59085523249362,46.52588487829334,True
2014-12-09,302.8925636538452,256.60607163062656,46.286492023218614,True
2014-12-10,303.6688625625176,257.621589869109,46.04727269340856,True
2014-12-11,304.4456274279524,258.63741214275495,45.808215285197434,True
2014-12-12,305.22284849359073,259.6535383158588,45.56931017773195,True
2014-12-13,306.0005155087447,260.669966001496,45.33054950724869,True
2014-12-14,306.77861765708496,261.6866906686526,45.09192698843236,True
2014-12-15,307.5571435177644,262.7037057001904,44.85343781757399,True
2014-12-16,308.3360810154323,263.72100234544996,44.615078669982324,True
2014-12-17,309.1154173185221,264.7385695363916,44.37684778213048,True
2014-12-18,309.89513865281447,265.75639356797456,44.13874508483991,True
2014-12-19,310.6752300125521,266.7744576873575,43.90077232519462,True
2014-12-20,311.45567477936316,267.7927416951202,43.66293308424298,True
2014-12-21,312.2364543026322,268.8112217258902,43.42523257674196,True
2014-12-22,313.0175475465781,269.82987041599847,43.18767713057963,True
2014-12-23,313.7989309457932,270.8486576359735,42.95027330981969,True
2014-12-24,314.5805785983961,271.86755183257185,42.713026765824225,True
2014-12-25,315.36246284463385,272.88652181482973,42.47594102980412,True
2014-12-26,316.14455515303274,273.90553863245765,42.23901652057509,True
2014-12-27,316.9268271318088,274.92457714824104,42.002249983567765,True
2014-12-28,317.7092514595708,275.9436170301826,41.76563442938817,True
2014-12-29,318.4918025902546,276.96264310046377,41.52915948979086,True
2014-12-30,319.2744571838304,277.98164515393876,41.29281202989165,True
2014-12-31,320.0571942912777,279.000617431111,41.05657686016673,True
2015-01-01,320.83999535525766,280.0195579113841,40.82043744387357,True
2015-01-02,321.6228440846906,281.03846753362217,40.58437655106843,True
2015-01-03,322.40572624312097,282.0573493983199,40.34837684480107,True
2015-01-04,323.18862937471255,283.07620797921027,40.11242139550228,True
2015-01-05,323.97154248554045,284.09504836974656,39.87649411579389,True
2015-01-06,324.7544557003688,285.1138755980266,39.6405801023422,True
2015-01-07,325.5373599204102,286.1326940478513,39.404665872558894,True
2015-01-08,326.32024650946886,287.15150701545747,39.16873949401139,True
2015-01-09,327.1031070311209,288.1703164113481,38.93279061977279,True
2015-01-10,327.88593304879487,289.1891225910775,38.69681045771739,True
2015-01-11,328.66871598688925,290.2079242756544,38.46079171123483,True
2015-01-12,329.45144703777584,291.2267185065272,38.224728531248616,True
2015-01-13,330.234117088696,292.2455005733002,37.98861651539579,True
2015-01-14,331.01671663477896,293.264263853989,37.75245278078995,True
2015-01-15,331.7992356400293,294.28299951856064,37.51623612146864,True
2015-01-16,332.5816633090607,295.301696071417,37.27996723764369,True
2015-01-17,333.36398774362823,296.320338756153,37.04364898747525,True
2015-01-18,334.1461954876273,297.33890892427087,36.807286563356456,True
2015-01-19,334.9282710184307,298.3573835722056,36.57088744622507,True
2015-01-20,335.71019631418994,299.3757353379938,36.33446097619617,True
2015-01-21,336.49195068259473,300.39393324104606,36.09801744154868,True
2015-01-22,337.27351102133997,301.41194427054904,35.86156675079093,True
2015-01-23,338.05485255928255,302.42973560234844,35.62511695693411,True
2015-01-24,338.835949941211,303.44727692213706,35.38867301907396,True
2015-01-25,339.616778381058,304.4645422677145,35.15223611334352,True
2015-01-26,340.39731460922843,305.4815110280229,34.91580358120552,True
2015-01-27,341.1775374637702,306.49816808630186,34.67936937746833,True
2015-01-28,341.9574281258109,307.51450335018933,34.44292477562158,True
2015-01-29,342.7369700941064,308.5305109803372,34.2064591137692,True
2015-01-30,343.5161490136685,309.5461885598726,33.96996045379592,True
2015-01-31,344.2949524468975,310.5615363341821,33.73341611271542,True
2015-02-01,345.0733696365097,311.5765565584599,33.4968130780498,True
2015-02-02,345.8513912781707,312.5912529398483,33.260138338322406,True
2015-02-03,346.62900930338617,313.60563014616025,33.02337915722592,True
2015-02-04,347.40621666814724,314.6196933599217,32.786523308225526,True
2015-02-05,348.18300714546206,315.63344787108963,32.54955927437243,True
2015-02-06,348.9593751252237,316.64689871405574,32.31247641116795,True
2015-02-07,349.7353154287799,317.66005035854073,32.0752650702392,True
2015-02-08,350.51082314565105,318.6729064582637,31.83791668738735,True
2015-02-09,351.2858934954922,319.6854696479694,31.60042384752279,True
2015-02-10,352.0605217105032,320.69774136256876,31.36278034793446,True
2015-02-11,352.8347029236217,321.70972163613385,31.124981287487856,True
2015-02-12,353.6084320377361,322.7214088273406,30.887023210395512,True
2015-02-13,354.38170354292396,323.7327992165532,30.64890432637077,True
2015-02-14,355.1545112459268,324.74388643602396,30.410624809902856,True
2015-02-15,355.9268478853353,325.7546607408117,30.172187144523605,True
2015-02-16,356.6987046369151,326.76510821612345,29.933596420791673,True
2015-02-17,357.4700705735559,327.7752101430871,29.694860430468793,True
2015-02-18,358.24093222474244,328.7849428631106,29.45598936163185,True
2015-02-19,359.01127344007523,329.7942784894247,29.21699495065053,True
2015-02-20,359.7810757336781,330.8031866088985,28.977889124779608,True
2015-02-21,0.550319134704677,331.81163671884354,28.73868241586115,True
2015-02-22,1.3189833552661723,332.8196007742952,28.499382580970973,True
2015-02-23,2.0870489522996656,333.82705515680067,28.259993795498985,True
2015-02-24,2.854498198011939,334.83398167011245,28.020516527899474,True
2015-02-25,3.6213155389195393,335.84036759324994,27.780947945669595,True
2015-02-26,4.387487690552784,336.8462051053916,27.541282585161184,True
2015-02-27,5.15300349915859,337.8514904492011,27.30151304995752,True
2015-02-28,5.917853702140259,338.8562230992659,27.061630602874345,True
2015-03-01,6.682030677265278,339.8604050665493,26.821625610716012,True
2015-03-02,7.445528224294547,340.86404036582593,26.58148785846862,True
2015-03-03,8.208341388920537,341.8671346162573,26.341206772663213,True
2015-03-04,8.970466320294681,342.869694725554,26.100771594740706,True
2015-03-05,9.731900146653821,343.87172861094433,25.86017153570947,True
2015-03-06,10.492640854463575,344.87324492399637,25.619395930467192,True
2015-03-07,11.25268716154712,345.87425276331334,25.378434398233765,True
2015-03-08,12.01203838089148,346.8747613735071,25.13727700738434,True
2015-03-09,12.770694276659997,347.8747798365054,24.89591444015457,True
2015-03-10,13.528654915432908,348.87431675993065,24.654338155502273,True
2015-03-11,14.285920512899915,349.87337995735254,24.412540555547366,True
2015-03-12,15.042491269459102,350.8719760996361,24.170515169823034,True
2015-03-13,15.798367179075921,351.870110300858,23.928256878217894,True
2015-03-14,16.553547787391455,352.86778559426125,23.685762193130188,True
2015-03-15,17.308031872423907,353.86500226454285,23.443029607881044,True
2015-03-16,18.061817031769742,354.86175704648383,23.200059985285918,True
2015-03-17,18.81489919283977,355.85804228811537,22.956856904724418,True
2015-03-18,19.567272121318585,356.8538453019823,22.71342681933629,True
2015-03-19,20.318927073551315,357.84914823915653,22.469778834394788,True
2015-03-20,21.06985277738884,358.84392881511525,22.225923962273612,True
2015-03-21,21.82003587527888,359.83816200072437,21.981873874554537,True
2015-03-22,22.569461806548844,0.831822403585215,21.73763940296363,True
2015-03-23,23.318115918034476,1.8248867285019341,21.493229189532542,True
2015-03-24,24.065984500768323,2.8173356703592685,21.248648830409053,True
2015-03-25,24.813055516611414,3.809154884670122,21.003900631941292,True
2015-03-26,25.559318939758047,4.800335076856794,20.758983862901253,True
2015-03-27,26.30476678064044,5.79087150766171,20.51389527297873,True
2015-03-28,27.049392921441655,6.78076325658544,20.268629664856213,True
2015-03-29,27.793192882811752,7.770012494111186,20.023180388700567,True
2015-03-30,28.536163600075955,8.758623890253808,19.777539709822147,True
2015-03-31,29.278303245279726,9.746604190692084,19.53169905458764,True
2015-04-01,30.01961110145699,10.733961935464803,19.28564916599219,True
2015-04-02,30.760087478203705,11.720707270290378,19.039380207913325,True
2015-04-03,31.49973364966201,12.70685179510103,18.792881854560978,True
2015-04-04,32.23855179424259,13.692408400133505,18.546143394109084,True
2015-04-05,32.9765449178581,14.677391052338681,18.29915386551942,True
2015-04-06,33.71371674775772,15.661814510864465,18.051902236893255,True
2015-04-07,34.45007159071186,16.645693966400398,17.80437762431146,True
2015-04-08,35.185614155252324,17.629044610937676,17.556569544314648,True
2015-04-09,35.92034934077417,18.611881148220633,17.30846819255354,True
2015-04-10,36.65428199525867,19.594217249812694,17.060064745445978,True
2015-04-11,37.38741663878722,20.57606495084549,16.811351687941734,True
2015-04-12,38.11975714499849,21.55743397190172,16.562323173096768,True
2015-04-13,38.85130637279394,22.538330962011486,16.312975410782457,True
2015-04-14,39.582065752956574,23.518758695966785,16.06330705698979,True
2015-04-15,40.31203486439041,24.49871533345408,15.813319530936333,True
2015-04-16,41.04121107993559,25.478193942656894,15.563017137278699,True
2015-04-17,41.76958940358997,26.457182556094395,15.312406847495573,True
2015-04-18,42.497162624096724,27.43566498357082,15.061497640525904,True
2015-08-06,117.84807784900084,133.02435045956537,15.176272610564524,True
2015-08-07,118.49717787939858,133.98214378380322,15.484965904404646,True
2015-08-08,119.14579739045611,134.9403021544117,15.7945047639556,True
2015-08-09,119.79393595877701,135.8988296244484,16.104893665671398,True
2015-08-10,120.44159182045551,136.85772656750495,16.41613474704944,True
2015-08-11,121.08876225692427,137.81699047502426,16.728228218099986,True
2015-08-12,121.73544394259143,138.7766167068727,17.041172764281256,True
2015-08-13,122.38163325218197,139.73659917804878,17.354965925866807,True
2015-08-14,123.02732653017307,140.69693098156915,17.669604451396083,True
2015-08-15,123.67252032249962,141.65760494570503,17.98508462320541,True
2015-08-16,124.31721156770335,142.6186141162623,18.301402548558954,True
2015-08-17,124.96139774454245,143.57995215146565,18.618554406923195,True
2015-08-18,125.60507697668544,144.5416136225047,18.936536645819274,True
2015-08-19,126.24824810125388,145.5035942259036,19.255346124649733,True
2015-08-20,126.89091071448044,146.46589093048843,19.574980216007987,True
2015-08-21,127.53306521263664,147.42850209734263,19.895436884705987,True
2015-08-22,128.1747128483754,148.39142762248864,20.21671477411323,True
2015-08-23,128.81585582088348,149.35466915688156,20.53881333599807,True
2015-08-24,129.45649741154105,150.31823045366474,20.86173304212369,True
2015-08-25,130.09664216295434,151.28211787251263,21.18547570955829,True
2015-08-26,130.73629607551217,152.24634102554657,21.5100449500344,True
2015-08-27,131.375466761448,153.21091346960603,21.83544670815803,True
2015-08-28,132.01416345930247,154.17585324061278,22.161689781310315,True
2015-08-29,132.65239679365706,155.14118292778085,22.488786134123785,True
2015-08-30,133.2901781993647,156.10692898282798,22.816750783463277,True
2015-08-31,133.92751903562643,157.0731201372179,23.145601101591467,True
2015-09-01,134.56442956007902,158.03978514289548,23.475355582816462,True
2015-09-02,135.20091802699915,159.0069503792258,23.80603235222665,True
2015-09-03,135.83699013869253,159.9746379475024,24.137647808809874,True
2015-09-04,136.47264893116397,160.94286464006996,24.470215708905982,True
2015-09-05,137.1078950153066,161.9116417989608,24.80374678365419,True
2015-09-06,137.74272701326828,162.88097580597858,25.1382487927103,True
2015-09-07,138.37714203946015,163.85086887302768,25.473726833567525,True
2015-09-08,139.01113613343088,164.8213198755218,25.810183742090913,True
2015-09-09,139.64470461101473,165.79232509185096,26.147620480836224,True
2015-09-10,140.2778423383954,166.76387881034742,26.48603647195202,True
2015-09-11,140.91054394958567,167.73597382104842,26.825429871462745,True
2015-09-12,141.5428040285662,168.70860182884007,27.16579780027388,True
2015-09-13,142.17461727080146,169.68175382107955,27.50713655027809,True
2015-09-14,142.80597863080857,170.65542040919954,27.84944177839097,True
2015-09-15,143.43688345645162,171.62959214950067,28.192708693049042,True
2015-09-16,144.0673276083984,172.60425983949338,28.536932231094994,True
2015-09-17,144.69730756487797,173.57941478573966,28.882107220861684,True
2015-09-18,145.32682051641873,174.5550490471497,29.228228530730973,True
2015-09-19,145.9558644607038,175.5311556716513,29.575291210947512,True
2015-09-20,146.58443831181614,176.50772896013356,29.92329064831742,True
2015-09-21,147.21254203858678,177.48476480471862,30.272222766131847,True
2015-09-22,147.84017684079748,178.46226115232918,30.622084311531694,True
2015-09-23,148.46734535635238,179.44021862972676,30.972873273374375,True
2015-09-24,149.0940518642525,180.41864131948645,31.324589455233962,True
2015-09-25,149.7203024083495,181.39753758589438,31.677235177544873,True
2015-09-26,150.34610472779437,182.37692072169236,32.03081599389799,True
2015-09-27,150.97146787180088,183.35680907174694,32.385341199946055,True
2015-09-28,151.59640143756457,184.33722529247794,32.74082385491337,True
2015-09-29,152.22091451158173,185.31819462513673,33.097280113555,True
2015-09-30,152.84501455574005,186.29974246171895,33.4547279059789,True
2015-10-01,153.46870654581232,187.28189183416833,33.81318528835601,True
2015-10-02,154.0919925741526,188.26466149730962,34.172668923157005,True
2015-10-03,154.71487193125424,189.24806497185395,34.53319304059971,True
2015-10-04,155.3373415164397,190.23211049996738,34.89476898352768,True
2015-10-05,155.9593963775641,191.21680159978783,35.257405222223724,True
2015-10-06,156.58103022538356,192.20213786300894,35.621107637625386,True
2015-10-07,157.2022358466785,193.1881157391263,35.9858798924478,True
2015-10-08,157.82300540403284,194.17472918065926,36.351723776626415,True
2015-10-09,158.44333064497695,195.1619701233648,36.71863947838784,True
2015-10-10,159.06320305437595,196.14982883096806,37.086625776592115,True
2015-10-11,159.6826139814347,197.13829415500064,37.45568017356592,True
2015-10-12,160.30155476412244,198.12735376025955,37.82579899613711,True
2015-10-13,160.9200168636603,199.11699435510127,38.196977491440975,True
2015-10-14,161.53799201254583,200.10720194982144,38.569209937275616,True
2015-10-15,162.1554723731283,201.09796215071438,38.942489777586076,True
2015-10-16,162.77245070112764,202.0892604864182,39.31680978529056,True
2015-10-17,163.38892050989423,203.08108276016983,39.6921622502756,True
2015-10-18,164.00487623551336,204.0734154278255,40.06853919231213,True
2015-10-19,164.6203134075539,205.0662460150021,40.445932607448185,True
2015-10-20,165.23522883178904,206.05956360207367,40.82433477028462,True
2015-10-21,165.84962078546482,207.0533594140702,41.20373862860538,True
2015-10-22,166.46348920885814,208.0476275414161,41.584138332557956,True
2015-10-23,167.0768358473142,209.04236577236813,41.96552992505394,True
2015-10-24,167.68966426067692,210.03757642919086,42.34791216851394,True
2015-10-25,168.30197958973187,211.03326697932707,42.731287389595195,True
2015-10-26,168.91378798395363,212.02945009596513,43.115662112011506,True
2015-10-27,169.52509568132908,213.0261428686868,43.50104718735773,True
2015-10-28,170.1359078788733,214.02336509178124,43.88745721290795,True
2015-10-29,170.746227664411,215.0211369286283,44.274909264217285,True
2015-10-30,171.3560552936455,216.01947654626971,44.663421252624204,True
2015-10-31,171.96538796211738,217.01839831824267,45.0530103561253,True
2015-11-01,172.57422002623372,218.01791190635598,45.44369188012226,True
2015-11-02,173.18254349428895,219.01802216745938,45.83547867317043,True
2015-11-03,173.79034858948873,220.01872960293676,46.22838101344803,True
2015-11-04,174.39762424786844,221.0200310324932,46.62240678462476,True
2015-11-05,175.0043584930037,222.02192025809802,47.017561765094314,True
2015-11-06,175.6105386880826,223.024388596585,47.413849908502385,True
2015-11-07,176.2161516961427,224.02742524853065,47.811273552387945,True
2015-11-08,176.821183988516,225.03101752513228,48.20983353661629,True
2015-11-09,177.4256217392708,226.03515098142068,48.609529242149875,True
2015-11-10,178.02945093586865,227.0398095134794,49.01035857761076,True
2015-11-11,178.63265752617357,228.04497547595383,49.41231794978026,True
2015-11-12,179.2352276105347,229.05062986680176,49.81540225626705,True
2015-11-13,179.8371476760951,230.05675261041432,50.21960493431922,True
2015-11-14,180.43840486069152,231.06332295055535,50.624918089863826,True
2015-11-15,181.0389872279455,232.07031994593385,51.031332717988334,True
2015-11-16,181.63888403462806,233.07772304956274,51.43883901493467,True
2015-11-17,182.2380859749336,234.0855127521472,51.8474267772136,True
2015-11-18,182.8365853899842,235.0936712778639,52.2570858878797,True
2015-11-19,183.43437642924712,236.10218332943086,52.667806900183734,True
2015-11-20,184.03145513923286,237.111036874485,53.079581735252134,True
2015-11-21,184.62781943411193,238.12022393296112,53.4924044988492,True
2015-11-22,185.22346888129385,239.12974126028112,53.90627237898727,True
2015-11-23,185.8184042311555,240.13959074034776,54.321186509192245,True
2015-11-24,186.41262665721183,241.14977925374748,54.73715259653565,True
2015-11-25,187.00613676089037,242.16031783722354,55.154181076333174,True
2015-11-26,187.59893350661747,243.17122013555058,55.572286628933114,True
2015-11-27,188.1910133227018,244.18250040741958,55.99148708471779,True
2015-11-28,188.78236957159694,245.1941715346642,56.41180196306726,True
2015-11-29,189.37299246449155,246.2062434718322,56.833251007340664,True
2015-11-30,189.96286934517659,247.21872237121858,57.25585302604199,True
2015-12-01,190.55198517878839,248.231610362728,57.679625183939606,True
2015-12-02,191.14032307849723,249.24490579491362,58.10458271641639,True
2015-12-03,191.72786475738758,250.25860369785318,58.530738940465596,True
2015-12-04,192.3145908586501,251.27269627302658,58.95810541437649,True
2015-12-05,192.90048116705393,252.2871732915662,59.38669212451228,True
2015-12-06,193.48551473246738,253.3020223514946,59.81650761902722,True
2015-12-07,194.06966994747577,254.3172289942562,60.247559046780424,True
2015-12-08,194.6529246230269,255.33277671354907,60.67985209052216,True
2015-12-09,195.235256102775,256.34864691158003,61.113390808805036,True
2015-12-10,195.8166414491383,257.3648188731143,61.548177423976,True
2015-12-11,196.39705772082328,258.3812698349485,61.98421211412523,True
2015-12-12,196.97648234185365,259.3979752228471,62.42149288099344,True
2015-12-13,197.55489353795002,260.414909104815,62.860015566865,True
2015-12-14,198.13227079332518,261.4320448695869,63.29977407626171,True
2015-12-15,198.70859526759673,262.44935609212416,63.74076082452743,True
2015-12-16,199.28385011406598,263.4668175099053,64.18296739583931,True
2015-12-17,199.85802065553574,264.4844060183942,64.62638536285849,True
2015-12-18,200.43109439343047,265.50210160239817,65.0710072089677,True
2015-12-19,201.00306083985637,266.51988813866785,65.51682729881148,True
2015-12-20,201.57391116603503,267.5377540147854,65.96384284875035,True
2015-12-21,202.14363766023513,268.5556924991928,66.41205483895766,True
2015-12-22,202.71223299773263,269.57370177549046,66.86146877775784,True
2015-12-23,203.27968935686684,270.59178454879157,67.31209519192473,True
2015-12-24,203.8459974675256,271.60994717551114,67.76394970798555,True
2015-12-25,204.41114572898056,272.6281983707018,68.21705264172124,True
2015-12-26,204.97511954815377,273.64654767509114,68.67142812693737,True
2015-12-27,205.53790100527164,274.66500394991067,69.12710294463903,True
2015-12-28,206.09946886473625,275.68357415690633,69.58410529217008,True
2015-12-29,206.65979885790887,276.70226257650256,70.0424637185937,True
2015-12-30,207.21886411276373,277.72107047641435,70.50220636365063,True
2015-12-31,207.77663560577298,278.73999613200226,70.96336052622928,True
2016-01-01,208.33308254796705,279.75903505064457,71.42595250267752,True
2016-01-02,208.88817266439526,280.7781802583672,71.89000759397192,True
2016-01-03,209.4418723662492,281.7974225424676,72.35555017621837,True
2016-01-04,209.99414684194954,282.81675058629463,72.82260374434509,True
2016-01-05,210.5449601097122,283.8361509707761,73.29119086106388,True
2016-01-06,211.09427508366736,284.85560805099493,73.76133296732758,True
2016-01-07,211.64205371043934,285.87510374908044,74.2330500386411,True
2016-01-08,212.18825723107815,286.89461733982813,74.70636010874998,True
2016-01-09,212.73284660851303,287.9141253394991,75.18127873098607,True
2016-01-10,213.27578312688314,288.9336016284337,75.65781850155054,True
2016-01-11,213.81702911584412,289.95301792445196,76.13598880860783,True
2016-01-12,214.35654869298435,290.9723446607633,76.61579596777898,True
2016-01-13,214.89430837702608,291.99155221575944,77.09724383873336,True
2016-01-14,215.4302774300963,293.0106123306383,77.580334900542,True
2016-01-15,215.96442784484884,294.0294994877076,78.06507164285875,True
2016-01-16,216.49673397673035,295.0481920392272,78.55145806249686,True
2016-01-17,217.02717189285488,296.06667295845614,79.03950106560126,True
2016-01-18,217.55571853969988,297.0849301812987,79.52921164159883,True
2016-01-19,218.0823508242655,298.10295657261554,80.02060574835005,True
2016-01-20,218.60704468025003,299.120749572255,80.513704892005,True
2016-01-21,219.12977417501818,300.13831057002733,81.00853639500914,True
2016-01-22,219.65051071257835,301.1556440547679,81.50513334218954,True
2016-01-23,220.16922239366284,302.17275659797417,82.00353420431134,True
2016-01-24,220.68587358996797,303.1896557635621,82.50378217359412,True
2016-01-25,221.200424764728,304.20634906143573,83.00592429670772,True
2016-01-26,221.71283252942604,305.2228430617182,83.51001053229217,True
2016-01-27,222.22304988254174,306.23914275129687,84.01609286875512,True
2016-01-28,222.73102654861987,307.2552511569259,84.52422460830604,True
2016-01-29,223.2367093332462,308.271169201787,85.03445986854081,True
2016-01-30,223.7400424282206,309.28689572322634,85.54685329500575,True
2016-01-31,224.24096763089693,310.3024275642582,86.06145993336128,True
2016-02-01,224.73942447252574,311.317759655805,86.57833518327925,True
2016-02-02,225.23535027752203,312.332885022412,87.09753474488994,True
2016-02-03,225.72868019857842,313.3477946657618,87.61911446718338,True
2016-02-04,226.21934729283623,314.3624773074409,88.14313001460465,True
2016-02-05,226.70728272111387,315.37691900944657,88.6696362883327,True
2016-02-06,227.19241615873887,316.39110274302476,89.1986865842859,True
2016-02-07,227.67467648844593,317.40500804198007,89.73033155353414,True
2016-02-08,228.15399278531592,318.4186109369222,90.2646181516063,True
2016-02-09,228.6302954947662,319.43188438110406,90.80158888633787,True
2016-02-10,229.1035175750483,320.444799298743,91.34128172369472,True
2016-02-11,229.57359529481025,321.4573262017865,91.88373090697624,True
2016-02-12,230.04046841832576,322.46943709848233,92.42896868015657,True
2016-02-13,230.50407968585958,323.48110728333256,92.97702759747298,True
2016-02-14,230.96437371781482,324.4923166424661,93.52794292465128,True
2016-02-15,231.42129561603633,325.5030503005607,94.08175468452436,True
2016-02-16,231.87478954374706,326.51329865194396,94.6385091081969,True
2016-02-17,232.32479747262286,327.52305694991753,95.19825947729467,True
2016-02-18,232.77125817089254,328.53232464841034,95.7610664775178,True
2016-02-19,233.2141064279513,329.54110464000075,96.32699821204946,True
2016-02-20,233.6532724823225,330.54940246970693,96.89612998738443,True
2016-02-21,234.08868162460942,331.55722555949615,97.46854393488672,True
2016-02-22,234.52025396159047,332.56458246243085,98.04432850084038,True
2016-02-23,234.9479043346739,333.5714821687797,98.62357783410582,True
2016-02-24,235.37154237970887,334.57793349443153,99.20639111472266,True
2016-02-25,235.79107269968304,335.5839445824716,99.79287188278855,True
2016-02-26,236.20639510629857,336.589522537137,100.38312743083841,True
2016-02-27,236.61740487925113,337.59467318835976,100.97726830910864,True
2016-02-28,237.02399299715643,338.59940096163643,101.57540796448001,True
2016-02-29,237.4260463104804,339.603708808545,102.17766249806459,True
2016-03-01,237.82344765102707,340.60759814135895,102.78415049033188,True
2016-03-02,238.21607590139084,341.6110687115897,103.39499281019889,True
2016-03-03,238.6038060797815,342.6141183772184,104.01031229743691,True
2016-03-04,238.98650952949126,343.6167427196479,104.63023319015664,True
2016-03-05,239.36405433276636,344.618934506016,105.25488017324963,True
2016-03-06,239.73630608078605,345.6206830548048,105.88437697401872,True
2016-03-07,240.10312909585707,346.6219736555209,106.51884455966382,True
2016-03-08,240.4643880842728,347.62278729544454,107.15839921117174,True
2016-03-09,240.8199499909764,348.6231009967595,107.80315100578309,True
2016-03-10,241.1696855986628,349.6228889794553,108.4532033807925,True
2016-03-11,241.51347031865043,350.6221246013317,109.10865428268124,True
2016-03-12,241.85118379956023,351.62078268592137,109.76959888636114,True
2016-03-13,242.1827083959338,352.6188416479552,110.43613325202142,True
2016-03-14,242.50792694832404,353.61628491685235,111.10835796852831,True
2016-03-15,242.8267204790025,354.61310147470573,111.78638099570324,True
2016-03-16,243.13896626588965,355.6092856469292,112.47031938103956,True
2016-03-17,243.44453648353795,356.6048364442302,113.16029996069227,True
2016-03-18,243.743297373552,357.5997567419259,113.85645936837389,True
2016-03-19,244.03510880208466,358.59405248120953,114.55894367912487,True
2016-03-20,244.31982405836533,359.5877319704685,115.26790791210317,True
2016-03-21,244.5972897932555,0.5808052936143052,115.9835155003588,True
2016-03-22,244.8673460486508,1.5732838011303822,116.70593775247957,True
2016-03-23,245.1298263655964,2.5651796567094625,117.43535329111307,True
2016-03-24,245.38455797527567,3.5565054237434137,118.17194744846773,True
2016-03-25,245.63136207569107,4.54727368982551,118.91591161413444,True
2016-03-26,245.87005418571567,5.537496736018112,119.66744255030244,True
2016-03-27,246.10044455651249,6.527186257321528,120.42674170080903,True
2016-03-28,246.32233861605542,7.516353131815736,121.19401451576033,True
2016-03-29,246.53553743044262,8.505007221295319,121.96946979085271,True
2016-03-30,246.73983818723877,9.493157169973914,122.75331898273515,True
2016-03-31,246.93503474010797,10.48081015415287,123.5457754140449,True
2016-04-01,247.12091829743173,11.467971529098879,124.34705323166716,True
2016-04-02,247.2972783838284,12.454644326266022,125.15736594243762,True
2016-04-03,247.46390423698276,13.440828584780707,125.97692434779796,True
2016-04-04,247.62058679134236,14.42652056868316,126.80593377734078,True
2016-04-05,247.76712129660743,15.411712031226397,127.64459073461896,True
2016-04-06,247.90331038154295,16.396389815187746,128.4930794336448,True
2016-04-07,248.02896703246745,17.38053614672159,129.35156911425415,True
2016-04-08,248.14391668039556,18.364129878391754,130.2202131979962,True
2016-04-09,248.2479976484442,19.347148616607537,131.09915096816334,True
2016-04-10,248.3410597335887,20.329571262168358,131.98851152857964,True
2016-04-11,248.4229614445307,21.311380274425872,132.88841882989516,True
2016-04-12,248.49356690206602,22.292563112367347,133.7989962103013,True
2016-04-13,248.5527433424157,23.273112696393973,134.72036935397827,True
2016-04-14,248.60035970313442,24.253027095088875,135.65266739195445,True
2016-04-15,248.63628628484727,25.232308793121526,136.59602250827425,True
2016-04-16,248.66039520844058,26.21096385442434,137.55056864598376,True
2016-04-17,248.67256133957076,27.189001168999365,138.5164398294286,True
2016-04-18,248.67266343106436,28.166431852867742,139.49376842180337,True
2016-04-19,248.66058534425648,29.14326879450061,140.48268345024414,True
2016-04-20,248.63621730252171,30.119526306404424,141.4833090038827,True
2016-04-21,248.59945718925317,31.095219833991603,142.49576264473842,True
2016-04-22,248.55021192985436,32.07036568272338,143.52015375286902,True
2016-04-23,248.48839899981994,33.04498073967591,144.55658173985597,True
2016-04-24,248.41394808737275,34.0190821808009,145.60513409342815,True
2016-04-25,248.32680291938235,34.99268716558279,146.66588424620045,True
2016-04-26,248.22692324392673,35.965812523519496,147.73888927959277,True
2016-04-27,248.11428696083496,36.93847443101365,148.82418747017869,True
2016-04-28,247.98889240764728,37.91068806455487,149.9217956569076,True
2016-04-29,247.85076084109159,38.88246720074945,151.03170635965787,True
2016-04-30,247.6999391936863,39.85382372258236,152.15388452889607,True
2016-05-01,247.53650321103618,40.8247669940591,153.28826378302293,True
2016-05-02,247.3605610535529,41.795303095029205,154.43474204147628,True
2016-05-03,247.17225733003784,42.765433977808705,155.59317664777086,True
2016-05-04,246.9717772812433,43.73515671888591,156.7633794376426,True
2016-05-05,246.7593504733989,44.704463160257966,157.94511268685906,True
2016-05-06,246.53525305326738,45.67334028248688,159.1380872292195,True
2016-05-07,246.29980764435288,46.641771521228684,160.3419638768758,True
2016-05-08,246.05338054192887,47.60973890863469,161.5563583667058,True
2016-05-09,245.7963768231883,48.57722554536772,162.78084872217943,True
2016-05-10,245.52923475018017,49.54421774627616,164.014982996096,True
2016-05-11,245.2524208931791,50.51070637802094,165.25828548484185,True
2016-05-12,244.96642678194712,51.4766872813854,166.5102604994383,True
2016-05-13,244.67176710299861,52.44216099001634,167.77039388701772,True
2016-05-14,244.3689789547978,53.40713207950428,169.03815312470647,True
2016-05-15,244.05862155690184,54.37160843424634,170.31298687734449,True
2016-05-16,243.74127594209597,55.335600604593814,171.59432466249785,True
2016-05-17,243.41754436678931,56.29912131997799,172.88157695318867,True
2016-05-18,243.08804935227587,57.26218515345791,174.17413580118205,True
2016-05-19,242.75343238777248,58.22480829741399,175.47137590964152,True
2016-05-20,242.41435239051953,59.1870083977084,176.77265600718886,True
2016-05-21,242.07148404172662,60.14880439497352,178.0773203532469,True
2016-05-22,241.72551611056758,61.11021633105562,179.38470022048804,True
2016-05-23,241.3771498504198,62.07126509263033,179.3058847577895,True
2016-05-24,241.02709751179708,63.03197207950533,177.99512543229176,True
2016-05-25,240.67608097720063,63.992358798308096,176.68372217889254,True
2016-05-26,240.3248304967558,64.95244638922131,175.3723841075345,True
2016-05-27,239.9740834968645,65.91225509203652,174.06182840482796,True
2016-05-28,239.624583442689,66.87180364971609,172.7527797929729,True
2016-05-29,239.2770787408143,67.83110863953912,171.44597010127518,True
2016-05-30,238.93232164201922,68.7901837250686,170.14213791695062,True
2016-05-31,238.59106701672076,69.74903885010632,168.84202816661445,True
2016-06-01,238.25407071868716,70.70767945791516,167.546391260772,True
2016-06-02,237.92208706895804,71.66610590831498,166.25598116064305,True
2016-06-03,237.59586490145574,72.62431334347093,164.9715515579848,True
2016-06-04,237.27614178482048,73.5822922495147,163.6938495353058,True
2016-06-05,236.96363656405182,74.54002981207252,162.42360675197932,True
2016-06-06,236.6590410918557,75.497511888929,161.16152920292672,True
2016-06-07,236.36301252546326,76.45472516218635,159.9082873632769,True
2016-06-08,236.0761674745574,77.41165895888209,158.66450851567532,True
2016-06-09,235.79907862877744,78.368306394441,157.43077223433642,True
2016-06-10,235.53227369243632,79.32466477787737,156.20760891455893,True
2016-06-11,235.27623594224028,80.28073544838047,154.99550049385982,True
2016-06-12,235.0314056325037,81.23652330230071,153.794882330203,True
2016-06-13,234.79818166256976,82.19203623958754,152.60614542298222,True
2016-06-14,234.57692319029363,83.14728467673277,151.42963851356086,True
2016-06-15,234.36795109676285,84.10228119211759,150.26566990464528,True
2016-06-16,234.17154934486194,85.05704031093977,149.11450903392216,True
2016-06-17,233.98796634090394,86.01157840090738,147.97638793999656,True
2016-06-18,233.81741642777268,86.96591362973844,146.85150279803423,True
2016-06-19,233.66008162628015,87.92006592534955,145.7400157009306,True
2016-06-20,233.51611370595714,88.87405687735276,144.64205682860438,True
2016-06-21,233.38563661062034,89.82790952493205,143.55772708568827,True
2016-06-22,233.2687491941715,90.78164799255764,142.48710120161388,True
2016-06-23,233.1655281517459,91.73529695995317,141.4302311917927,True
2016-06-24,233.0760309791947,92.68888098075993,140.38714999843478,True
2016-06-25,233.0002987749332,93.64242368728473,139.3578750876485,True
2016-06-26,232.93835871334144,94.59594693032828,138.34241178301318,True
2016-06-27,232.8902260515299,95.54946990400484,137.34075614752507,True
2016-06-28,232.8559055561728,96.5030083046504,136.3528972515224,True
2016-06-29,232.8353922389649,97.45657358327595,135.37881865568892,True
2016-06-30,232.82867128062998,98.4101723799419,134.41849890068806,True
2016-07-01,232.83571704918452,99.36380626716969,133.47191078201485,True
2016-07-02,232.85649123501724,100.31747194829279,132.53901928672445,True
2016-07-03,232.89094035340048,101.27116201519878,131.61977833820168,True
2016-07-04,232.9389931363065,102.22486624807925,130.71412688822724,True
2016-07-05,233.0005584967017,103.17857327133477,129.82198522536692,True
2016-07-06,233.0755246585992,104.13227225031548,128.9432524082837,True
2016-07-07,233.16375970579523,105.08595430360678,128.07780540218846,True
2016-07-08,233.26511337955867,106.0396134232316,127.22549995632707,True
2016-07-09,233.37941966059984,106.99324686956865,126.38617279103119,True
2016-07-10,233.5064996036596,107.94685514957715,125.55964445408245,True
2016-07-11,233.64616400958874,108.90044174984003,124.74572225974872,True
2016-07-12,233.7982157083317,109.85401278793887,123.94420292039283,True
2016-07-13,233.96245139604406,110.8075767005669,123.15487469547716,True
2016-07-14,234.13866308331126,111.7611440346974,122.37751904861386,True
2016-07-15,234.326639271689,112.71472736386923,121.61191190781977,True
2016-07-16,234.52616599952793,113.6683413173252,120.85782468220273,True
2016-07-17,234.7370278992315,114.62200268178282,120.11502521744868,True
2016-07-18,234.9590093911398,115.5757305108587,119.3832788802811,True
2016-07-19,235.19189610016105,116.5295461567044,118.66234994345665,True
2016-07-20,235.43547651417262,117.48347312893308,117.95200338523954,True
2016-07-21,235.68954381011434,118.43753669771893,117.25200711239542,True
2016-07-22,235.95389767363022,119.39176319848875,116.56213447514148,True
2016-07-23,236.22834586686548,120.3461790609692,115.88216680589628,True
2016-07-24,236.512705293195,121.30080965604574,115.21189563714927,True
2016-07-25,236.80680237916945,122.25567810231581,114.55112427685364,True
2016-07-26,237.11047271580006,123.21080418156302,113.89966853423704,True
2016-07-27,237.4235600216095,124.16620348209769,113.2573565395118,True
2016-07-28,237.7459145665541,125.12188684377871,112.62402772277538,True
2016-07-29,238.07739122292094,126.07786014287335,111.99953108004759,True
2016-07-30,238.41784731338427,127.03412443684847,111.3837228765358,True
2016-07-31,238.7671404395015,127.99067647666368,110.77646396283782,True
2016-08-01,239.1251265036218,128.94750956662466,110.17761693699714,True
2016-08-02,239.4916581570857,129.9046146995645,109.58704345752122,True
2016-08-03,239.8665838762217,130.86198183188932,109.00460204433239,True
2016-08-04,240.24974776472564,131.8196011213175,108.43014664340814,True
2016-08-05,240.64099003196085,132.7774639585109,107.86352607344995,True
2016-08-06,241.0401479612087,133.7355636844269,107.30458427678181,True
2016-08-07,241.44705711369485,134.69389597166318,106.75316114203167,True
2016-08-08,241.86155252814984,135.65245892455283,106.20909360359701,True
2016-08-09,242.28346974727927,136.6112529963695,105.67221675090977,True
2016-08-10,242.71264559253547,137.57028083040723,105.14236476212824,True
2016-08-11,243.14891868720272,138.52954711616377,104.61937157103895,True
2016-08-12,243.59212978345502,139.48905852570968,104.10307125774534,True
2016-08-13,244.04212198386574,140.44882376670037,103.59329821716537,True
2016-08-14,244.49874096840722,141.408853758782,103.08988720962523,True
2016-08-15,244.96183534750097,142.3691619063199,102.59267344118106,True
2016-08-16,245.43125725536854,143.3297643992579,102.10149285611064,True
2016-08-17,245.90686326271359,144.29068042790573,101.61618283480786,True
2016-08-18,246.38851560863037,145.2519321603328,101.13658344829756,True
2016-08-19,246.876083627152,146.2135443291219,100.66253929803011,True
2016-08-20,247.36944510521047,147.17554333518652,100.19390177002396,True
2016-08-21,247.86848722341702,148.13795590418513,99.73053131923189,True
2016-08-22,248.373106769278,149.10080748409666,99.27229928518133,True
2016-08-23,248.8832094875203,150.06412067475483,98.81908881276547,True
2016-08-24,249.39870866953666,151.02791397267237,98.3707946968643,True
2016-08-25,249.9195232655404,151.99220100443563,97.92732226110476,True
2016-08-26,250.44557585410715,152.95699027676918,97.48858557733797,True
2016-08-27,250.97679073782714,153.9222853638239,97.05450537400324,True
2016-08-28,251.51309232127934,154.88808541237714,96.62500690890221,True
2016-08-29,252.05440383429683,155.8543858571,96.20001797719684,True
2016-08-30,252.60064641503087,156.821179265771,95.77946714925986,True
2016-08-31,253.15173855226152,157.78845625195282,95.3632823003087,True
2016-09-01,253.70759587913727,158.75620639369942,94.95138948543786,True
2016-09-02,254.2681312924073,159.72441909086112,94.54371220154619,True
2016-09-03,254.83325534033187,160.69308429499847,94.1401710453334,True
2016-09-04,255.40287679087635,161.66219306340392,93.74068372747243,True
2016-09-05,255.97690327476352,162.63173792020748,93.34516535455603,True
2016-09-06,256.5552419035979,163.60171304309617,92.95352886050173,True
2016-09-07,257.1377997890301,164.5721143231111,92.56568546591902,True
2016-09-08,257.72448442550916,165.54293936139027,92.1815450641189,True
2016-09-09,258.31520393714214,166.51418747050795,91.8010164666342,True
2016-09-10,258.9098672233283,167.48585974219887,91.42400748112945,True
2016-09-11,259.5083840675043,168.45795922996123,91.05042483754309,True
2016-09-12,260.11066529944884,169.43049127300674,90.6801740264421,True
2016-09-13,260.71662312197054,170.40346395195456,90.31315917001598,True
2016-09-14,261.32617171705937,171.37688861007862,89.94928310698074,True
2016-09-15,261.9392282137819,172.35078029725116,89.58844791653075,True
2016-09-16,262.55571400572376,173.325157917216,89.23055608850777,True
2016-09-17,263.17555624494105,174.30004383149011,88.87551241345093,True
2016-09-18,263.79868916121575,175.2754627570956,88.52322640412015,True
2016-09-19,264.42505476974355,176.2514400111626,88.17361475858095,True
2016-09-20,265.0546026427173,177.22799942383708,87.82660321888025,True
2016-09-21,265.687288720092,178.20516140254145,87.48212731755055,True
2016-09-22,266.32307346181085,179.18294157099328,87.14013189081757,True
2016-09-23,266.96191980830463,180.1613501666046,86.80056964170004,True
2016-09-24,267.6037913574524,181.14039211839847,86.46339923905393,True
2016-09-25,268.24865097572615,182.12006757875196,86.1285833969742,True
2016-09-26,268.89645987322484,183.10037267098858,85.79608720223627,True
2016-09-27,269.547177063147,184.08130028482577,85.46587677832122,True
2016-09-28,270.20075909874487,185.06284083543738,85.13791826330748,True
2016-09-29,270.85716000105174,186.0449829606721,84.81217704037965,True
2016-09-30,271.51633132355227,187.02771415661263,84.48861716693963,True
2016-10-01,272.17822232418973,188.01102135320173,84.167200970988,True
2016-10-02,272.84278022382927,188.99489142313274,83.84788880069652,True
2016-10-03,273.50995052669936,189.97931161055703,83.53063891614232,True
2016-10-04,274.1796773702156,190.96426986794285,83.21540750227274,True
2016-10-05,274.8519038667382,191.94975510031398,82.90214876642423,True
2016-10-06,275.52657240285475,192.9357573326096,82.59081507024516,True
2016-10-07,276.20362487350707,193.92226783315178,82.28135704035529,True
2016-10-08,276.88300284702444,194.90927924023623,81.97372360678821,True
2016-10-09,277.5646476807772,195.89678574718303,81.6678619335942,True
2016-10-10,278.2485006344546,196.88478340138633,81.36371723306829,True
2016-10-11,278.93450305746785,197.87327056023625,81.0612324972316,True
2016-10-12,279.62259675372286,198.86224851228118,80.76034824144168,True
2016-10-13,280.3127246370253,199.85172220423448,80.46100243279085,True
2016-10-14,281.0048317571614,200.84170090958318,80.16313084757823,True
2016-10-15,281.6988666691307,201.83219855726998,79.86666811186075,True
2016-10-16,282.3947829317414,202.8232333818632,79.57154954987823,True
2016-10-17,283.0925403251734,203.8148266614575,79.2777136637159,True
2016-10-18,283.7921053154802,204.80700061635244,78.98510469912779,True
2016-10-19,284.49345048678185,205.79977592418436,78.6936745625975,True
2016-10-20,285.19655305038,206.79316951114566,78.40338353923431,True
2016-10-21,285.90139288330784,207.78719314411586,78.11419973919197,True
2016-10-22,286.6079506337862,208.78185297854145,77.82609765524472,True
2016-10-23,287.31620626041473,209.7771498708954,77.53905638951932,True
2016-10-24,288.02613811442114,210.77308011440522,77.25305800001593,True
2016-10-25,288.73772248518515,211.76963629338647,76.96808619179868,True
2016-10-26,289.4509334559308,212.76680807182592,76.68412538410487,True
2016-10-27,290.1657429272658,213.7645828472646,76.4011600800012,True
2016-10-28,290.88212071207846,214.76294627461493,76.11917443746353,True
2016-10-29,291.6000346525589,215.7618826960976,75.83815195646133,True
2016-10-30,292.31945074407713,216.76137551628875,75.55807522778838,True
2016-10-31,293.0403332683857,217.76140754925646,75.27892571912926,True
2016-11-01,293.7626449426512,218.76196134871032,75.00068359394089,True
2016-11-02,294.486347085961,219.7630195195054,74.72332756645557,True
2016-11-03,295.2113997968077,220.76456500414866,74.44683479265905,True
2016-11-04,295.9377621288604,221.76658134247913,74.17118078638129,True
2016-11-05,296.66539225202825,222.76905291493543,73.89633933709283,True
2016-11-06,297.39424759345405,223.77196519629626,73.62228239715779,True
2016-11-07,298.1242849690613,224.7753050628693,73.348979906192,True
2016-11-08,298.8554607397516,225.77906120604501,73.07639953370659,True
2016-11-09,299.5877310546639,226.78322470073743,72.80450635392646,True
2016-11-10,300.32105227003717,227.7877897461437,72.53326252389348,True
2016-11-11,301.0553816402078,228.79275452381611,72.26262711639171,True
2016-11-12,301.7906783397958,229.79812199856374,71.99255634123207,True
2016-11-13,302.52690476461146,230.80390034977316,71.7230044148383,True
2016-11-14,303.2640278772324,231.810102651574,71.45392522565842,True
2016-11-15,304.00202019186906,232.81674554166932,71.18527465019974,True
2016-11-16,304.7408599789423,233.82384697403924,70.91701300490305,True
2016-11-17,305.4805305060555,234.83142358109234,70.64910692496318,True
2016-11-18,306.2210185170899,235.83948837632434,70.38153014076553,True
2016-11-19,306.96231243133366,236.8480493448524,70.11426308648126,True
2016-11-20,307.7044007493133,237.8571090449985,69.84729170431481,True
2016-11-21,308.4472709398949,238.86666497900637,69.58060596088853,True
2016-11-22,309.19090883763425,239.87671035520967,69.31419848242459,True
2016-11-23,309.9352984288733,240.88723492345062,69.04806350542268,True
2016-11-24,310.6804218659196,241.8982257004747,68.78219616544487,True
2016-11-25,311.4262595764282,242.90966752283825,68.51659205358996,True
2016-11-26,312.1727903838737,243.92154344041748,68.25124694345621,True
2016-11-27,312.9199915993769,244.9338349981458,67.98615660123107,True
2016-11-28,313.6678390769265,245.94652246121962,67.72131661570688,True
2016-11-29,314.4163072430997,246.95958503156055,67.45672221153916,True
2016-11-30,315.1653691208029,247.9730010884341,67.19236803236879,True
2016-12-01,315.91499636655794,248.98674846904345,66.9282478975145,True
2016-12-02,316.66515933497175,250.00080479018428,66.66435454478747,True
2016-12-03,317.4158271756288,251.015147803818,66.40067937181081,True
2016-12-04,318.16696796088803,252.02975578042825,66.13721218045978,True
2016-12-05,318.91854884201075,253.04460792423882,65.87394091777193,True
2016-12-06,319.67053623843793,254.05968484010032,65.61085139833762,True
2016-12-07,320.4228960811178,255.07496908565523,65.34792699546259,True
2016-12-08,321.175594152256,256.090445843086,65.08514830917,True
2016-12-09,321.92859658208664,257.10610371800243,64.82249286408421,True
2016-12-10,322.68187056240856,258.1219356050597,64.55993495734884,True
2016-12-11,323.43538529475984,259.1379394493527,64.29744584540714,True
2016-12-12,324.1891130922498,260.1541186126759,64.03499447957387,True
2016-12-13,324.9430304152089,261.1704815076577,63.7725489075512,True
2016-12-14,325.6971185162881,262.18704029282947,63.51007822345866,True
2016-12-15,326.45136340617927,263.2038087477412,63.24755465843805,True
2016-12-16,327.2057550670133,264.22079981606703,62.98495525094626,True
2016-12-17,327.96028613075504,265.2380234640966,62.72226266665842,True
2016-12-18,328.7149504174619,266.2554853310859,62.45946508637604,True
2016-12-19,329.4697416953375,267.27318628159856,62.19655541373896,True
2016-12-20,330.22465284731794,268.2911226556047,61.93353019171326,True
2016-12-21,330.9796754441546,269.3092868884509,61.67038855570371,True
2016-12-22,331.7347996169236,270.3276682144415,61.40713140248215,True
2016-12-23,332.4900140974408,271.3462532783785,61.143760819062265,True
2016-12-24,333.2453063184002,272.36502658431976,60.88027973408043,True
2016-12-25,334.0006625028496,273.38397078182527,60.616691721024324,True
2016-12-26,334.7560677073164,274.4030668286707,60.35300087864567,True
2016-12-27,335.5115058095675,275.4222940860947,60.08921172347277,True
2016-12-28,336.26695945126966,276.4416304067938,59.825329044475836,True
2016-12-29,337.022409959088,277.46105227119983,59.561357687888176,True
2016-12-30,337.77783727521825,278.48053501528784,59.297302259930404,True
2016-12-31,338.5332199292642,279.5000531744506,59.03316675481358,True
2017-01-01,339.288543819163,280.51959274636846,58.76895107279455,True
2017-01-02,340.0437673659202,281.53910455658,58.504662809340175,True
2017-01-03,340.79887417623667,282.5585757038399,58.24029847239677,True
2017-01-04,341.5538383686905,283.577983059561,57.975855309129486,True
2017-01-05,342.30863369793394,284.5973058104582,57.71132788747576,True
2017-01-06,343.06323403123713,285.61652623536276,57.446707795874374,True
2017-01-07,343.8176139356505,286.6356304932036,57.18198344244689,True
2017-01-08,344.571749384203,287.6546093533861,56.91714003081688,True
2017-01-09,345.32561855485415,288.67345872738673,56.652159827467415,True
2017-01-10,346.0792026314228,289.6921797927017,56.387022838721066,True
2017-01-11,346.83248644301943,290.71077849656984,56.12170794644959,True
2017-01-12,347.58545874626725,291.7292643432178,55.85619440304947,True
2017-01-13,348.3381120120009,292.7476485969166,55.59046341508434,True
2017-01-14,349.0904417251806,293.7659422666086,55.32449945857201,True
2017-01-15,349.84244537119525,294.78415432825216,55.0582910429431,True
2017-01-16,350.5941213671807,295.8022905255441,54.791830841636624,True
2017-01-17,351.3454681635002,296.8203528492206,54.52511531427956,True
2017-01-18,352.09648362979084,297.83833957590207,54.25814405388877,True
2017-01-19,352.84716472587934,298.8562456413895,53.99091908448986,True
2017-01-20,353.5975073877399,299.8740631286517,53.72344425908818,True
2017-01-21,354.3475065377062,300.8917817148866,53.455724822819604,True
2017-01-22,355.0971561384355,301.9093889955262,53.18776714290931,True
2017-01-23,355.8464492323521,302.9268706615883,52.919578570763804,True
2017-01-24,356.5953779313355,303.944210546895,52.6511673844405,True
2017-01-25,357.34393334197796,304.9613905888964,52.382542753081566,True
2017-01-26,358.09210543060993,305.97839076667714,52.1137146639328,True
2017-01-27,358.83988285075594,306.9951890934827,51.84469375727326,True
2017-01-28,359.5872527729739,308.0117617449932,51.57549102798072,True
2017-01-29,0.33420076932710757,309.02808339212504,51.30611737720204,True
2017-01-30,1.080710806353113,310.04412777432236,51.03658303203076,True
2017-01-31,1.8267653873036125,311.0598685004086,50.76689688689504,True
2017-02-01,2.5723458584210475,312.0752800136138,50.49706584480725,True
2017-02-02,3.3174328639371,313.0903386240612,50.227094239875896,True
2017-02-03,4.062006911932994,314.1050235068506,49.95698340508238,True
2017-02-04,4.806049005053764,315.11931758170795,49.686731423345805,True
2017-02-05,5.549541293424191,316.1332082123207,49.41633308110346,True
2017-02-06,6.2924677112995555,317.146687671129,49.145780040170564,True
2017-02-07,7.034814553455616,318.15975330433514,48.87506124912045,True
2017-02-08,7.776570930619469,319.1724073192332,48.6041636113863,True
2017-02-09,8.517729027365103,320.18465613228943,48.333072895075645,True
2017-02-10,9.258284091515701,321.19650928469133,48.06177480682436,True
2017-02-11,9.99823412584034,322.2079780425084,47.79025608333194,True
2017-02-12,10.737579323167804,323.21907390194025,47.51850542122753,True
2017-02-13,11.476321353678289,324.22980725568414,47.24651409799418,True
2017-02-14,12.214462643146588,325.24018641849284,46.97427622465375,True
2017-02-15,12.952005760520587,326.2502170889903,46.70178867153027,True
2017-02-16,13.68895297887086,327.25990220217597,46.42905077669491,True
2017-02-17,14.425306014954634,328.2692420504726,46.15606396448203,True
2017-02-18,15.161065911181202,329.27823453169725,45.882831379483946,True
2017-02-19,15.89623300541879,330.28687540313683,45.60935760228193,True
2017-02-20,16.630806933310623,331.29515845847874,45.335648474831885,True
2017-02-21,17.36478661619814,332.3030755828343,45.06171103336385,True
2017-02-22,18.098170199681128,333.3106166754479,44.78755352423326,True
2017-02-23,18.830954921712426,334.3177694621449,44.513185459567524,True
2017-02-24,19.5631369064799,335.32451925423504,44.23861765224484,True
2017-02-25,20.294710903467145,336.3308487479743,43.96386215549285,True
2017-02-26,21.025670019744418,337.3367379908451,43.68893202889933,True
2017-02-27,21.756005521396435,338.3421646498373,43.41384087155916,True
2017-02-28,22.485706793599622,339.3471046807784,43.13860211282122,True
2017-03-01,23.214761533055274,340.35153340771734,42.86322812533791,True
2017-03-02,23.9431561963558,341.35542689950375,42.587729296852046,True
2017-03-03,24.670876658907563,342.35876342953924,42.31211322936832,True
2017-03-04,25.397908982467865,343.3615247763773,42.03638420609059,True
2017-03-05,26.12424017145327,344.3636971795071,41.76054299194618,True
2017-03-06,26.84985882122133,345.3652718682944,41.48458695292692,True
2017-03-07,27.574755604717073,346.3662451756479,41.20851042906918,True
2017-03-08,28.298923581672717,347.36661829654383,40.932305285128905,True
2017-03-09,29.022358334006295,348.36639675778025,40.65596157622605,True
2017-03-10,29.745057935585788,349.36558965559396,40.37946827999184,True
2017-03-11,30.46702276611511,350.36420871775704,40.102814048358084,True
2017-03-12,31.188255187534157,351.36226726470125,39.825987922832894,True
2017-03-13,31.908759118177667,352.35977916862214,39.54897994955553,True
2017-03-14,32.62853955738137,353.3567579197322,39.271781637649156,True
2017-03-15,33.34760212086337,354.3532158906935,38.99438623016988,True
2017-03-16,34.06595263940848,355.34916384610915,38.716788793299315,True
2017-03-17,34.78359685270486,356.3446106900655,38.43898616263937,True
2017-03-18,35.50054020478035,357.3395633998618,38.16097680491856,True
2017-03-19,36.216787725539746,358.33402706906924,37.88276065647051,True
2017-03-20,36.932343968697815,359.328004978175,37.60433899052282,True
2017-03-21,37.647212969979115,0.3214986202713144,37.3257143497078,True
2017-03-22,38.36139818873645,1.314507626329478,37.04689056240697,True
2017-03-23,39.0749023994509,2.307029557250897,36.7678728422,True
2017-03-24,39.78772750738188,3.2990595607439954,36.48866794663788,True
2017-03-25,40.499874277990656,4.290589935642866,36.20928434234779,True
2017-03-26,41.211341996963505,5.281609707370342,35.92973228959316,True
2017-03-27,41.9221281180673,6.272104386425213,35.65002373164209,True
2017-03-28,42.63222800120364,7.262056125907251,35.37017187529639,True
2017-03-29,43.341634869578016,8.25144446465354,35.09019040492448,True
2017-03-30,44.05034009189219,9.240247702995086,34.810092388897104,True
2017-03-31,44.75833380938379,10.228444735703361,34.52988907368043,True
2017-04-01,45.46560580832992,11.216016970137426,34.249588838192494,True
2017-04-02,46.17214645158208,12.202949911202207,33.96919654037987,True
2017-04-03,46.87794747872447,13.189234130723865,33.688713348000604,True
2017-04-04,47.583002556930744,14.174865565419983,33.40813699151076,True
2017-04-05,48.287307560531886,15.159845272548242,33.12746228798365,True
2017-04-06,48.99086062551719,16.144178845311576,32.846681780205614,True
2017-04-07,49.693662048431186,17.127875666491825,32.56578638193936,True
2017-04-08,50.395714089757845,18.11094811429097,32.284765975466875,True
2017-04-09,51.09702072114777,19.093410776248554,32.00360994489922,True
2017-04-10,51.79758733901513,20.075279695595228,31.722307643419903,True
2017-04-11,52.497420459600704,21.05657166745144,31.440848792149264,True
2017-04-12,53.1965274107274,22.0373036072882,31.159223803439197,True
2017-04-13,53.89491603807753,23.017492017800553,30.87742402027698,True
2017-04-14,54.592594444096086,23.997152574917077,30.59544186917901,True
2017-04-15,55.2895707732281,24.976299838355658,30.313270934872442,True
2017-04-16,55.98585304863098,25.954947071522742,30.030905977108237,True
2017-04-17,56.681449054996484,26.9331061357614,29.748342919235085,True
2017-04-18,57.37636625205564,27.91078740944385,29.46557884261179,True
2017-04-19,58.07061169523717,28.887999675062737,29.18261202017443,True
2017-04-20,58.76419193448907,29.864749917930585,28.899442016558485,True
2017-04-21,59.4571128602992,30.841042990324283,28.616069869974915,True
2017-04-22,60.14937946982773,31.816881120430935,28.332498349396793,True
2017-04-23,60.84099554064648,32.792263295245185,28.048732245401297,True
2017-04-24,61.531963231190375,33.76718462752824,27.764778603662137,True
2017-04-25,62.22228267812045,34.74163591978761,27.48064675833284,True
2017-04-26,62.911951719513915,35.71560371871163,27.19634800080229,True
2017-04-27,63.60096590444607,36.68907113061966,26.91189477382641,True
2017-04-28,64.28931890812218,37.66201947367172,26.627299434450464,True
2017-04-29,64.97700334219402,38.63443051307926,26.342572829114765,True
2017-04-30,65.66401178859782,39.60628874245324,26.05772304614458,True
2017-05-01,66.35033779507523,40.577583140204716,25.772754654870518,True
2017-05-02,67.03597661085824,41.54830807362598,25.48766853723226,True
2017-05-03,67.72092557213234,42.51846336779306,25.202462204339284,True
2017-05-04,68.40518417631199,43.48805379304385,24.917130383268137,True
2017-05-05,69.08875395017053,44.457088277665726,24.631665672504802,True
2017-05-06,69.77163821798061,45.42557907769085,24.34605914028976,True
2017-05-07,70.45384184317915,46.393541025077276,24.060300818101872,True
2017-05-08,71.13537098022782,47.360990888020446,23.774380092207373,True
2017-05-09,71.81623284707857,48.32794682974206,23.488286017336506,True
2017-05-10,72.49643551565967,49.29442793809046,23.202007577569212,True
2017-05-11,73.17598771498946,50.260453803928165,22.915533911061296,True
2017-05-12,73.85489864429677,51.22604413895194,22.628854505344826,True
2017-05-13,74.53317779766127,52.19121843421881,22.341959363442456,True
2017-05-14,75.21083480413573,53.15599566416294,22.054839139972792,True
2017-05-15,75.88787928649624,54.120394035988085,21.76748525050816,True
2017-05-16,76.56432073754851,55.08443077270268,21.47988996484583,True
2017-05-17,77.2401684062051,56.048121903134565,21.192046503070536,True
2017-05-18,77.91543117777763,57.011482017970245,20.90394915980739,True
2017-05-19,78.59011742582875,57.974523941507435,20.615593484321316,True
2017-05-20,79.26423480891548,58.937258270224184,20.32697653869129,True
2017-05-21,79.93778998861661,59.89969275050096,20.038097238115654,True
2017-05-22,80.61078826166944,60.86183152135779,19.748956740311648,True
2017-05-23,81.28323313577901,61.82367434313719,19.459558792641822,True
2017-05-24,81.95512593634447,62.78521605780318,19.16990987854129,True
2017-05-25,82.62646559178576,63.74644662327384,18.88001896851192,True
2017-05-26,83.29724876405365,64.70735202895317,18.58989673510048,True
2017-05-27,83.96747041888695,65.66791615136663,18.29955426752032,True
2017-05-28,84.63712476808621,66.62812321198588,18.00900155610033,True
2017-05-29,85.30620634991716,67.58796019412853,17.718246155788634,True
2017-05-30,85.97471096008219,68.54741859389912,17.427292366183067,True
2017-05-31,86.64263623913038,69.50649520811643,17.13614103101395,True
2017-06-01,87.3099818838633,70.46519205526384,16.84478982859946,True
2017-06-02,87.97674957388206,71.42351575351634,16.55323382036572,True
2017-06-03,88.64294274468354,72.38147669564712,16.261466049036414,True
2017-06-04,89.30856631609012,73.33908825397073,15.969478062119393,True
2017-06-05,89.97362643986273,74.29636612272581,15.677260317136913,True
2017-06-06,90.63813029062608,75.25332781412773,15.38480247649835,True
2017-06-07,91.30208589905725,76.20999227653968,15.092093622517567,True
2017-09-12,153.94698995830802,169.18205113316304,15.23506117485502,True
2017-09-13,154.58160871291219,170.1550635616516,15.573454848739402,True
2017-09-14,155.21615339678607,171.12867607826084,15.91252268147477,True
2017-09-15,155.85062413097876,172.10289179692847,16.252267665949717,True
2017-09-16,156.48501909357446,173.07770884179075,16.592689748216287,True
2017-09-17,157.11933481727323,174.053120733281,16.933785916007764,True
2017-09-18,157.75356661627745,175.02911712548817,17.275550509210717,True
2017-09-19,158.38770910743295,176.00568484659996,17.617975739167008,True
2017-09-20,159.02175676720793,176.98280913250207,17.961052365294137,True
2017-09-21,159.65570445122344,177.96047488950526,18.30477043828182,True
2017-09-22,160.2895478085182,178.9386678094011,18.649120000882903,True
2017-09-23,160.92328354977897,179.9173752025402,18.994091652761227,True
2017-09-24,161.5569095663215,180.89658649524574,19.339676928924234,True
2017-09-25,162.19042492912072,181.87629342137177,19.685868492251046,True
2017-09-26,162.82382981449769,182.85648999466065,20.032660180162964,True
2017-09-27,163.45712540426914,183.83717236908447,20.380046964815335,True
2017-09-28,164.09031379863643,184.81833868617923,20.7280248875428,True
2017-09-29,164.7233979661995,185.7999889851635,21.076591018963995,True
2017-09-30,165.35638174116477,186.78212522371223,21.42574348254746,True
2017-10-01,165.98926986395335,187.76475142812868,21.775481564175323,True
2017-10-02,166.62206804700247,188.74787395913856,22.125805912136087,True
2017-10-03,167.25478303169257,189.73150183953533,22.476718807842758,True
2017-10-04,167.88742258652573,190.7156470419861,22.828224455460372,True
2017-10-05,168.51999538691248,191.70032458931536,23.180329202402874,True
2017-10-06,169.15251072355701,192.68555229975686,23.53304157619985,True
2017-10-07,169.78497801924266,193.67135004817524,23.886372028932584,True
2017-10-08,170.4174061916965,194.6577385281325,24.240332336436012,True
2017-10-09,171.04980296284074,195.64473766168788,24.59493469884714,True
2017-10-10,171.68217424883395,196.63236493930577,24.95019069047183,True
2017-10-11,172.31452374783817,197.6206340038574,25.306110256019224,True
2017-10-12,172.94685278158087,198.6095537027925,25.662700921211638,True
2017-10-13,173.5791603769285,199.59912767916953,26.019967302241014,True
2017-10-14,174.21144352836478,200.5893544399138,26.37791091154901,True
2017-10-15,174.84369757208606,201.58022777761303,26.736530205526975,True
2017-10-16,175.475916615872,202.57173742505765,27.095820809185653,True
2017-10-17,176.10809398748515,203.5638698537207,27.45577586623554,True
2017-10-18,176.74022267589183,204.55660915459256,27.816386478700736,True
2017-10-19,177.37229574212245,205.54993794777397,28.177642205651523,True
2017-10-20,178.00430667538828,206.54383826103444,28.53953158564616,True
2017-10-21,178.63624967202384,207.53829231206097,28.902042640037138,True
2017-10-22,179.26811982361704,208.53328313725913,29.26516331364209,True
2017-10-23,179.89991321498613,209.5287950348255,29.628881819839364,True
2017-10-24,180.53162694767062,210.5248138243573,29.99318687668668,True
2017-10-25,181.16325911541963,211.52132695820225,30.358067842782617,True
2017-10-26,181.79480876233498,212.5183235424563,30.72351478012132,True
2017-10-27,182.4262758522013,213.51579433526535,31.08951848306407,True
2017-10-28,183.05766127085653,214.51373178878936,31.45607051793283,True
2017-10-29,183.688966873588,215.51213019162424,31.82316331803625,True
2017-10-30,184.3201955764031,216.51098595081274,32.19079037440963,True
2017-10-31,184.95135147223453,217.51029802262883,32.558946550394296,True
2017-11-01,185.58243992958754,218.5100684517473,32.92762852215975,True
2017-11-02,186.21346760435367,219.5103029048083,33.29683530045463,True
2017-11-03,186.84444227611306,220.5110109975944,33.666568721481354,True
2017-11-04,187.47537242854585,221.51220615517084,34.03683372662499,True
2017-11-05,188.1062665506248,222.51390477818228,34.40763822755747,True
2017-11-06,188.73713223965274,223.51612466637567,34.77899242672294,True
2017-11-07,189.36797529430365,224.51888293355748,35.15090763925383,True
2017-11-08,189.9987990241452,225.52219388563097,35.52339486148577,True
2017-11-09,190.62960393302444,226.52606736225587,35.89646342923143,True
2017-11-10,191.26038779582058,227.5305078395022,36.27012004368163,True
2017-11-11,191.89114602674027,228.53551429751562,36.644368270775345,True
2017-11-12,192.5218721906554,229.5410806465829,37.019208455927526,True
2017-11-13,193.15255853301053,230.5471964476238,37.39463791461327,True
2017-11-14,193.78319645825167,231.55384771921058,37.770651260958914,True
2017-11-15,194.4137769351235,232.5610177161145,38.147240780990984,True
2017-11-16,195.04429083430196,233.56868763999358,38.52439680569162,True
2017-11-17,195.67472921122996,234.57683728269814,38.90210807146818,True
2017-11-18,196.30508354309342,235.58544561171337,39.28036206861995,True
2017-11-19,196.93534592206157,236.59449129929715,39.659145377235575,True
2017-11-20,197.56550920292582,237.6039531857859,40.03844398286009,True
2017-11-21,198.19556710434665,238.61381066287728,40.418243558530634,True
2017-11-22,198.8255142683106,239.624043968137,40.79852969982639,True
2017-11-23,199.45534628955406,240.63463439591516,41.1792881063611,True
2017-11-24,200.085059732767,241.64556444769138,41.56050471492438,True
2017-11-25,200.71465215826655,242.65681796176992,41.94216580350337,True
2017-11-26,201.34412217541114,243.66838027472295,42.324258099311805,True
2017-11-27,201.9734695365044,244.68023847249466,42.706768935990254,True
2017-11-28,202.60269527096742,245.69238178401403,43.089686513046615,True
2017-11-29,203.2318018379791,246.70480214714718,43.47300030916807,True
2017-11-30,203.86079324426169,247.71749492432357,43.85670168006189,True
2017-12-01,204.48967503627637,248.73045965311368,44.24078461683732,True
2017-12-02,205.11845404928906,249.74370059396887,44.62524654467981,True
2017-12-03,205.74713781154975,250.75722673538115,45.010088923831404,True
2017-12-04,206.37573359250794,251.77105093689755,45.39531734438961,True
2017-12-05,207.00424724192865,252.7851881211987,45.78094087927005,True
2017-12-06,207.63268211140675,253.79965282121097,46.16697070980422,True
2017-12-07,208.2610383666404,254.8144567167348,46.553418350094404,True
2017-12-08,208.88931284989326,255.82960680973454,46.940293959841284,True
2017-12-09,209.51749943275263,256.8451045734352,47.32760514068258,True
2017-12-10,210.14558965175908,257.8609460042764,47.71535635251732,True
2017-12-11,210.77357340473796,258.877122254911,48.10354885017304,True
2017-12-12,211.40143956137445,259.89362049672997,48.49218093535552,True
2017-12-13,212.0291764336499,260.91042476606054,48.88124833241065,True
2017-12-14,212.65677211529103,261.9275166795363,49.27074456424529,True
2017-12-15,213.28421472676482,262.9448760006017,49.660661273836894,True
2017-12-16,213.9114926043783,263.96248108872896,50.050988484350654,True
2017-12-17,214.53859446174522,264.9803092765327,50.441714814787474,True
2017-12-18,215.1655095384708,265.99833721245693,50.832827673986145,True
2017-12-19,215.79222773967498,267.0165411903073,51.22431345063231,True
2017-12-20,216.41873976354677,268.03489747041573,51.61615770686896,True
2017-12-21,217.04503721321666,269.0533825866773,52.00834537346063,True
2017-12-22,217.67111269295773,270.0719736322892,52.400860939331466,True
2017-12-23,218.29695989488343,271.0906485249971,52.79368863011368,True
2017-12-24,218.92257368800009,272.1093862675704,53.18681257957033,True
2017-12-25,219.54795022368293,273.1281672368262,53.580217013143255,True
2017-12-26,220.17308706750737,274.1469735493452,53.97388648183784,True
2017-12-27,220.79798335401435,275.165789556884,54.36780620286967,True
2017-12-28,221.4226399357923,276.18460250888387,54.76196257309158,True
2017-12-29,222.04705946091445,277.20340336907344,55.15634390815899,True
2017-12-30,222.67124627086895,278.2221876755105,55.55094140464155,True
2017-12-31,223.2952059879249,279.24095619685676,55.945750208931855,True
2018-01-01,223.91894469617438,280.2597150200325,56.34077032385812,True
2018-01-02,224.54246774689585,281.2784747200324,56.73600697313657,True
2018-01-03,225.1657784107277,282.29724851216827,57.131470101440556,True
2018-01-04,225.78887674354874,283.3160497165052,57.527172972956436,True
2018-01-05,226.41175899979234,284.3348892145224,57.92313021473004,True
2018-01-06,227.03441770686084,285.35377358030274,58.31935587344191,True
2018-01-07,227.65684225432562,286.37270422158707,58.715861967261446,True
2018-01-08,228.27901971596887,287.3916774368889,59.112657720920055,True
2018-01-09,228.90093564985406,288.41068504298056,59.5097493931265,True
2018-01-10,229.5225747350464,289.4297152078728,59.9071404728264,True
2018-01-11,230.14392121375235,290.4487532391238,60.30483202537144,True
2018-01-12,230.7649591732771,291.467782212574,60.702823039296874,True
2018-01-13,231.38567272504727,292.48678342487904,61.101110699831764,True
2018-01-14,232.0060461350165,293.50573670599783,61.49969057098133,True
2018-01-15,232.62606394590023,294.5246206471119,61.898556701211646,True
2018-01-16,233.245711115236,295.5434127987994,62.29770168356342,True
2018-01-17,233.86497317809275,296.56208988286954,62.69711670477679,True
2018-01-18,234.4838364313149,297.580628044729,63.0967916134141,True
2018-01-19,235.10228812886734,298.5990031559408,63.49671502707346,True
2018-01-20,235.7203166760109,299.61719116318335,63.896874487172454,True
2018-01-21,236.3379118132239,300.63516847416696,64.29725666094305,True
2018-01-22,236.95506478672613,301.65291237531903,64.69784758859291,True
2018-01-23,237.57176850710863,302.6704014888633,65.09863298175469,True
2018-01-24,238.18801769601657,303.68761629280147,65.49959859678489,True
2018-01-25,238.80380900849212,304.70453973669476,65.90073072820263,True
2018-01-26,239.41914109306808,305.72115797591044,66.30201688284237,True
2018-01-27,240.0340145158279,306.7374612024439,66.70344668661602,True
2018-01-28,240.64843144166292,307.7534444625859,67.10501302092297,True
2018-01-29,241.26239496372233,308.7691082341078,67.50671327038549,True
2018-01-30,241.87590803648317,309.7844584452846,67.90855040880143,True
2018-01-31,242.48897211328094,310.79950565195736,68.31053353867642,True
2018-02-01,243.10158576567682,311.8142633177485,68.71267755207168,True
2018-02-02,243.71374365337482,312.82874550391654,69.11500185054172,True
2018-02-03,244.32543612255873,313.84296455378797,69.51752843122924,True
2018-02-04,244.93664947010024,314.85692934859577,69.92027987849553,True
2018-02-05,245.54736667467373,315.87064442639195,70.32327775171822,True
2018-02-06,246.1575682982875,316.88410990324553,70.72654160495804,True
2018-02-07,246.7672333137119,317.89732191869444,71.13008860498255,True
2018-02-08,247.37633973346257,318.91027329518613,71.53393356172356,True
2018-02-09,247.98486502363585,319.9229541836748,71.93808916003894,True
2018-02-10,248.59278634791033,320.93535257651587,72.34256622860553,True
2018-02-11,249.20008070825958,321.9474546551228,72.7473739468632,True
2018-02-12,249.8067250463666,322.95924499290527,73.15251994653866,True
2018-02-13,250.41269635701815,323.9707066612112,73.55801030419303,True
2018-02-14,251.0179718486706,324.98182129714115,73.96384944847054,True
2018-02-15,251.62252916903833,325.9925691931764,74.37004002413806,True
2018-02-16,252.22634669560614,327.00292946145464,74.7765827658485,True
2018-02-17,252.82940387386842,328.01288031056794,75.18347643669952,True
2018-02-18,253.43168157273553,329.02239945159215,75.59071787885662,True
2018-02-19,254.03316242018033,330.03146462740295,75.99830220722262,True
2018-02-20,254.63383108407697,331.04005424210936,76.40622315803239,True
2018-02-21,255.23367447065743,332.0481480612713,76.81447359061389,True
2018-02-22,255.8326818196356,333.05572795848644,77.22304613885083,True
2018-02-23,256.4308446735816,334.0627786921285,77.63193401854693,True
2018-02-24,257.02815668620804,335.0692886935649,78.04113200735685,True
2018-02-25,257.624613215101,336.07525082107287,78.45063760597185,True
2018-02-26,258.22021063548027,337.08066297745825,78.86045234197798,True
2018-02-27,258.8149453372855,338.08552842102233,79.27058308373682,True
2018-02-28,259.4088124472017,339.08985556389763,79.68104311669595,True
2018-03-01,260.00180443947465,340.093657107124,80.09185266764933,True
2018-03-02,260.59390990747505,341.09694853362583,80.50303862615078,True
2018-03-03,261.1851127810396,342.09974621076367,80.91463342972406,True
2018-03-04,261.77539215399173,343.1020655133347,81.32667335934298,True
2018-03-05,262.36472268571345,344.1039193597142,81.73919667400077,True
2018-03-06,262.95307537305285,345.1053173715773,82.15224199852446,True
2018-03-07,263.5404184342378,346.10626563950194,82.56584720526416,True
2018-03-08,264.12671809998864,347.1067669205962,82.98004882060758,True
2018-03-09,264.7119392081289,348.1068210498928,83.39488184176389,True
2018-03-10,265.2960455891368,349.1064253839685,83.8103797948317,True
2018-03-11,265.8790002864162,350.1055751625296,84.22657487611338,True
2018-03-12,266.4607656789042,351.1042637369491,84.64349805804494,True
2018-03-13,267.04130357722767,352.10248266184067,85.061179084613,True
2018-03-14,267.62057535821515,353.1002216784468,85.47964632023167,True
2018-03-15,268.1985421905302,354.09746864252884,85.89892645199865,True
2018-03-16,268.77516538600065,355.09420946779477,86.31904408179412,True
2018-03-17,269.35040688456615,356.090428167056,86.74002128248986,True
2018-03-18,269.9242298454394,357.08610707120056,87.16187722576115,True
2018-03-19,270.4965992784541,358.0812272841098,87.5846280056557,True
2018-03-20,271.0674826191333,359.07576938866544,88.00828676953216,True
2018-03-21,271.63685014188866,0.0697143644303225,88.43286422254164,True
2018-03-22,272.2046751241655,1.0630446299021339,88.85836950573668,True
2018-03-23,272.77093371328226,2.0557450991790462,89.28481138589677,True
2018-03-24,273.33560448960264,3.0478041492380004,89.71219965963536,True
2018-03-25,273.898667748036,4.03921441752744,90.14054666949141,True
2018-03-26,274.4601045313841,5.029973369611382,90.56986883822725,True
2018-03-27,275.0198954562163,6.020083579967688,91.00018812375134,True
2018-03-28,275.57801939358734,7.00955266145286,91.43153326786552,True
2018-03-29,276.1344521117607,7.998392784010561,91.86394067224984,True
2018-03-30,276.6891650417047,8.986619767044145,92.29745472533943,True
2018-03-31,277.2421243524373,9.97425181772136,92.73212746528407,True
2018-04-01,277.7932904871132,10.961308088846904,93.16801760173371,True
2018-04-02,278.34261820885683,11.947807290988436,93.60518908213157,True
2018-04-03,278.8900570780671,12.933766574784904,94.04370949671778,True
2018-04-04,279.43555218918965,13.919200807323344,94.48364861813371,True
2018-04-05,279.97904497131805,14.904122248243212,94.92507727692515,True
2018-04-06,280.520473897882,15.88854053854226,95.36806664066023,True
2018-04-07,281.0597750227981,16.872462873063046,95.81268785026498,True
2018-04-08,281.59688233026696,17.855894231036704,96.25901190076974,True
2018-04-09,282.1317279355672,18.838837567891357,96.70710963232415,True
2018-04-10,282.66424220334375,19.82129390767739,97.15705170433364,True
2018-04-11,283.19435386417274,20.803262309945865,97.60890844577312,True
2018-04-12,283.7219902151583,21.784739717166033,98.0627495020077,True
2018-04-13,284.24707748639,22.765720722282303,98.51864323589228,True
2018-04-14,284.76954143644804,23.746197333172308,98.97665589672425,True
2018-04-15,285.2893081973339,24.726158847633048,99.4368506502991,True
2018-04-16,285.80630531650354,25.705591975184763,99.8992866586812,True
2018-04-17,286.32046285027246,26.68448132859476,100.3640184783223,True
2018-04-18,286.8317142810272,27.662810341041695,100.83109606001449,True
2018-04-19,287.3399970076194,28.640562550709436,101.30056554309004,True
2018-04-20,287.8452522262804,29.617723074460212,101.77247084817981,True
2018-04-21,288.34742416277584,30.59428002456353,102.24685586178771,True
2018-04-22,288.84645877120573,31.57022564237094,102.7237668711652,True
2018-04-23,289.3423021107012,32.545557013877044,103.20325490317583,True
2018-04-24,289.83489862115954,33.52027634007977,103.68537771892022,True
2018-04-25,290.32418946949474,34.4943908100705,104.17020134057577,True
2018-04-26,290.81011107745263,35.4679121516194,104.65780107416677,True
2018-04-27,291.292593904103,36.440855930092155,105.14826202598914,True
2018-04-28,291.77156154276736,37.413240659503124,105.64167911673576,True
2018-04-29,292.2469301834234,38.385086796045755,106.13815661262237,True
2018-04-30,292.71860846599844,39.35641570205677,106.63780723605834,True
2018-05-01,293.1864977015037,40.327248681076824,107.14075097957311,True
2018-05-02,293.65049238064324,41.29760617650114,107.6471137958579,True
2018-05-03,294.1104808471616,42.26750719321324,108.15702634605162,True
2018-05-04,294.5663460032866,43.236968953719845,108.67062295043326,True
2018-05-05,295.017965938651,44.20600675438689,109.18804081573589,True
2018-05-06,295.46521441987085,45.17463395641542,109.70941953654457,True
2018-05-07,295.9079612295106,46.14286203416487,110.23490080465427,True
2018-05-08,296.3460723893918,47.11070060689712,110.76462821750533,True
2018-05-09,296.77941034040646,48.07815739322018,111.29874705281372,True
2018-05-10,297.20783418010336,49.04523804700497,111.83740386690161,True
2018-05-11,297.631200080288,50.01194586026512,112.3807457799771,True
2018-05-12,298.0493620130849,50.978281357039556,112.92891934395468,True
2018-05-13,298.46217288843985,51.94424185700341,113.48206896856357,True
2018-05-14,298.8694861244032,52.9098211544368,114.04033503003362,True
2018-05-15,299.27115751762096,53.87500951503044,114.60385199740949,True
2018-05-16,299.66704707842916,54.83979419598231,115.17274711755314,True
2018-05-17,300.05702033119485,55.80416059815308,115.74714026695824,True
2018-05-18,300.44094858552586,56.76809396120239,116.32714537567654,True
2018-05-19,300.81870793003503,57.73158129338306,116.91287336334801,True
2018-05-20,301.19017710179844,58.69461311575341,117.50443601395497,True
2018-05-21,301.55523472488187,59.657184671929656,118.10194994704779,True
2018-05-22,301.9137565107707,60.61929646081387,118.70553995004315,True
2018-05-23,302.2656128688128,61.580954162273315,119.3153412934605,True
2018-05-24,302.6106671267318,62.54216814375941,119.93150101702759,True
2018-05-25,302.9487743575219,63.502952744514175,120.55417838699225,True
2018-05-26,303.27978071229535,64.46332547936619,121.18354476707083,True
2018-05-27,303.6035231510811,65.42330623985809,121.819783088777,True
2018-05-28,303.91982949578306,66.38291652721472,122.46308703143166,True
2018-05-29,304.22851875969815,67.34217873488434,123.11365997518618,True
2018-05-30,304.5294017167024,68.30111549872667,123.77171378202428,True
2018-05-31,304.82228166173564,69.25974913717069,124.43746747543503,True
2018-06-01,305.10695529592164,70.21810120195215,125.11114590603052,True
2018-06-02,305.3832136598401,71.17619214897915,125.79297848913905,True
2018-06-03,305.65084304656995,72.13404112097524,126.4831980744053,True
2018-06-04,305.90962585314526,73.09166581420014,127.1820399610549,True
2018-06-05,306.1593413699099,74.0490823856723,127.88974101576241,True
2018-06-06,306.3997665552332,75.0063053476575,128.6065387924243,True
2018-06-07,306.6306768928881,75.9633473938346,129.33267050094648,True
2018-06-08,306.8518474763417,76.92021910802845,130.06837163168677,True
2018-06-09,307.063054499241,77.87692852597877,130.81387402673778,True
2018-06-10,307.2640773333149,78.83348056119007,131.56940322787517,True
2018-06-11,307.4547013053555,79.7898763755744,132.3351750702189,True
2018-06-12,307.6347210972191,80.74611287176816,133.11139177454908,True
2018-06-13,307.80394437220275,81.70218257555956,133.8982382033568,True
2018-06-14,307.96219486519806,82.65807419420852,134.69587932901047,True
2018-06-15,308.1093139902866,83.61377400117087,135.5044600108843,True
2018-06-16,308.2451602761538,84.56926790506908,136.32410762891527,True
2018-06-17,308.3696066605014,85.52454374690333,137.15493708640193,True
2018-06-18,308.48253649175336,86.47959324511575,137.9970567533624,True
2018-06-19,308.5838394857179,87.43441316989066,138.8505736841728,True
2018-06-20,308.67340866647277,88.38900565736424,139.71559699089147,True
2018-06-21,308.7511387393133,89.34337785586018,140.59223911654686,True
2018-06-22,308.81692580549685,90.29754120579216,141.4806154002953,True
2018-06-23,308.8706680574825,91.25151061320376,142.3808425557213,True
2018-06-24,308.9122670740306,92.2053036718875,143.29303659785694,True
2018-06-25,308.941629444377,93.15893999212588,144.2173105477489,True
2018-06-26,308.95866858076903,94.11244063431981,145.15377205355077,True
2018-06-27,308.96330667277385,95.06582762223628,146.10252094946242,True
2018-06-28,308.95547678122193,96.01912351098399,147.06364672976207,True
2018-06-29,308.935125073476,96.97235099597331,148.03722592249733,True
2018-06-30,308.9022131831134,97.925532560883,149.02331937776958,True
2018-07-01,308.85672065558884,98.8786901687308,150.02196951314195,True
2018-07-02,308.79864743266484,99.83184499804409,151.03319756537925,True
2018-07-03,308.72801634092093,100.78501721661672,152.0570008756958,True
2018-07-04,308.64487558406864,101.73822577134372,153.09335018727506,True
2018-07-05,308.5493012891719,102.69148815795981,154.1421868687879,True
2018-07-06,308.4414002123183,103.64482012333998,155.20341991102168,True
2018-07-07,308.32131275299867,104.59823525054387,156.2769224975452,True
2018-07-08,308.1892164308547,105.55174439090074,157.36252796004607,True
2018-07-09,308.04532989934665,106.50535494961791,158.46002505027127,True
2018-07-10,307.8899173528122,107.45907011271456,159.56915275990238,True
2018-07-11,307.723292796308,108.41288822023192,160.68959542392395,True
2018-07-12,307.5458231707468,109.36680260206063,161.82097943131382,True
2018-07-13,307.3579290291415,110.3208022067578,162.96287317761633,True
2018-07-14,307.1600817348332,111.27487317347432,164.11479143864108,True
2018-07-15,306.9527971700277,112.22900113350067,165.276203963473,True
2018-07-16,306.73662727577135,113.18317367401454,166.44654639824319,True
2018-07-17,306.5121515277205,114.13738230837905,167.62523078065854,True
2018-07-18,306.27997015213066,115.09162354597369,168.81165339384302,True
2018-07-19,306.04069981890115,116.04589904905924,170.0051992301581,True
2018-07-20,305.79497149518346,117.00021514974054,171.20524365455708,True
2018-07-21,305.5434296205396,117.95458207308816,172.41115245254855,True
2018-07-22,305.28673177347616,118.909013132739,173.62228135926284,True
2018-07-23,305.0255482740737,119.86352403982148,174.83797576574779,True
2018-07-24,304.7605614692775,120.81813236381765,176.05757089454016,True
2018-07-25,304.49246466457305,121.77285712459465,177.2803924600216,True
2018-07-26,304.2219607810754,122.7277184714662,178.50575769039082,True
2018-07-27,303.94976085280973,123.68273740451662,179.73297655170688,True
2018-07-28,303.67658246441806,124.63793550448509,179.03864695993298,True
2018-07-29,303.4031481908075,125.59333465252641,177.80981353828108,True
2018-07-30,303.13018405928096,126.54895673460017,176.5812273246808,True
2018-07-31,302.8584180285992,127.50482333307092,175.35359469552827,True
2018-08-01,302.58857847818297,128.46095540799757,174.1276230701854,True
2018-08-02,302.3213927242563,129.41737296248442,172.9040197617719,True
2018-08-03,302.0575856170546,130.37409467286028,171.68349094419432,True
2018-08-04,301.79787830316803,131.3311374504393,170.46674085272875,True
2018-08-05,301.5429872304432,132.28851589502483,169.25447133541837,True
2018-08-06,301.29362339520685,133.24624161218495,168.0473817830219,True
2018-08-07,301.0504916522189,134.20432241022854,166.84616924199037,True
2018-08-08,300.81428962608646,135.1627614789435,165.65152814714295,True
2018-08-09,300.58570545894935,136.12155677125932,164.46414868769003,True
2018-08-10,300.365413510024,137.0807009094823,163.2847126005417,True
2018-08-11,300.15406746982563,138.0401819227504,162.11388554707523,True
2018-08-12,299.9522912796147,138.99998490900518,160.95230637060953,True
2018-08-13,299.76066939807635,139.96009434715984,159.8005750509165,True
2018-08-14,299.57973857210027,140.92049647506195,158.65924209703832,True
2018-08-15,299.40998281642493,141.88118112301396,157.52880169341097,True
2018-08-16,299.25183206464345,142.84214266890586,156.4096893957376,True
2018-08-17,299.10566375827136,143.80338015142013,155.30228360685123,True
2018-08-18,298.97180610497236,144.7648968190562,154.20690928591617,True
2018-08-19,298.85054186639553,145.7266994377115,153.12384242868404,True
2018-08-20,298.74211197660713,146.6887975969135,152.05331437969363,True
2018-08-21,298.6467187210159,147.6512031397999,150.99551558121598,True
2018-08-22,298.564528485253,148.61392975026683,149.95059873498616,True
2018-08-23,298.49567421354834,149.57699267581745,148.9186815377309,True
2018-08-24,298.4402577452026,150.54040853937096,147.89984920583163,True
2018-08-25,298.3983521714001,151.50419518680698,146.89415698459314,True
2018-08-26,298.3700043020756,152.46837152168274,145.90163278039284,True
2018-08-27,298.35523727133466,153.43295728998453,144.92227998135013,True
2018-08-28,298.3540532528634,154.39797279299356,143.95608045986987,True
2018-08-29,298.36643621531425,155.3634385219119,143.00299769340236,True
2018-08-30,298.39235463037363,156.32937471960517,142.06297991076846,True
2018-08-31,298.4317640539843,157.29580087894763,141.13596317503666,True
2018-09-01,298.48460952383033,158.26273518274,140.22187434109034,True
2018-09-02,298.5508277331589,159.23019388051978,139.3206338526391,True
2018-09-03,298.6303489277343,160.19819059149438,138.43215833623992,True
2018-09-04,298.72309841121114,161.16673553308274,137.5563628781284,True
2018-09-05,298.82899743793985,162.13583471427663,136.69316272366322,True
2018-09-06,298.9479631640031,163.10548920731608,135.84247395668703,True
2018-09-07,299.0799073103824,164.07569470284923,135.00421260753316,True
2018-09-08,299.22473338508235,165.0464416107465,134.17829177433583,True
2018-09-09,299.3823327644425,166.0177159157293,133.36461684871318,True
2018-09-10,299.55258050376506,166.98950079253066,132.5630797112344,True
2018-09-11,299.73533208673786,167.96177869533057,131.7735533914073,True
2018-09-12,299.930422121354,168.934533429846,130.99588869150801,True
2018-09-13,300.1376652933515,169.9077517371294,130.22991355622213,True
2018-09-14,300.35685911376765,170.88142414810756,129.4754349656601,True
2018-09-15,300.58778757224377,171.855545148605,128.73224242363878,True
2018-09-16,300.830224841854,172.83011287456782,128.00011196728616,True
2018-09-17,301.08393849068835,173.80512859458065,127.2788098961077,True
2018-09-18,301.34869199891267,174.78059617950186,126.56809581941081,True
2018-09-19,301.6242466217962,175.75652167338149,125.86772494841472,True
2018-09-20,301.91036275890366,176.73291300640346,125.1774497525002,True
2018-09-21,302.2068010221832,177.70977984099275,124.49702118119043,True
2018-09-22,302.5133231809333,178.68713351260732,123.82618966832598,True
2018-09-23,302.82969312455623,179.66498701005725,123.16470611449898,True
2018-09-24,303.1556779348302,180.6433549322382,122.51232300259198,True
2018-09-25,303.49104910117006,181.6222533585916,121.86879574257847,True
2018-09-26,303.8355838488427,182.60169958126443,121.23388426757828,True
2018-09-27,304.1890664908721,183.58171166864673,120.60735482222537,True
2018-09-28,304.55128967392955,184.56230785951007,119.98898181441947,True
2018-09-29,304.92205537936445,185.5435058164541,119.37854956291037,True
2018-09-30,305.3011755639585,186.5253217874011,118.7758537765574,True
2018-10-01,305.688472366484,187.50776972949484,118.18070263698917,True
2018-10-02,306.0837778418454,188.49086044507538,117.59291739677002,True
2018-10-03,306.4869331962822,189.47460077690172,117.0123324193805,True
2018-10-04,306.89778748784795,190.4589929232696,116.43879456457836,True
2018-10-05,307.316195756089,191.4440339673147,115.87216178877426,True
2018-10-06,307.7420165990653,192.4297157533236,115.31230084574173,True
2018-10-07,308.1751093546036,193.41602525048762,114.75908410411597,True
2018-10-08,308.6153312392001,194.40294548182476,114.21238575737533,True
2018-10-09,309.06253495146694,195.39045695503052,113.67207799643643,True
2018-10-10,309.51656723111415,196.37853936447755,113.1380278666366,True
2018-10-11,309.9772686319418,197.3671732321814,112.61009539976041,True
2018-10-12,310.44447441542644,198.35634118592492,112.08813322950152,True
2018-10-13,310.9180161816368,199.34602871703706,111.57198746459974,True
2018-10-14,311.39772375364544,200.33622443388288,111.06149931976256,True
2018-10-15,311.8834269162487,201.32691994808656,110.55650696816215,True
2018-10-16,312.3749567851,202.31810956980857,110.05684721529141,True
2018-10-17,312.8721467514486,203.3097899655018,109.5623567859468,True
2018-10-18,313.37483306204416,204.30195988178227,109.0728731802619,True
2018-10-19,313.8828551506899,205.29461998832858,108.58823516236134,True
2018-10-20,314.3960558553686,206.28777285125446,108.10828300411416,True
2018-10-21,314.9142816506863,207.2814230155084,107.63285863517788,True
2018-10-22,315.43738300830125,208.27557714629208,107.16180586200917,True
2018-10-23,315.9652149671141,209.27024415310925,106.69497081400485,True
2018-10-24,316.4976379444226,210.26543519933736,106.23220274508523,True
2018-10-25,317.0345187461548,211.26116349495317,105.77335525120162,True
2018-10-26,317.575731648242,212.2574437924739,105.31828785576812,True
2018-10-27,318.12115934872827,213.25429156203742,104.86686778669085,True
2018-10-28,318.6706935666554,214.25172190022812,104.4189716664273,True
2018-10-29,319.22423511129125,215.24974830068186,103.97448681060939,True
2018-10-30,319.78169335169355,216.2483814510659,103.53331190062764,True
2018-10-31,320.34298513665453,217.2476282070421,103.09535692961242,True
2018-11-01,320.90803329882937,218.24749084402862,102.66054245480075,True
2018-11-02,321.4767649029987,219.2479666336862,102.2287982693125,True
2018-11-03,322.0491093839872,220.24904775916823,101.80006162481894,True
2018-11-04,322.6249967010214,221.25072157351175,101.37427512750966,True
2018-11-05,323.2043556378146,222.25297120031587,100.95138443749875,True
2018-11-06,323.78711239715517,223.25577645171697,100.5313359454382,True
2018-11-07,324.3731896444042,224.2591149875681,100.1140746568361,True
2018-11-08,324.9625061126501,225.26296357909672,99.69954253355337,True
2018-11-09,325.5549767868632,226.26729930426407,99.28767748259915,True
2018-11-10,326.15051356703316,227.2721005171408,98.87841304989234,True
2018-11-11,326.74902622162165,228.27734749818902,98.47167872343263,True
2018-11-12,327.3504234175461,229.28302277774353,98.06740063980257,True
2018-11-13,327.9546136505659,230.28911119653543,97.66550245403045,True
2018-11-14,328.56150597241674,231.29559980488204,97.2659061675347,True
2018-11-15,329.17101048620214,232.30247770639258,96.86853277980956,True
2018-11-16,329.78303863986537,233.30973593469812,96.47330270516724,True
2018-11-17,330.3975033849856,234.31736742538519,96.08013595960043,True
2018-11-18,331.0143192895882,235.3253671166891,95.68895217289906,True
2018-11-19,331.6334027049981,236.3337321815107,95.2996705234874,True
2018-11-20,332.2546720888326,237.3424623558234,94.9122097330092,True
2018-11-21,332.878048571915,238.35156028134315,94.52648829057182,True
2018-11-22,333.503456812602,239.36103172802422,94.14242508457778,True
2018-11-23,334.1308260961563,240.37088552363326,93.75994057252302,True
2018-11-24,334.7600915165847,241.38113302664402,93.37895848994066,True
2018-11-25,335.3911949657535,242.391787065306,92.99940790044752,True
2018-11-26,336.0240856192836,243.40286042457737,92.62122519470623,True
2018-11-27,336.65871970292915,244.41436413117083,92.24435557175832,True
2018-11-28,337.29505952546754,245.4263058726809,91.86875365278664,True
2018-11-29,337.93307197511933,246.4386888369337,91.49438313818564,True
2018-11-30,338.5727267890327,247.4515111062406,91.1212156827921,True
2018-12-01,339.21399488451743,248.4647655794706,90.74922930504684,True
2018-12-02,339.85684693506795,249.47844029805057,90.37840663701738,True
2018-12-03,340.5012522608993,250.4925190358163,90.00873322508303,True
2018-12-04,341.14717803238506,251.50698204544233,89.64019598694273,True
2018-12-05,341.7945887616037,252.52180689413134,89.27278186747233,True
2018-12-06,342.4434460609831,253.5369693426543,88.9064767183288,True
2018-12-07,343.0937086530856,254.5524442214392,88.54126443164643,True
2018-12-08,343.74533260705823,255.5682062475013,88.17712635955692,True
2018-12-09,344.3982717557217,256.5842307227962,87.8140410329255,True
2018-12-10,345.0524782241759,257.60049406782537,87.45198415635053,True
2018-12-11,345.7079029891921,258.61697417277895,87.09092881641317,True
2018-12-12,346.3644963950297,259.6336505826459,86.73084581238379,True
2018-12-13,347.02220857332014,260.6505045617185,86.37170401160165,True
2018-12-14,347.6809897446834,261.6675191003519,86.0134706443315,True
2018-12-15,348.3407904103767,262.6846789320424,85.65611147833431,True
2018-12-16,349.00156146966464,263.701970624335,85.29959084532965,True
2018-12-17,349.6632543224693,264.7193827944514,84.9438715280179,True
2018-12-18,350.3258210376783,265.7369064777651,84.58891455991318,True
2018-12-19,350.9892146823448,266.75453563785555,84.23467904448927,True
2018-12-20,351.65338990511225,267.7722677432651,83.88112216184714,True
2018-12-21,352.3183038286463,268.79010424925144,83.52819957939488,True
2018-12-22,352.9839172101284,269.8080507379501,83.17586647217831,True
2018-12-23,353.65019567915084,270.8261164467541,82.82407923239674,True
2018-12-24,354.3171107158035,271.8443130237758,82.47279769202771,True
2018-12-25,354.9846399952654,272.8626526057122,82.12198738955323,True
2018-12-26,355.65276687942037,273.8811456098607,81.77162126955966,True
2018-12-27,356.32147913377753,274.89979877989924,81.42168035387829,True
2018-12-28,356.99076721609174,275.91861391391893,81.07215330217281,True
2018-12-29,357.6606225648262,276.93758741279765,80.72303515202856,True
2018-12-30,358.33103620198665,277.95671050949966,80.37432569248699,True
2018-12-31,359.0019977710727,278.97596990915025,80.02602786192244,True
2019-01-01,359.67349497564805,279.99534858776514,79.67814638788292,True
2019-01-02,0.3455133140096917,281.01482658909475,79.33068672491493,True
2019-01-03,1.0180360046559327,282.03438175198943,78.9836542526665,True
2019-01-04,1.6910440289381288,283.0539903601452,78.63705366879293,True
2019-01-05,2.3645162518804983,284.07362772872585,78.29088852315465,True
2019-01-06,3.0384296046967774,285.0932687398096,77.94516086488716,True
2019-01-07,3.7127593198414655,286.1128883257295,77.59987099411194,True
2019-01-08,4.387479205497029,287.13246188844687,77.25501731705015,True
2019-01-09,5.062561938286282,288.1519656412206,76.9105962970657,True
2019-01-10,5.737979347488025,289.17137686741864,76.56660248006938,True
2019-01-11,6.413702665282678,290.1906741072601,76.22302855802258,True
2019-01-12,7.08970272646906,291.2098373015461,75.87986542492297,True
2019-01-13,7.765950116331604,292.2288479374713,75.53710217886032,True
2019-01-14,8.442415284993544,293.2476892521913,75.19472603280224,True
2019-01-15,9.119068669189133,294.26634655192936,74.85272211725976,True
2019-01-16,9.795880886110943,295.284807692694,74.5110731934169,True
2019-01-17,10.472823083775129,296.30306373339636,74.1697593503788,True
2019-01-18,11.149867535357606,297.3211097007669,73.8287578345907,True
2019-01-19,11.826988528509856,298.33894529368683,73.48804323482301,True
2019-01-20,12.504163500715839,299.3565752291493,73.14758827156652,True
2019-01-21,13.181374211905457,300.37400887272054,72.80736533918491,True
2019-01-22,13.85860759439648,301.3912589134976,72.46734868089885,True
2019-01-23,14.53585590462936,302.40833917663235,72.12751672799703,True
2019-01-24,15.213116005378055,303.42526207078487,71.78785393459316,True
2019-01-25,15.890387948755837,304.44203636614,71.44835158261589,True
2019-01-26,16.56767328864302,305.45866583179463,71.10900745684842,True
2019-01-27,17.244973567605484,306.4751488601403,70.7698247074652,True
2019-01-28,17.922289239306064,307.4914788519823,70.43081038732373,True
2019-01-29,18.59961906399249,308.5076449987406,70.09197406525186,True
2019-01-30,19.276959872759278,309.5236331518714,69.75332672088786,True
2019-01-31,19.954306556617112,310.5394266005985,69.41487995601858,True
2019-02-01,20.631652160778955,311.55500669774545,69.07664546303351,True
2019-02-02,21.308988009912863,312.57035334649777,68.7386346634151,True
2019-02-03,21.986303831083937,313.5854453911547,68.40085843992927,True
2019-02-04,22.66358786857192,314.60026095675374,68.0633269118182,True
2019-02-05,23.34082699820203,315.61477776954246,67.72604922865958,True
2019-02-06,24.018006851120003,316.6289734728341,67.38903337828589,True
2019-02-07,24.69511195211737,317.6428259380626,67.0522860140548,True
2019-02-08,25.37212587014535,318.65631356360853,66.7158123065368,True
2019-02-09,26.049031372845178,319.6694155562679,66.37961581657726,True
2019-02-10,26.725810576085713,320.68211220126653,66.0436983748192,True
2019-02-11,27.402445085420958,321.6943851432584,65.70805994216255,True
2019-02-12,28.078916139246406,322.70621771787756,65.37269842136885,True
2019-02-13,28.75520478202348,323.7175953847847,65.03760939723878,True
2019-02-14,29.431292117164038,324.72850630990774,64.7027858072563,True
2019-02-15,30.10715970613526,325.73894211405775,64.36821759207749,True
2019-02-16,30.78279017934754,326.74889873271104,64.03389144663652,True
2019-02-17,31.458168084426212,327.758377212535,63.69979087189125,True
2019-02-18,32.13328090052126,328.76738413391496,63.365896766606284,True
2019-02-19,32.80812000604657,329.7759312830068,63.03218872303978,True
2019-02-20,33.482681274139956,330.78403432144034,62.69864695269962,True
2019-02-21,34.15696499763758,331.79171055566854,62.36525444196906,True
2019-02-22,34.83097506404894,332.79897632989895,62.031998734149965,True
2019-02-23,35.50471760409808,333.80584476202904,61.69887284206902,True
2019-02-24,36.17819952282026,334.81232435576726,61.36587516705299,True
2019-02-25,36.85142728215883,335.8184186049382,61.033008677220664,True
2019-02-26,37.52440611240377,336.8241263504851,60.700279761918694,True
2019-02-27,38.19713963701147,337.82944251983525,60.36769711717619,True
2019-02-28,38.86962979099971,338.83435893695616,60.035270854043574,True
2019-03-01,39.541876897125654,339.8388650229237,59.703011874201934,True
2019-03-02,40.213879795534595,340.8429483246719,59.37093147086267,True
2019-03-03,40.88563596522916,341.84659488384386,59.03904108138528,True
2019-03-04,41.55714161159239,342.84978949253457,58.707352119057816,True
2019-03-05,42.228391718685685,343.8525158916768,58.37587582700894,True
2019-03-06,42.89938007919673,344.8547569621343,58.04462311706243,True
2019-03-07,43.57009932079661,345.85649494512046,57.71360437567614,True
2019-03-08,44.24054094711925,346.8577117119569,57.382829235162376,True
2019-03-09,44.91069540649861,347.85838908758507,57.052306318913566,True
2019-03-10,45.58055219456383,348.85850922189445,56.722042972669385,True
2019-03-11,46.25009999107695,349.8580550011883,56.39204498988863,True
2019-03-12,46.919326830226446,350.8570104997323,56.06231633049413,True
2019-03-13,47.58822030895719,351.85536148519634,55.732858823760864,True
2019-03-14,48.25676784944629,352.8530960044407,55.40367184500559,True
2019-03-15,48.92495704581093,353.8502050760264,55.07475196978453,True
2019-03-16,49.5927761335242,354.84668348878165,54.74609264474253,True
2019-03-17,50.26021461006735,355.84253063933295,54.4176839707344,True
2019-03-18,50.92726399263002,356.8377512372531,54.089512755376916,True
2019-03-19,51.593918618220144,357.8323555996544,53.76156301856571,True
2019-03-20,52.26017629687772,358.8263592272403,53.43381706963743,True
2019-03-21,52.92603858114111,359.81978149024854,53.10625709089254,True
2019-03-22,53.59151048224023,0.8126435611706571,52.77886692106957,True
2019-03-23,54.2565996485462,1.8049660626999409,52.45163358584626,True
2019-03-24,54.92131522575913,2.7967670297954763,52.124548195963655,True
2019-03-25,55.585666710989976,3.788060617924695,51.79760609306528,True
2019-03-26,56.24966305042876,4.778856653973381,51.47080639645537,True
2019-03-27,56.91331208201104,5.76916084159375,51.14415124041729,True
2019-03-28,57.57662029099164,6.758975319558524,50.81764497143312,True
2019-03-29,58.239592779260065,7.74829930717123,50.491293472088834,True
2019-03-30,58.902233342708094,8.73712967005335,50.165103672654745,True
2019-03-31,59.56454457576987,9.72546133585802,49.83908323991185,True
2019-04-01,60.226527954076566,10.71328755635044,49.51324039772612,True
2019-04-02,60.88818387345082,11.700600050347608,49.18758382310321,True
2019-04-03,61.549511643730106,12.687389080356247,48.86212256337386,True
2019-04-04,62.2105094502626,13.673643522054972,48.536865928207625,True
2019-04-05,62.871174305562846,14.659350983552075,48.21182332201077,True
2019-04-06,63.53150201865021,15.644498021275469,47.88700399737474,True
2019-04-07,64.19148720934413,16.629070481895827,47.56241672744831,True
2019-04-08,64.85112338910825,17.613053977624816,47.23806941148344,True
2019-04-09,65.51040312049955,18.596434481258164,46.91396863924138,True
2019-04-10,66.1693182573996,19.579199013970882,46.59011924342872,True
2019-04-11,66.82786026202167,20.561336396422302,46.26652386559937,True
2019-04-12,67.48602059423528,21.542838038662143,45.943182555573145,True
2019-04-13,68.14379117185938,22.523698745855384,45.62009242600399,True
2019-04-14,68.8011649003947,23.50391750093525,45.29724739945945,True
2019-04-15,69.45813625788597,24.483498142990875,44.97463811489509,True
2019-04-16,70.11470188892727,25.462449798801938,44.65225209012533,True
2019-04-17,70.77086111624135,26.440786877154213,44.33007423908714,True
2019-04-18,71.42661624154988,27.41852845433381,44.00808778721607,True
2019-04-19,72.08197251442547,28.395697004632936,43.68627550979254,True
2019-04-20,72.73693772024278,29.37231663876489,43.36462108147789,True
2019-04-21,73.39152145547068,30.348411203020813,43.043110252449864,True
2019-04-22,74.04573425883235,31.324002643499558,42.7217316153328,True
2019-04-23,74.69958679312805,32.299109918027476,42.40047687510057,True
2019-04-24,75.35308921850742,33.27374852414657,42.07934069436085,True
2019-04-25,76.00625080675324,34.24793052653683,41.75832028021642,True
2019-04-26,76.65907976843437,35.22166488140224,41.437414887032126,True
2019-04-27,77.31158322516285,36.19495786275614,41.11662536240671,True
2019-04-28,77.96376725409662,37.16781345168092,40.7959538024157,True
2019-04-29,78.61563694584224,38.14023361383157,40.47540333201067,True
2019-04-30,79.26719643663453,39.11221844270817,40.154977993926366,True
2019-05-01,79.91844889440759,40.083766183551596,39.83468271085599,True
2019-05-02,80.56939645477841,41.05487317954733,39.514523275231085,True
2019-05-03,81.2200401180126,42.02553380273154,39.19450631528107,True
2019-05-04,81.87037963241667,42.9957404470178,38.87463918539887,True
2019-05-05,82.52041340202369,43.96548366575297,38.55492973627072,True
2019-05-06,83.17013846328716,44.93475252419661,38.23538593909055,True
2019-05-07,83.81955057222699,45.903535203806676,37.91601536842031,True
2019-05-08,84.4686444277538,46.87181984422636,37.59682458352744,True
2019-05-09,85.11741403172226,47.83959555505897,37.27781847666329,True
2019-05-10,85.7658531600383,48.806853492291864,36.95899966774644,True
2019-05-11,86.4139559013197,49.77358788571966,36.64036801560004,True
2019-05-12,87.06171721449606,50.739796919925745,36.32192029457031,True
2019-05-13,87.70913346057648,51.705483394894735,36.00365006568175,True
2019-05-14,88.35620286801884,52.67065510580745,35.68554776221139,True
2019-05-15,89.0029258894831,53.63532488205262,35.36760100743047,True
2019-05-16,89.64930540241511,54.59951022892141,35.0497951734937,True
2019-05-17,90.29534670770443,55.56323254671881,34.73211416098562,True
2019-05-18,90.94105730184452,56.52651597407368,34.41454132777084,True
2019-05-19,91.5864464408988,57.48938599758342,34.09706044331538,True
2019-05-20,92.23152456482545,58.45186804303551,33.77965652178994,True
2019-05-21,92.87630268401018,59.413986269865894,33.46231641414429,True
2019-05-22,93.5207918288834,60.37576272147553,33.14502910740787,True
2019-05-23,94.16500263052643,61.337216873826904,32.82778575669953,True
2019-05-24,94.80894505363474,62.29836552409781,32.51057952953693,True
2019-05-25,95.4526282633349,63.259222903726865,32.193405359608036,True
2019-05-26,96.09606058471944,64.21980088979825,31.87625969492119,True
2019-05-27,96.73924950816648,65.1801092096532,31.559140298513285,True
2019-05-28,97.38220169854311,66.1401555670607,31.24204613148241,True
2019-05-29,98.02492297630863,67.09994565249329,30.92497732381534,True
2019-05-30,98.66741825022876,68.05948303196709,30.607935218261673,True
2019-05-31,99.30969139474705,69.01876894094548,30.29092245380157,True
2019-06-01,99.95174508151355,69.97780204514049,29.973943036373058,True
2019-06-02,100.59358059505344,70.93657826749815,29.65700232755529,True
2019-06-03,101.23519768472589,71.89509081027917,29.340106874446718,True
2019-06-04,101.87659452131442,72.85333050354578,29.02326401776864,True
2019-06-05,102.51776782495189,73.81128656568495,28.706481259266937,True
2019-06-06,103.15871320229625,74.76894776320925,28.389765439087,True
2019-06-07,103.7994256781592,75.72630383392465,28.07312184423455,True
2019-06-08,104.43990035015361,76.68334694477598,27.75655340537763,True
2019-06-09,105.08013306122666,77.64007294151425,27.440060119712413,True
2019-06-10,105.72012098899904,78.59648221582428,27.12363877317476,True
2019-06-11,106.35986308484264,79.5525801234273,26.80728296141534,True
2019-06-12,106.99936033725696,80.50837697823923,26.490983359017733,True
2019-06-13,107.6386158640949,81.46388769329357,26.17472817080133,True
2019-06-14,108.27763485124218,82.41913114543395,25.858503705808232,True
2019-06-15,108.91642435825533,83.37412933352671,25.542295024728617,True
2019-06-16,109.55499301412856,84.32890640070482,25.226086613423732,True
2019-06-17,110.19335063392788,85.28348760415045,24.909863029777426,True
2019-06-18,110.83150779722351,86.23789832936339,24.59360946786012,True
2019-06-19,111.46947543524892,87.19216324347536,24.27731219177356,True
2019-06-20,112.1072644697883,88.14630565607887,23.96095881370944,True
2019-06-21,112.74488553248568,89.10034711222877,23.644538420256907,True
2019-06-22,113.382348773383,90.05430719575712,23.328041577625882,True
2019-06-23,114.01966374859981,91.00820348601847,23.011460262581338,True
2019-06-24,114.65683936379946,91.96205159411444,22.69478776968502,True
2019-06-25,115.29388384367792,92.91586520396389,22.37801863971403,True
2019-06-26,115.93080469695349,93.86965605394381,22.061148643009673,True
2019-06-27,116.56760864954073,94.82343381196986,21.744174837570867,True
2019-06-28,117.20430152520738,95.77720582041857,21.42709570478881,True
2019-06-29,117.84088806439786,96.73097672094468,21.109911343453177,True
2019-06-30,118.4773716907835,97.68474801800018,20.79262367278332,True
2019-07-01,119.11375426330235,98.63851770348911,20.47523655981324,True
2019-07-02,119.75003588548628,99.59228012821572,20.157755757270564,True
2019-07-03,120.38621487009516,100.54602633140595,19.840188538689205,True
2019-07-04,121.022287952519,101.49974497902292,19.522542973496073,True
2019-07-05,121.65825079256508,102.45342389367458,19.204826898890502,True
2019-07-06,122.29409871005063,103.40705193574695,18.887046774303684,True
2019-07-07,122.92982751008327,104.36062083737473,18.569206672708546,True
2019-07-08,123.5654342226639,105.31412660155819,18.25130762110571,True
2019-07-09,124.20091762545086,106.26757025136905,17.933347374081805,True
2019-07-10,124.83627850473314,107.22095793644822,17.61532056828493,True
2019-07-11,125.47151968603967,108.1743005569972,17.297219129042475,True
2019-07-12,126.10664590234332,109.12761310636621,16.979032795977105,True
2019-07-13,126.74166356684213,110.08091389377769,16.660749673064444,True
2019-07-14,127.37658049792007,111.03422374409521,16.34235675382486,True
2019-07-15,128.0114056238645,111.98756522077363,16.023840403090873,True
2019-07-16,128.64614868289098,112.94096189370389,15.705186789187096,True
2019-07-17,129.28081993037662,113.89443766972401,15.38638226065261,True
2019-07-18,129.91542986594573,114.84801620731842,15.067413658627302,True
2019-10-17,187.99848382684564,203.0494038683571,15.05092004151146,True
2019-10-18,188.6455641016905,204.04117449006068,15.395610388370187,True
2019-10-19,189.292960487077,205.0335659924887,15.74060550541168,True
2019-10-20,189.94067856471008,206.0265883683921,16.08590980368203,True
2019-10-21,190.58872262487225,207.02024916368308,16.43152653881083,True
2019-10-22,191.23709539243183,208.0145527317846,16.777457339352765,True
2019-10-23,191.88579776306636,209.00949943146708,17.123701668400713,True
2019-10-24,192.5348285942464,210.0050848470849,17.47025625283851,True
2019-10-25,193.18418462753132,211.0012992004194,17.817114572888073,True
2019-10-26,193.83386063759164,211.9981272050667,18.164266567475067,True
2019-10-27,194.48384988116555,212.99554861579188,18.51169873462632,True
2019-10-28,195.13414483875917,213.9935395796207,18.859394740861518,True
2019-10-29,195.7847381258831,214.9920746183219,19.2073364924388,True
2019-10-30,196.43562336529814,215.99112880316855,19.55550543787041,True
2019-10-31,197.0867958200865,216.99067960182288,19.90388378173637,True
2019-11-01,197.73825268828585,217.99070804147522,20.25245535318936,True
2019-11-02,198.38999308643903,218.99119912235412,20.601206035915084,True
2019-11-03,199.04201783093285,219.99214165319475,20.9501238222619,True
2019-11-04,199.6943291400068,220.9935277732387,21.299198633231896,True
2019-11-05,200.34693034798417,221.99535239537215,21.64842204738798,True
2019-11-06,200.99982567947688,222.9976127212895,21.997787041812614,True
2019-11-07,201.65302009540562,224.00030789661037,22.347287801204743,True
2019-11-08,202.30651920005326,225.0034388137413,22.69691961368804,True
2019-11-09,202.96032918645838,226.00700803302132,23.04667884656294,True
2019-11-10,203.61445679222493,227.01101977098833,23.3965629787634,True
2019-11-11,204.26890923678332,228.01547989250778,23.74657065572447,True
2019-11-12,204.92369411382958,229.02039583937034,24.096701725540754,True
2019-11-13,205.57881921972591,230.02577643364376,24.44695721391784,True
2019-11-14,206.23429231031986,231.03163151197973,24.797339201659867,True
2019-11-15,206.89012079334336,232.03797137639228,25.14785058304892,True
2019-11-16,207.54631137758363,233.0448060812276,25.498494703643956,True
2019-11-17,208.20286970891772,234.05214460437446,25.849274895456745,True
2019-11-18,208.85980002466812,235.05999396398084,26.200193939312726,True
2019-11-19,209.51710485333822,236.06835833906584,26.551253485727614,True
2019-11-20,210.1747847821523,237.0772382432973,26.902453461145,True
2019-11-21,210.8328383158852,238.0866298016677,27.2537914857825,True
2019-11-22,211.49126185879487,239.0965242012299,27.605262342435026,True
2019-11-23,212.1500498608331,240.10690742476618,27.956857563933085,True
2019-11-24,212.8091951660799,241.11776040346743,28.30856523738754,True
2019-11-25,213.46868957161024,242.12905970029252,28.660370128682274,True
2019-11-26,214.12852454760417,243.14077873202092,29.012254184416747,True
2019-11-27,214.78869200624777,244.15288937666523,29.364197370417457,True
2019-11-28,215.44918497513788,245.16536367197298,29.7161786968351,True
2019-11-29,216.10999805598635,246.17817527694228,30.06817722095593,True
2019-11-30,216.7711276212747,247.19130046592247,30.420172844647766,True
2019-12-01,217.43257178091167,248.20471859482006,30.772146813908392,True
2019-12-02,218.0943302007431,249.2184121301753,31.124081929432208,True
2019-12-03,218.7564038635247,250.2323664084644,31.475962544939705,True
2019-12-04,219.418794842744,251.24656929486488,31.827774452120877,True
2019-12-05,220.08150612941674,252.26101086968444,32.1795047402677,True
2019-12-06,220.74454152468502,253.2756832186477,32.531141693962695,True
2019-12-07,221.40790559104818,254.29058035744214,32.88267476639396,True
2019-12-08,222.0716036412482,255.30569828457533,33.234094643327126,True
2019-12-09,222.73564173370025,256.32103512595114,33.58539339225089,True
2019-12-10,223.40002663578585,257.33659130560034,33.93656466981449,True
2019-12-11,224.0647657128958,258.35236965024444,34.28760393734865,True
2019-12-12,224.72986670594062,259.36837531853695,34.638508612596326,True
2019-12-13,225.39533737766442,260.3846154525292,34.989278074864785,True
2019-12-14,226.06118503927013,261.40109849137207,35.33991345210194,True
2019-12-15,226.72741600648808,262.4178331642606,35.69041715777254,True
2019-12-16,227.3940350636612,263.43482726827034,36.04079220460915,True
2019-12-17,228.0610450210797,264.452086399655,36.391041378575295,True
2019-12-18,228.72844643079176,265.4696128157195,36.74116638492771,True
2019-12-19,229.3962374904151,266.4874045600518,37.0911670696367,True
2019-12-20,230.06441413134706,267.50545491735136,37.441040786004294,True
2019-12-21,230.73297026972082,268.5237522115635,37.79078194184265,True
2019-12-22,231.40189819489225,269.5422799392522,38.14038174435993,True
2019-12-23,232.07118907054678,270.5610172288161,38.48982815826935,True
2019-12-24,232.74083351661895,271.57993960994014,38.83910609332119,True
2019-12-25,233.4108222234438,272.5990200468773,39.188197823433484,True
2019-12-26,234.0811465315401,273.6182301362025,39.5370836046624,True
2019-12-27,234.75179890557337,274.6375413204303,39.88574241485691,True
2019-12-28,235.4227732487291,275.6569259557143,40.23415270698521,True
2019-12-29,236.0940650401207,276.6763581094362,40.58229306931548,True
2019-12-30,236.7656713179613,277.69581403752926,40.930142719567954,True
2019-12-31,237.43759055918912,278.7152723696813,41.2776818104922,True
2020-01-01,238.10982251480962,279.7347140851245,41.62489157031487,True
2020-01-02,238.78236805220803,280.7541223825836,41.971754330375575,True
2020-01-03,239.45522903889082,281.7734825415382,42.318253502647394,True
2020-01-04,240.1284082834549,282.7927818507781,42.664373567323224,True
2020-01-05,240.80190953224886,283.8120096539283,43.01010012167947,True
2020-01-06,241.47573750405766,284.8311575331071,43.35542002904944,True
2020-01-07,242.14989792868568,285.8502196183519,43.700321689666225,True
2020-01-08,242.82439753834774,286.86919296695714,44.044795428609405,True
2020-01-09,243.49924394710862,287.88807790259494,44.38883395548632,True
2020-01-10,244.17444535283167,288.90687815036597,44.7324327975343,True
2020-01-11,244.85001002141811,289.92560057976317,45.075590558345056,True
2020-01-12,245.52594557206197,290.9442544121463,45.41830884008431,True
2020-01-13,246.20225816262015,291.96284988322077,45.760591720600615,True
2020-01-14,246.87895173876763,292.9813965392918,46.102444800524154,True
2020-01-15,247.55602751624906,293.99990149600546,46.443873979756404,True
2020-01-16,248.2334837994718,295.0183680087887,46.784884209316886,True
2020-01-17,248.9113161365547,296.0367945831058,47.125478446551114,True
2020-01-18,249.58951772708187,297.0551746688647,47.46565694178284,True
2020-01-19,250.26807996849143,298.07349683836776,47.805416869876325,True
2020-01-20,250.94699304480253,299.09174529149607,48.14475224669354,True
2020-01-21,251.62624649873038,300.109900550428,48.48365405169761,True
2020-01-22,252.3058297593338,301.12794025378935,48.82211049445556,True
2020-01-23,252.98573261166933,302.1458399984882,49.16010738681888,True
2020-01-24,253.66594559581864,303.16357419147624,49.4976285956576,True
2020-01-25,254.346460319662,304.1811168686901,49.8346565490281,True
2020-01-26,255.02726967151685,305.1984424298411,50.171172758324275,True
2020-01-27,255.70836792849633,306.2155262396864,50.507158311190096,True
2020-01-28,256.3897507715108,307.2323450642635,50.842594292752665,True
2020-01-29,257.07141523234185,308.248877339723,51.17746210738113,True
2020-01-30,257.75335960692394,309.2651033019783,51.51174369505435,True
2020-01-31,258.43558336978396,310.28100502868773,51.845421658903774,True
2020-02-01,259.1180871184663,311.2965664572939,52.17847933882763,True
2020-02-02,259.80087256583806,312.3117734445891,52.510900878751045,True
2020-02-03,260.4839425837727,313.32661392650556,52.84267134273284,True
2020-02-04,261.1673012835368,314.34107822122706,53.17377693769026,True
2020-02-05,261.85095409490185,315.3551594895784,53.504205394676546,True
2020-02-06,262.5349077778528,316.368854315711,53.833946537858196,True
2020-02-07,263.21917027400804,317.38216329264526,54.16299301863722,True
2020-02-08,263.9037502965698,318.3950914017214,54.491341105151605,True
2020-02-09,264.5886565940931,319.40764790568954,54.81899131159645,True
2020-02-10,265.2738969231562,320.4198455068609,55.145948583704694,True
2020-02-11,265.9594769070359,321.4316987131795,55.47222180614364,True
2020-02-12,266.64539906508173,322.44322166489974,55.797822599818005,True
2020-02-13,267.33166228185866,323.454425933172,56.122763651313335,True
2020-02-14,268.0182618318116,324.46531882692074,56.44705699510911,True
2020-02-15,268.70518987573826,325.47590251440084,56.77071263866259,True
2020-02-16,269.39243621948077,326.4861739447401,57.0937377252593,True
2020-02-17,270.079989119991,327.49612533367434,57.41613621368333,True
2020-02-18,270.7678359990964,328.5057449268408,57.7379089277444,True
2020-02-19,271.45596401358523,329.5150178226884,58.05905380910315,True
2020-02-20,272.1443604898538,330.52392674018614,58.379566250332346,True
2020-02-21,272.8330132548803,331.53245269780547,58.699439442925154,True
2020-02-22,273.5219108938249,332.5405756126122,59.018664718787306,True
2020-02-23,274.2110429525096,333.5482748381321,59.33723188562249,True
2020-02-24,274.900400091148,334.5555296512087,59.655129560060686,True
2020-02-25,275.5899741896607,335.5623196851005,59.972345495439754,True
2020-02-26,276.27975840599333,336.5686252982297,60.28886689223634,True
2020-02-27,276.9697471950619,337.5744278697405,60.60468067467855,True
2020-02-28,277.6599363036801,338.5797100238587,60.91977372017857,True
2020-02-29,278.3503227624717,339.5844558012519,61.234133038780215,True
2020-03-01,279.04090489684825,340.58865081256494,61.54774591571669,True
2020-03-02,279.73168237424744,341.5922824231406,61.86060004889316,True
2020-03-03,280.4226562930027,342.5953400253948,62.1726837323921,True
2020-03-04,281.11382929796986,343.5978154520299,62.48398615406006,True
2020-03-05,281.8052056777962,344.5997035613242,62.79449788352798,True
2020-03-06,282.49679135960344,345.60100297305775,63.10421161345431,True
2020-03-07,283.1885936789698,346.6017168398295,63.4131231608597,True
2020-03-08,283.8806207927505,347.6018534124046,63.721232619654074,True
2020-03-09,284.5728806596664,348.6014260531518,64.02854539348539,True
2020-03-10,285.26537966468567,349.6004523726245,64.33507270793882,True
2020-03-11,285.9581211675046,350.59895240115753,64.64083123365293,True
2020-03-12,286.651104386106,351.5969461101707,64.94584172406468,True
2020-03-13,287.3443239546203,352.5944509293147,65.25012697469441,True
2020-03-14,288.0377702317262,353.59147991477334,65.55370968304715,True
2020-03-15,288.7314301531353,354.5880409013235,65.85661074818819,True
2020-03-16,289.42528829257276,355.58413656012,66.15884826754723,True
2020-03-17,290.1193278478866,356.5797650344973,66.4604371866107,True
2020-03-18,290.8135314083074,357.5749207997005,66.7613893913931,True
2020-03-19,291.50788148443417,358.56959550035015,67.06171401591598,True
2020-03-20,292.20236085144325,359.5637786513479,67.36141779990464,True
2020-03-21,292.896952774117,0.5574581843011148,67.66050541018416,True
2020-03-22,293.59164117161197,1.5506208714131113,67.95897969980115,True
2020-03-23,294.2864107590692,2.5432526733016543,68.25684191423244,True
2020-03-24,294.98124718293576,3.535339051089159,68.55409186815342,True
2020-03-25,295.6761371522352,4.5268652679457855,68.85072811571058,True
2020-03-26,296.3710685607251,5.5178166892550555,69.14674812852991,True
2020-03-27,297.06603059468347,6.508179079342186,69.44214848465873,True
2020-03-28,297.76101382606356,7.4979388895985615,69.73692506353501,True
2020-03-29,298.456010297768,8.48708353866264,70.03107324089467,True
2020-03-30,299.15101361291016,9.475601698334906,70.32458808542475,True
2020-03-31,299.84601903924886,10.463483615243637,70.6174645759948,True
2020-04-01,300.54102362991915,11.45072151230997,70.90969788239084,True
2020-04-02,301.23602633914214,12.437310117960749,71.2012837788186,True
2020-04-03,301.93102807545046,13.42324735361522,71.49221927816478,True
2020-04-04,302.62603158925464,14.408535156969903,71.78250356771525,True
2020-04-05,303.3210410530959,15.393180319629659,72.07213926653378,True
2020-04-06,304.0160611975536,16.37719508539892,72.36113388784531,True
2020-04-07,304.71109595965714,17.360597152190486,72.64950119253336,True
2020-04-08,305.40614679909606,18.343408757367918,72.93726195827185,True
2020-04-09,306.10121106638303,19.325654788044524,73.22444372166149,True
2020-04-10,306.79628090451615,20.307360272030408,73.51107936751424,True
2020-04-11,307.49134300942023,21.28854791616932,73.79720490674907,True
2020-04-12,308.18637923315345,22.26923632950439,74.08285709635095,True
2020-04-13,308.88136771311827,23.249439224023167,74.36807151090488,True
2020-04-14,309.5762841215958,24.229165484514567,74.65288136291878,True
2020-04-15,310.2711027375749,25.208419773257074,74.93731703568216,True
2020-04-16,310.96579721821905,26.187203324917554,75.22140610669851,True
2020-04-17,311.66034108377926,27.165514696975364,75.50517361319612,True
2020-04-18,312.35470799528173,28.143350367640856,75.7886423723591,True
2020-04-19,313.04887191551154,29.12070516504081,76.07183324952928,True
2020-04-20,313.74280722762876,30.09757256123047,76.35476533360173,True
2020-04-21,314.43648886108554,31.07394488348648,76.63745602240095,True
2020-04-22,315.1298924504552,32.049813495783354,76.91992104532812,True
2020-04-23,315.8229945327823,33.025168993762954,77.2021744609807,True
2020-04-24,316.5157727745043,34.00000144196681,77.4842286674625,True
2020-04-25,317.2082062108866,34.97430066646827,77.76609445558165,True
2020-04-26,317.900275479571,35.94805660324194,78.04778112367092,True
2020-04-27,318.5919630340109,36.921259696365595,78.3292966623547,True
2020-04-28,319.28325332870554,37.89390134258475,78.6106480138792,True
2020-04-29,319.9741329707336,38.86597438877283,78.89184141803923,True
2020-04-30,320.66459082500245,39.83747370102768,79.17288287602526,True
2020-05-01,321.3546180393359,40.80839682880052,79.45377878946465,True
2020-05-02,322.0442079202675,41.778744771317875,79.73453685105034,True
2020-05-03,322.7333555509489,42.74852280321568,80.01516725226679,True
2020-05-04,323.4220570235663,43.717741227335466,80.29568420376916,True
2020-05-05,324.11030819889476,44.68641581657324,80.57610761767847,True
2020-05-06,324.79810303822455,45.65456764628099,80.85646460805646,True
2020-05-07,325.4854317609683,46.62222209220757,81.13679033123924,True
2020-05-08,326.17227926214144,47.58940701760631,81.41712775546489,True
2020-05-09,326.8586242312645,48.556150504854365,81.69752627358986,True
2020-05-10,327.54443918936204,49.52247869587861,81.97803950651655,True
2020-05-11,328.22969132258413,50.488414240527845,82.25872291794371,True
2020-05-12,328.9143437481734,51.453975564859626,82.53963181668621,True
2020-05-13,329.59835681600754,52.4191768615948,82.82082004558725,True
2020-05-14,330.2816891791418,53.38402853341428,83.10233935427249,True
2020-05-15,330.9642985380507,54.34853780903389,83.38423927098319,True
2020-05-16,331.6461420888488,55.31270933292264,83.6665672440738,True
2020-05-17,332.32717676476756,56.276545627409654,83.94936886264207,True
2020-05-18,333.00735937042236,57.24004740178454,84.23268803136216,True
2020-05-19,333.68664669422793,58.20321372966707,84.51656703543915,True
2020-05-20,334.3649956616809,59.16604214036428,84.80104647868336,True
2020-05-21,335.0423635678233,60.128528680495336,85.086165112672,True
2020-05-22,335.71870840250466,61.09066800368575,85.37195960118106,True
2020-05-23,336.3939892575695,62.05245353995151,85.658464282382,True
2020-05-24,337.0681667828205,63.01387778255612,85.94571099973558,True
2020-05-25,337.7412036413752,63.97493271003827,86.23372906866308,True
2020-05-26,338.41306490861035,64.93561033908374,86.52254543047337,True
2020-05-27,339.0837183629187,65.8959033862845,86.81218502336577,True
2020-05-28,339.7531346263644,66.85580600864272,87.10267138227834,True
2020-05-29,340.4212871204673,67.81531459356792,87.3940274731006,True
2020-05-30,341.08815179897016,68.77442857131696,87.68627677234679,True
2020-05-31,341.75370660539676,69.73315121342135,87.97944460802461,True
2020-06-01,342.4179305912437,70.69149034848516,88.27355975724146,True
2020-06-02,343.0808026462904,71.64945887295517,88.56865622666476,True
2020-06-03,343.74229986339077,72.60707488276257,88.86477501937179,True
2020-06-04,344.40239569172854,73.56436124859599,89.16196555686747,True
2020-06-05,345.06105818118345,74.52134454868849,89.46028636750503,True
2020-06-06,345.71824869488563,75.4780534571935,89.75980476230785,True
2020-06-07,346.37392138584585,76.43451688515322,90.0605954993074,True
2020-06-08,347.0280235063124,77.39076226677368,90.36273876046124,True
2020-06-09,347.6804963616107,78.34681431254185,90.6663179509311,True
2020-06-10,348.3312765700015,79.30269436017211,90.97141779017062,True
2020-06-11,348.9802972985004,80.2584202582798,91.27812295977941,True
2020-06-12,349.6274892620179,81.21400660330106,91.58651734128318,True
2020-06-13,350.27278141331766,82.16946513233245,91.89668371901479,True
2020-06-14,350.9161013555737,83.12480511784521,92.20870376227151,True
2020-06-15,351.5573755633492,84.08003367207564,92.52265810872643,True
2020-06-16,352.1965295137306,85.03515592375219,92.83862641002162,True
2020-06-17,352.83348782433956,85.99017507046982,93.15668724613028,True
2020-06-18,353.4681744801091,86.94509233923065,93.47691785912156,True
2020-06-19,354.1005132090688,87.89990691012005,93.79939370105126,True
2020-06-20,354.7304280367912,88.85461587555042,94.12418783875921,True
2020-06-21,355.35784400692353,89.80921431702532,94.45137031010177,True
2020-06-22,355.9826880034954,90.76369557632219,94.78100757282675,True
2020-06-23,356.6048895599682,91.71805177219507,95.11316221222683,True
2020-06-24,357.22438150789424,92.67227456757466,95.44789305968044,True
2020-06-25,357.84110032079707,93.62635613693416,95.78525581613712,True
2020-06-26,358.45498604957953,94.58029023795555,96.12530418837605,True
2020-06-27,359.06598180887426,95.53407327202761,96.46809146315337,True
2020-06-28,359.6740328333929,96.48770522658222,96.81367239318934,True
2020-06-29,0.2790851611299401,97.44119041523079,97.16210525410085,True
2020-06-30,0.8810840185784292,98.39453795032973,97.5134539317513,True
2020-07-01,1.479972002168859,99.3477618883345,97.86778988616564,True
2020-07-02,2.075687189857966,100.30088099099368,98.2251938011357,True
2020-07-03,2.66816137513128,101.25391806803094,98.58575669289966,True
2020-07-04,3.2573186598537474,102.20689892714917,98.94958026729542,True
2020-07-05,3.8430746251652756,103.15985104699452,99.31677642182925,True
2020-07-06,4.425336196467118,104.11280216988523,99.68746597341811,True
2020-07-07,5.004002157315523,105.06577903707915,100.06177687976363,True
2020-07-08,5.578964117815184,106.01880644027662,100.43984232246143,True
2020-07-09,6.150107670963061,106.97190666207607,100.821798991113,True
2020-07-10,6.717313493106641,107.92509927324126,101.20778578013461,True
2020-07-11,7.280458231213321,108.87840118520694,101.59794295399362,True
2020-07-12,7.839415121636938,109.83182683381767,101.99241171218074,True
2020-07-13,8.394054367690094,110.78538838349219,102.3913340158021,True
2020-07-14,8.944243355378203,111.73909587123705,102.79485251585885,True
2020-07-15,9.489846813051926,112.69295724352071,103.20311043046878,True
2020-07-16,10.030727030708272,113.64697827081329,103.61625124010502,True
2020-07-17,10.566744253001188,114.60116235594515,104.03441810294396,True
2020-07-18,11.097757343403002,115.55551028678863,104.45775294338563,True
2020-07-19,11.623624774859636,116.51002002171656,104.88639524685692,True
2020-07-20,12.14420592327511,117.46468663068542,105.32048070741031,True
2020-07-21,12.659362524598713,118.41950252838501,105.76014000378629,True
2020-07-22,13.168960031122447,119.37445810630848,106.20549807518603,True
2020-07-23,13.672868524414856,120.32954278586404,106.65667426144918,True
2020-07-24,14.170962872328605,121.28474639236211,107.11378352003351,True
2020-07-25,14.663121973445493,122.24006064012077,107.57693866667528,True
2020-07-26,15.149227157280782,123.19548047778336,108.04625332050259,True
2020-07-27,15.629159998760057,124.15100509015565,108.52184509139559,True
2020-07-28,16.10279988279185,125.10663845641335,109.0038385736215,True
2020-07-29,16.570021617439092,126.06238946694103,109.49236784950193,True
2020-07-30,17.030693301808768,127.01827166190851,109.98757836009975,True
2020-07-31,17.484674572397168,127.97430267066156,110.48962809826439,True
2020-08-01,17.931815307256105,128.93050342491628,110.99868811766018,True
2020-08-02,18.37195484777666,129.88689721548104,111.51494236770438,True
2020-08-03,18.804921772376634,130.84350867165242,112.03858689927578,True
2020-08-04,19.230534204964894,131.8003627567471,112.5698285517822,True
2020-08-05,19.64860056979785,132.757483876315,113.10888330651716,True
2020-08-06,20.058920640146003,133.71489517633336,113.65597453618736,True
2020-08-07,20.461286699321676,134.67261806913763,114.21133136981595,True
2020-08-08,20.85548465040527,135.63067197807004,114.77518732766477,True
2020-08-09,21.24129496565012,136.5890742528866,115.34777928723648,True
2020-08-10,21.618493436958005,137.54784018568387,115.92934674872586,True
2020-08-11,21.98685175603581,138.50698305193336,116.52013129589756,True
2020-08-12,22.34613800742857,139.46651410848594,117.12037610105736,True
2020-08-13,22.696117198687194,140.4264424953261,117.73032529663892,True
2020-08-14,23.036551980967914,141.386775008956,118.35022302798808,True
2020-08-15,23.36720372648339,142.34751574544293,118.98031201895955,True
2020-08-16,23.687834111093068,143.308665655778,119.62083154468492,True
2020-08-17,23.99820727295448,144.27022211772604,120.27201484477155,True
2020-08-18,24.298092453394016,145.23217869687457,120.93408624348055,True
2020-08-19,24.587266777586038,146.19452531338018,121.60725853579414,True
2020-08-20,24.865517578189014,147.15724900005395,122.29173142186494,True
2020-08-21,25.132643563250873,148.12033529567157,122.9876917324207,True
2020-08-22,25.388454331697574,149.08377009319608,123.6953157614985,True
2020-08-23,25.632768233785413,150.04754156609624,124.41477333231083,True
2020-08-24,25.86540912186195,151.0116417517415,125.14623262987956,True
2020-08-25,26.086202831676545,151.97606750997807,125.88986467830152,True
2020-08-26,26.29497415090192,152.94082080397422,126.6458466530723,True
2020-08-27,26.49154470066303,153.90590843628462,127.41436373562159,True
2020-08-28,26.675731811097222,154.87134144593688,128.19560963483966,True
2020-08-29,26.847348264285802,155.83713434814962,128.9897860838638,True
2020-08-30,27.006202722904867,156.80330433308768,129.7971016101828,True
2020-08-31,27.152100697635877,157.76987048095697,130.61776978332108,True
2020-09-01,27.284845959818973,158.73685301780907,131.4520070579901,True
2020-09-02,27.40424233583409,159.70427262772873,132.30003029189464,True
2020-09-03,27.51009581736846,160.67214984054223,133.16205402317377,True
2020-09-04,27.602216900968493,161.6405045171891,134.0382876162206,True
2020-09-05,27.680423052913586,162.60935544989397,134.92893239698037,True
2020-09-06,27.744541198410786,163.57872008031163,135.83417888190084,True
2020-09-07,27.794410162721352,164.54861431986163,136.75420415714026,True
2020-09-08,27.829883040740985,165.51905243796637,137.68916939722538,True
2020-09-09,27.850829530472854,166.49004696997812,138.63921743950527,True
2020-09-10,27.857138325120847,167.46160858914823,139.60447026402738,True
2020-09-11,27.848719710656123,168.43374588706104,140.5850261764049,True
2020-09-12,27.82550855129431,169.40646501702057,141.58095646572625,True
2020-09-13,27.787467845198073,170.37976918104596,142.59230133584788,True
2020-09-14,27.734592960576318,171.3536579928499,143.61906503227357,True
2020-09-15,27.6669164686229,172.32812683322982,144.66121036460692,True
2020-09-16,27.584513144934956,173.30316641989148,145.71865327495652,True
2020-09-17,27.487504278477452,174.27876289311618,146.79125861463874,True
2020-09-18,27.376060133282305,175.25489868724335,147.87883855396106,True
2020-09-19,27.250399583731127,176.2315542482753,148.98115466454416,True
2020-09-20,27.110786745393558,177.20871031712306,150.0979235717295,True
2020-09-21,26.957525527760858,178.18635021929495,151.2288246915341,True
2020-09-22,26.790953759147715,179.16446158777825,152.37350782863052,True
2020-09-23,26.611438420509415,180.14303721029788,153.53159878978846,True
2020-09-24,26.419372759007185,181.12207504300176,154.70270228399457,True
2020-09-25,26.215175211534127,182.1015776609742,155.88640244944006,True
2020-09-26,25.999289581994617,183.08155145624755,157.08226187425294,True
2020-09-27,25.772185838391884,184.0620058107599,158.289819972368,True
2020-09-28,25.534361054783094,185.04295235839672,159.50859130361363,True
2020-09-29,25.286340234622347,186.024404363555,160.73806412893265,True
2020-09-30,25.028676913431344,187.00637619818195,161.9776992847506,True
2020-10-01,24.761953523061614,187.98888288694707,163.22692936388546,True
2020-10-02,24.48678152009155,188.97193969716278,164.48515817707124,True
2020-10-03,24.20380126481654,189.95556176375027,165.75176049893372,True
2020-10-04,23.91368161310462,190.9397637509868,167.02608213788218,True
2020-10-05,23.61711917300284,191.92455955684758,168.30744038384475,True
2020-10-06,23.314837192723814,192.9099620610686,169.59512486834478,True
2020-10-07,23.00758408625815,193.89598290622442,170.88839881996626,True
2020-10-08,22.696131657829703,194.88263228558716,172.18650062775745,True
2020-10-09,22.381273141844133,195.8699186963731,173.48864555452897,True
2020-10-10,22.063821212904394,196.85784860669074,174.79402739378634,True
2020-10-11,21.744606118450726,197.84642598513432,176.1018198666836,True
2020-10-12,21.42447401435756,198.83565166311408,177.4111776487565,True
2020-10-13,21.104285405716812,199.82552255492658,178.72123714920977,True
2020-10-14,20.784913293321022,200.81603085947384,179.96888243384717,True
2020-10-15,20.467240258911403,201.80716349843482,178.66007676047658,True
2020-10-16,20.152153492323645,202.7989021477414,177.35325134458225,True
2020-10-17,19.840536997743666,203.7912241817481,176.04931281599556,True
2020-10-18,19.53326111630224,204.7841045868268,174.74915652947544,True
2020-10-19,19.231170769406994,205.7775184843488,173.45365228505818,True
2020-10-20,18.935074648817668,206.77144358964676,172.1636310591709,True
2020-10-21,18.645737293556326,207.76586196522723,170.8798753283291,True
2020-10-22,18.36387479239904,208.76076077851775,169.60311401388128,True
2020-10-23,18.090153592990013,209.75613218201894,168.33402141097108,True
2020-10-24,17.8251912693646,210.7519726596854,167.0732186096792,True
2020-10-25,17.569558152307,211.74828218843115,165.82127596387585,True
2020-10-26,17.32377912031376,212.74506344752035,164.5787156727934,True
2020-10-27,17.088335253969934,213.7423211782548,163.34601407571515,True
2020-10-28,16.86366532500598,214.74006170431898,162.123603620687,True
2020-10-29,16.650167214592653,215.73829257601574,160.9118746385769,True
2020-10-30,16.44819937806303,216.737022287333,159.71117709073005,True
2020-10-31,16.258082441744325,217.73626001969063,158.5218224220537,True
2020-11-01,16.080100965827054,218.73601538039665,157.3440855854304,True
2020-11-02,15.914505357839882,219.73629812049882,156.17820723734107,True
2020-11-03,15.761513889008738,220.73711783069484,155.0243960583139,True
2020-11-04,15.621314757913622,221.73848362129814,153.88283113661547,True
2020-11-05,15.494068161443375,222.74040379067958,152.7536643707638,True
2020-11-06,15.379908362594684,223.7428854764143,151.63702288618038,True
2020-11-07,15.278945772170166,224.7459342677334,150.5330115044368,True
2020-11-08,15.191269067643713,225.74955374285196,149.44171532479174,True
2020-11-09,15.116947338013544,226.7537448893377,148.36320244867585,True
2020-11-10,15.056032152920425,227.75850538234658,147.29752677057385,True
2020-11-11,15.008559306161072,228.76382874888446,146.2447305572766,True
2020-11-12,14.974549812608762,229.76970354511286,145.2048462674959,True
2020-11-13,14.954009642934071,230.77611280173156,144.1778968412025,True
2020-11-14,14.946927823264609,231.78303408408286,143.16389373918176,True
2020-11-15,14.95327302768237,232.79044046035247,142.1628325673299,True
2020-11-16,14.972989533953141,233.79830240191285,141.1746871320403,True
2020-11-17,15.00599395708483,234.8065902417515,140.19940371533332,True
2020-11-18,15.052174045202694,235.8152765411725,139.2368975040302,True
2020-11-19,15.111390004085399,236.8243377712128,138.28705223287258,True
2020-11-20,15.183477850519898,237.83375505621288,137.349722794307,True
2020-11-21,15.268253766287042,238.84351410165584,136.4247396646312,True
2020-11-22,15.365518478479387,239.85360462946443,135.51191384901495,True
2020-11-23,15.475061073481008,240.86401964560855,134.61104142787246,True
2020-11-24,15.596662050326225,241.87475475938612,133.7219072909401,True
2020-11-25,15.730095678411962,242.88580765541485,132.84428802299712,True
2020-11-26,15.875131835920634,243.89717773348403,131.9779541024366,True
2020-11-27,16.0315375197138,244.90886588334817,131.12267163636562,True
2020-11-28,16.19907818456427,245.92087434090453,130.27820384365975,True
2020-11-29,16.377519019518193,246.93320656814367,129.44431245137451,True
2020-11-30,16.5666262162824,247.9458671052513,128.6207591110311,True
2020-12-01,16.766168236069543,248.95886135610408,127.80730687996547,True
2020-12-02,16.97591704329232,249.97219528575442,127.0037217575379,True
2020-12-03,17.195649252793505,250.98587502673956,126.20977422605395,True
2020-12-04,17.425147135203375,251.99990640512598,125.4252407300774,True
2020-12-05,17.664199439555397,253.01429440240685,124.64990503714856,True
2020-12-06,17.91260201279001,254.02904256420646,123.88355944858355,True
2020-12-07,18.170158206374577,255.04415235525323,123.12600585112133,True
2020-12-08,18.43667904637725,256.0596224522548,122.37705659412245,True
2020-12-09,18.71198309949365,257.0754479762958,121.63653512319786,True
2020-12-10,18.99589590618036,258.09161970776415,120.9042761984162,True
2020-12-11,19.28824881093651,259.10812340331205,120.18012540762447,True
2020-12-12,19.588877060083114,260.1249394252683,119.46393763481484,True
2020-12-13,19.89761721519683,261.1420429429709,118.75557427222594,True
2020-12-14,20.21430423278805,262.15940489708674,118.0548993357013,True
2020-12-15,20.538768849423295,263.1769936992023,117.361775150221,True
2020-12-16,20.87083596943751,264.19477734984986,116.67605861958765,True
2020-12-17,21.210324465018306,265.21272547344023,115.99759899157809,True
2020-12-18,21.557048301717888,266.2308108186584,115.32623748305946,True
2020-12-19,21.910818493357382,267.2490100190739,114.66180847428348,True
2020-12-20,22.271445271440854,268.267303684315,114.00414158712587,True
2020-12-21,22.638739999497485,269.28567605516423,113.35306394433326,True
2020-12-22,23.01251660984695,270.3041144781578,112.70840213168913,True
2020-12-23,23.39259254841214,271.32260889101457,112.06998365739759,True
2020-12-24,23.77878933043121,272.3411514243272,111.43763790610399,True
2020-12-25,24.170932849298605,273.3597361540862,110.8111966952124,True
2020-12-26,24.568853574920336,274.37835899232664,110.19049458259369,True
2020-12-27,24.972386752400467,275.3970176742919,109.5753690781086,True
2020-12-28,25.381372678828395,276.41571178284966,108.96566089597874,True
2020-12-29,25.7956570983598,277.43444274095657,108.36121435740324,True
2020-12-30,26.215091713713313,278.45321370176674,107.76187801194658,True
2020-12-31,26.63953476829352,279.47202927709026,107.16750549120326,True
2021-01-01,27.06885161537555,280.4908950704544,106.57795654492111,True
2021-01-02,27.50291517064508,281.5098170176142,105.9930981530309,True
2021-01-03,27.941606150432392,282.5288005748121,105.41280557562027,True
2021-01-04,28.384813028453852,283.5478498204793,104.83696320797455,True
2021-01-05,28.832431684748133,284.56696654173095,104.2654651430172,True
2021-01-06,29.28436475254583,285.58614936693976,103.69821538560609,True
2021-01-07,29.740520680213375,286.60539299461567,103.1351276855977,True
2021-01-08,30.200812521451898,287.62468757334415,102.57612494810775,True
2021-01-09,30.665156469608007,288.64401831351546,102.02113815609255,True
2021-01-10,31.133470188044964,289.6633654445398,101.47010474350515,True
2021-01-11,31.605671068446778,290.6827046368766,100.92296643157016,True
2021-01-12,32.081674646502364,291.7020079498087,100.37966669669368,True
2021-01-13,32.56139345705171,292.72124523695396,99.84014822009772,True
2021-01-14,33.0447365566966,293.74038579005986,99.30435076663673,True
2021-01-15,33.531609776899906,294.7593999118361,98.77220986506381,True
2021-01-16,34.021916568703546,295.77826013908657,98.24365642961698,True
2021-01-17,34.515559163870066,296.7969419714596,97.71861719241048,True
2021-01-18,35.012439760879545,297.8154241219214,97.19701563895813,True
2021-01-19,35.512461525704346,298.8336884180391,96.67877310766522,True
2021-01-20,36.01552931359459,299.85171952118316,96.16380979241143,True
2021-01-21,36.52155011610335,300.8695046108944,95.65204550520895,True
2021-01-22,37.03043329637091,301.8870331359818,95.14340016038909,True
2021-01-23,37.542090699732654,302.90429668640587,94.63779401332681,True
2021-01-24,38.05643672927736,303.9212890001128,94.1351477291646,True
2021-01-25,38.57338846766513,304.9380060858266,93.63538238183855,True
2021-01-26,39.09286591106005,305.95444641195456,93.13841949910551,True
2021-01-27,39.614792356115714,306.970611081003,92.64418127511271,True
2021-01-28,40.139094941926324,307.9865038824843,92.15259105944199,True
2021-01-29,40.66570529484558,309.0021311073884,91.66357418745719,True
2021-01-30,41.19456016468387,310.0175010300138,91.17705913467006,True
2021-01-31,41.72560189834153,311.03262302730326,90.69297887103829,True
2021-02-01,42.25877859789562,312.0475064001837,90.21127219771193,True
2021-02-02,42.7940438664061,313.0621590506084,89.73188481579768,True
2021-02-03,43.3313561385259,314.0765862107814,89.25476992774452,True
2021-02-04,43.87067768327002,315.09078939891725,88.77988828435275,True
2021-02-05,44.411973415508214,316.1047657076402,88.30720770786803,True
2021-02-06,44.9552096518658,317.1185074578733,87.8367021939925,True
2021-02-07,45.50035291635867,318.13200220570354,87.36835071065514,True
2021-02-08,46.04736887124203,319.14523307714177,86.90213579410027,True
2021-02-09,46.59622143634793,320.15817940630075,86.4380420300472,True
2021-02-10,47.14687216098298,321.17081764096605,85.97605452001693,True
2021-02-11,47.69927990688852,322.18312244467756,85.51615746221097,True
2021-02-12,48.25340087132658,323.1950678784119,85.05833299291464,True
2021-02-13,48.809188925611075,324.206628515642,84.60256040996904,True
2021-02-14,49.36659618566984,325.2177803553997,84.14881583027011,True
2021-02-15,49.92557369370911,326.2285014502878,83.6970722434213,True
2021-02-16,50.486072088885805,327.23877223861064,83.24729985027517,True
2021-02-17,51.048042175929716,328.2485756333234,82.7994665426063,True
2021-02-18,51.611435346853675,329.2578969570988,82.35353838975487,True
2021-02-19,52.17620385484956,330.26672382058143,81.90948003426814,True
2021-02-20,52.74230097172831,331.2750460286627,81.4672549430656,True
2021-02-21,53.3096810798386,332.28285557772784,81.02682550211074,True
2021-02-22,53.87829975966291,333.29014678108547,80.58815297857745,True
2021-02-23,54.448113938263795,334.2969165298695,80.1511974083943,True
2021-02-24,55.019082160632195,335.30316465818964,79.71591750244255,True
2021-02-25,55.59116502990899,336.30889433041517,79.28227069949384,True
2021-02-26,56.16432582413204,337.31411230954456,78.8502135145875,True
2021-02-27,56.73853123109264,338.31882891934924,78.41970231174338,True
2021-02-28,57.313752059549195,339.32305751743604,77.99069454211315,True
2021-03-01,57.889963720238924,340.3268133884415,77.56315033179743,True
2021-03-02,58.4671462743827,341.3301121433137,77.13703413106896,True
2021-03-03,59.04528394791634,342.33296790160347,76.71231604631288,True
2021-03-04,59.62436417253862,343.33539163074533,76.28897254179327,True
2021-03-05,60.204376355102006,344.33738995698815,75.86698639811385,True
2021-03-06,60.78531062282237,345.33896458711,75.44634603571234,True
2021-03-07,61.36715673823179,346.3401122956319,75.0270444425999,True
2021-03-08,61.94990327798319,347.3408253254051,74.6090779525781,True
2021-03-09,62.533537083388524,348.3410920359035,74.19244504748502,True
2021-03-10,63.118042946349405,349.3408976757422,73.7771452706072,True
2021-03-11,63.70340348720461,350.3402252067649,73.36317828043968,True
2021-03-12,64.28959919104088,351.3390561384162,72.95054305262465,True
2021-03-13,64.87660857805852,352.33737133852856,72.53923723952994,True
2021-03-14,65.4644084832446,353.3351517809501,72.12925670229447,True
2021-03-15,66.05297441236017,354.3323791865348,71.72059522582538,True
2021-03-16,66.64228093224278,355.32903652192914,71.31324441031364,True
2021-03-17,67.23230205083391,356.3251083413599,70.90719370947397,True
2021-03-18,67.8230115493067,357.32058098391036,70.50243056539637,True
2021-03-19,68.41438324357571,358.31544266400556,70.09894057957013,True
2021-03-20,69.00639117111204,359.3096835099899,69.69670766112216,True
2021-03-21,69.59900971745533,0.3032956130333197,69.29571410442202,True
2021-03-22,70.19221371312166,1.296273147014517,68.89594056610714,True
2021-03-23,70.78597854536707,2.2886126099220943,68.49736593544498,True
2021-03-24,71.38028033983628,3.2803132158203603,68.09996712401592,True
2021-03-25,71.9750962709475,4.271377426617345,67.70371884433015,True
2021-03-26,72.57040504820013,5.261811546986651,67.30859350121348,True
2021-03-27,73.16618758532667,6.251626215298513,66.91456137002815,True
2021-03-28,73.76242778133327,7.240836535391604,66.52159124594166,True
2021-03-29,74.3591132400749,8.229461571450823,66.12965166862408,True
2021-03-30,74.95623567939977,9.217523045699428,65.73871263370035,True
2021-03-31,75.55379080547948,10.205043348715797,65.34874745676368,True
2021-04-01,76.15177758496806,11.192043278126459,64.9597343068416,True
2021-04-02,76.7501970692082,12.17854006516988,64.57165700403831,True
2021-04-03,77.34905107597497,13.164546121180418,64.18450495479455,True
2021-04-04,77.94834102957772,14.150068629282147,63.79827240029557,True
2021-04-05,78.54806713253447,15.135109822957206,63.412957309577266,True
2021-04-06,79.14822789242426,16.1196676663335,63.02856022609076,True
2021-04-07,79.74881993197558,17.10373667638959,62.64508325558599,True
2021-04-08,80.34983798339238,18.08730872444391,62.26252925894846,True
2021-04-09,80.95127498494375,19.070373750114832,61.88090123482892,True
2021-04-10,81.5531222292182,20.052920381964157,61.50020184725405,True
2021-04-11,82.15536953929238,21.034936483260918,61.12043305603146,True
2021-04-12,82.75800546440425,22.01640964063048,60.741595823773764,True
2021-04-13,83.36101749105246,22.99732760190656,60.3636898891459,True
2021-04-14,83.96439226287806,23.97767865860587,59.9867136042722,True
2021-04-15,84.56811579822191,24.957451964825243,59.61066383339667,True
2021-04-16,85.1721736920282,25.93663778991782,59.23553590211037,True
2021-04-17,85.77655129104396,26.915227715064876,58.861323575979085,True
2021-04-18,86.38123383834704,27.893214799833537,58.48801903851351,True
2021-04-19,86.98620659413824,28.87059375983319,58.11561283430505,True
2021-04-20,87.59145495306525,29.847361207029433,57.744093746035816,True
2021-04-21,88.1969645925674,30.82351600614202,57.373448586425376,True
2021-04-22,88.8027216992754,31.79905978738872,57.003661911886674,True
2021-04-23,89.4087133257372,32.77399761724936,56.63471570848784,True
2021-04-24,90.01492791685116,33.7483387533199,56.266589163531265,True
2021-04-25,90.6213559997365,34.722097296127224,55.89925870360927,True
2021-04-26,91.22799094451729,35.695292433434844,55.532698511082444,True
2021-04-27,91.83482959734869,36.6679479354281,55.166881661920584,True
2021-04-28,92.44187252583583,37.64009070525171,54.801781820584125,True
2021-04-29,93.04912368104883,38.61174853454461,54.437375146504216,True
2021-04-30,93.6565894828378,39.5829475920965,54.0736418907413,True
2021-05-01,94.26427756809473,40.55371032006168,53.710567248033044,True
2021-05-02,94.87219555017809,41.52405420849137,53.34814134168672,True
2021-05-03,95.48035006521566,42.49399152266046,52.9863585425552,True
2021-05-04,96.0887462091796,43.46352973639986,52.62521647277974,True
2021-05-05,96.69738731935496,44.432672316816785,52.264715002538175,True
2021-05-06,97.30627498478098,45.401419570753774,51.90485541402721,True
2021-05-07,97.91540917163871,46.3697693910371,51.54563978060161,True
2021-05-08,98.52478838407451,47.33771785123967,51.187070532834845,True
2021-05-09,99.13440981915542,48.30525966419086,50.829150154964566,True
2021-05-10,99.74426950316688,49.27238854641639,50.47188095675049,True
2021-05-11,100.354362412749,50.239097532003306,50.11526488074569,True
2021-05-12,100.96468259044798,51.20537926764946,49.759303322798516,True
2021-05-13,101.5752232633808,52.171226305006634,49.40399695837417,True
2021-05-14,102.18597696919822,53.1366313932046,49.04934557599362,True
2021-05-15,102.79693568856509,54.10158776783694,48.695347920728146,True
2021-05-16,103.40809098066555,55.06608943458595,48.3420015460796,True
2021-05-17,104.01943411961065,56.0301314554618,47.98930266414885,True
2021-05-18,104.63095623572936,56.99371026039321,47.63724597533615,True
2021-05-19,105.24264847595462,57.95682402173051,47.28582445422411,True
2021-05-20,105.85450220990602,58.91947313714907,46.93502907275695,True
2021-05-21,106.46650931883134,59.88166085760563,46.58484846122571,True
2021-05-22,107.07866260599337,60.84339405828469,46.235268547708685,True
2021-05-23,107.69095634797749,61.804684069605855,45.886272278371635,True
2021-05-24,108.30338695477876,62.765547365234404,45.537839589544355,True
2021-05-25,108.9159536224268,63.72600578705433,45.189947835372465,True
2021-05-26,109.52865877668287,64.68608596758139,44.84257280910148,True
2021-05-27,110.14150808678029,65.64581778885814,44.49569029792215,True
2021-05-28,110.75450993347698,66.60523208424551,44.14927784923147,True
2021-05-29,111.36767442178514,67.56435815053179,43.80331627125335,True
2021-05-30,111.98101221184059,68.52322173242209,43.457790479418506,True
2021-05-31,112.59453347903394,69.48184389602541,43.11268958300853,True
2021-06-01,113.20824720129664,70.44024081301507,42.76800638828158,True
2021-06-02,113.82216080772645,71.3984241882078,42.42373661951865,True
2021-06-03,114.43628010757554,72.35640198544844,42.0798781221271,True
2021-06-04,115.05060938180921,73.31417918201218,41.73643019979703,True
2021-06-05,115.66515153684531,74.27175840479147,41.393393132053845,True
2021-06-06,116.27990825686217,75.2291404040468,41.05076785281537,True
2021-06-07,116.89488012533458,76.18632438268105,40.70855574265353,True
2021-06-08,117.51006671066466,77.1433082271334,40.36675848353126,True
2021-06-09,118.1254666250102,78.10008869227283,40.02537793273737,True
2021-06-10,118.74107757195216,79.05666158657421,39.68441598537795,True
2021-06-11,119.3568963995944,80.01302199123258,39.34387440836183,True
2021-06-12,119.97291917271899,80.96916453173934,39.00375464097965,True
2021-06-13,120.58914127247144,81.92508370662168,38.66405756584976,True
2021-06-14,121.20555752686329,82.8807742693823,38.32478325748099,True
2021-06-15,121.82216237249195,83.83623165898305,37.98593071350889,True
2021-06-16,122.43895004906274,84.79145248160965,37.64749756745309,True
2021-06-17,123.05591483381725,85.7464350581027,37.30947977571455,True
2021-06-18,123.67305133077947,86.70118005906738,36.97187127171209,True
2021-06-19,124.29035483491691,87.65569124114238,36.63466359377453,True
2021-06-20,124.90782178601886,88.60997625958716,36.2978455264317,True
2021-06-21,125.52545030214007,89.56404745608259,35.96140284605748,True
2021-06-22,126.1432407330668,90.5179224182135,35.6253183148533,True
2021-06-23,126.76119611105288,91.47162402728844,35.28957208376444,True
2021-06-24,127.37932233416687,92.42517973651503,34.95414259765184,True
2021-06-25,127.99762794551035,93.37862001467933,34.61900793083102,True
2021-06-26,128.61612348928548,94.33197620553818,34.2841472837473,True
2021-06-27,129.23482058290682,95.28527831329254,33.949542269614284,True
2021-06-28,129.85373094574112,96.2385532481364,33.61517769760472,True
2021-06-29,130.47286560746372,97.19182383848107,33.28104176898265,True
2021-06-30,131.09223440963444,98.14510860264426,32.94712580699019,True
2021-07-01,131.71184579299998,99.09842205542856,32.61342373757142,True
2021-07-02,132.33170678987216,100.05177526857541,32.279931521296746,True
2021-07-03,132.95182312482217,101.00517646147892,31.946646663343245,True
2021-07-04,133.5721993459045,101.95863149323077,31.613567852673725,True
2021-07-05,134.19283893830163,102.91214420940044,31.280694728901196,True
2021-07-06,134.81374439883575,103.86571665154042,30.948027747295328,True
2021-07-07,135.43491726918893,104.81934916788475,30.615568101304177,True
2021-07-08,136.05635813865993,105.77304047826775,30.283317660392186,True
2021-07-09,136.67806663549044,106.7267877507132,29.95127888477724,True
2021-07-10,137.30004143003006,107.6805867435763,29.619454686453764,True
2021-07-11,137.9222802731434,108.63443205575007,29.287848217393332,True
2021-07-12,138.54478008906202,109.58831750909158,28.956462579970434,True
2021-07-13,139.16753713407925,110.54223666532263,28.62530046875662,True
2021-07-14,139.79054722333152,111.49618346017799,28.294363763153527,True
2021-07-15,140.41380602055142,112.45015292632876,27.963653094222664,True
2021-07-16,141.03730938240477,113.40414197513742,27.63316740726735,True
2021-07-17,141.6610537493124,114.35815021003697,27.302903539275434,True
2021-07-18,142.28503657435652,115.31218073946717,26.97285583488936,True
2021-07-19,142.90925677445352,116.26624093239063,26.643015842062894,True
2021-07-20,143.5337151682332,117.22034301094014,26.313372157293045,True
2021-07-21,144.15841483479966,118.17450431903224,25.98391051576742,True
2021-07-22,144.7833613007172,119.1287470834006,25.654614217316592,True
2021-07-23,145.40856246358632,120.08309754381932,25.325464919767,True
2021-07-24,146.03402820930037,121.03758448936499,24.996443719935385,True
2021-07-25,146.65976976893288,121.99223744212748,24.6675323268054,True
2021-07-26,147.28579894787467,122.9470848656777,24.338714082196972,True
2021-07-27,147.9121273939451,123.90215275483052,24.009974639114574,True
2021-07-28,148.53876603543358,124.85746380004373,23.68130223538985,True
2021-07-29,149.16572474241175,125.81303711601815,23.352687626393603,True
2021-07-30,149.79301219069882,126.76888838148967,23.024123809209144,True
2021-07-31,150.42063586616757,127.72503019227106,22.69560567389651,True
2021-08-01,151.04860213943644,128.68147245815973,22.367129681276708,True
2021-08-02,151.67691635408826,129.63822273310552,22.03869362098274,True
2021-08-03,152.30558289150247,130.5952864258472,21.71029646565526,True
2021-08-04,152.93460519427396,131.55266688304934,21.381938311224616,True
2021-08-05,153.56398574584168,132.51036536936218,21.0536203764795,True
2021-08-06,154.19372601708218,133.4683809933582,20.725345023723975,True
2021-08-07,154.8238264022466,134.42671064775382,20.397115754492773,True
2021-08-08,155.45428617632334,135.38534904499284,20.0689371313305,True
2021-08-09,156.08510351129075,136.3442889291691,19.740814582121658,True
2021-08-10,156.71627558618638,137.30352152540345,19.41275406078293,True
2021-08-11,157.34779881298778,138.2630372461483,19.08476156683949,True
2021-08-12,157.97966917846443,139.22282661870332,18.75684255976111,True
2021-08-13,158.61188267788694,140.18288134742704,18.429001330459897,True
2021-08-14,159.24443579847784,141.14319539631057,18.101240402167264,True
2021-08-15,159.87732600433395,142.1037659796402,17.77356002469375,True
2021-08-16,160.51055217880568,143.06459437039277,17.445957808412913,True
2021-08-17,161.14411498786683,144.02568645839696,17.118428529469867,True
2021-08-18,161.77801713189245,144.98705299980324,16.790964132089215,True
2021-08-19,162.41226345271775,145.94870950021703,16.463553952500718,True
2021-08-20,163.04686086498484,146.91067568667987,16.13618517830497,True
2021-08-21,163.6818180959465,147.87297457059105,15.808843525355456,True
2021-08-22,164.31714525054855,148.8356311866454,15.481514063903148,True
2021-08-23,164.9528532600903,149.79867118225997,15.154182077830342,True
2021-11-23,225.57010904147478,240.60086714040682,15.03075809893204,True
2021-11-24,226.25587014047065,241.6112596117391,15.355389471268438,True
2021-11-25,226.94229729132041,242.62209749778194,15.679800206461522,True
2021-11-26,227.6293940068384,243.63338229014278,16.00398828330438,True
2021-11-27,228.3171628167008,244.64511367265766,16.327950855956857,True
2021-11-28,229.00560509777162,245.65728912468367,16.65168402691205,True
2021-11-29,229.69472085295206,246.66990336391166,16.9751825109596,True
2021-11-30,230.3845084510882,247.68294761991575,17.298439168827542,True
2021-12-01,231.07496437665586,248.69640880845142,17.621444431795567,True
2021-12-02,231.7660830853348,249.71026879946038,17.94418571412558,True
2021-12-03,232.4578570994853,250.72450410355668,18.266647004071388,True
2021-12-04,233.15027746568202,251.73908634873038,18.588808883048358,True
2021-12-05,233.8433345980729,252.75398376391274,18.910649165839857,True
2021-12-06,234.53701936378351,253.76916350962478,19.23214414584126,True
2021-12-07,235.23132412717467,254.78459428528078,19.553270158106102,True
2021-12-08,235.92624346944902,255.8002484937183,19.87400502426928,True
2021-12-09,236.62177444890204,256.8161034771361,20.19432902823405,True
2021-12-10,237.31791645618418,257.8321417684706,20.514225312286413,True
2021-12-11,238.01467083056792,258.84835063502493,20.833679804457006,True
2021-12-12,238.712040407241,259.86472128978124,21.15268088254024,True
2021-12-13,239.41002910691572,260.8812480665523,21.471218959636587,True
2021-12-14,240.1086416126292,261.8979277182983,21.789286105669106,True
2021-12-15,240.80788313277813,262.91475888396127,22.10687575118314,True
2021-12-16,241.50775922753954,263.9317417018767,22.42398247433718,True
2021-12-17,242.2082756708048,264.9488775200786,22.740601849273816,True
2021-12-18,242.9094383239159,265.96616865122127,23.05673032730536,True
2021-12-19,243.6112530055674,266.9836181307947,23.372365125227304,True
2021-12-20,244.31372535096133,268.00122945399244,23.687504103031102,True
2021-12-21,245.01686066045966,269.019006283357,24.00214562289733,True
2021-12-22,245.72066374193767,270.03695213146057,24.316288389522896,True
2021-12-23,246.42513875098513,271.05507002682606,24.62993127584093,True
2021-12-24,247.13028902935602,272.0733621656559,24.943073136299887,True
2021-12-25,247.8361169363289,273.0918295382532,25.2557126019243,True
2021-12-26,248.54262366277106,274.1104715020325,25.567847839261447,True
2021-12-27,249.24980901747693,275.12928526046,25.87947624298306,True
2021-12-28,249.95767118418047,276.14826521017017,26.190594025989697,True
2021-12-29,250.66620646978708,277.1674021510468,26.50119568125973,True
2021-12-30,251.37540910114714,278.18668242975514,26.811273328607996,True
2021-12-31,252.08527117114681,279.2060872055237,27.1208160343769,True
2022-01-01,252.79578286031443,280.2255921492586,27.42980928894417,True
2022-01-02,253.50693302852895,281.24516792159267,27.73823489306372,True
2022-01-03,254.21871015760297,282.2647816172425,28.046071459639506,True
2022-01-04,254.9311034637234,283.2843990070975,28.353295543374088,True
2022-01-05,255.6441038901738,284.3039870371867,28.65988314701289,True
2022-01-06,256.35770472639035,285.3235159190449,28.96581119265454,True
2022-01-07,257.07190176289464,286.3429603648695,29.271058601974858,True
2022-01-08,257.78669306889617,287.3622999106174,29.575606841721253,True
2022-01-09,258.50207856904115,288.381518572897,29.879440003855848,True
2022-01-10,259.21805958436494,289.400604181504,30.182544597139042,True
2022-01-11,259.93463843894074,290.4195476659424,30.48490922700165,True
2022-01-12,260.65181816870256,291.4383424549057,30.786524286203132,True
2022-01-13,261.3696023256736,292.45698404353413,31.087381717860524,True
2022-01-14,262.0879948501207,293.4754697168428,31.387474866722073,True
2022-01-15,262.80699997746217,294.4937983841414,31.68679840667926,True
2022-01-16,263.5266221491177,295.511970466977,31.98534831785929,True
2022-01-17,264.2468659029098,296.5299877835098,32.28312188059999,True
2022-01-18,264.9677357273349,297.5478533809872,32.58011765365228,True
2022-01-19,265.68923587390475,298.5655712830157,32.876335409110936,True
2022-01-20,266.4113701313067,299.58314613714447,33.171776005837785,True
2022-01-21,267.1341415722471,300.60058276650034,33.466441194253264,True
2022-01-22,267.85755228668484,301.61788564132314,33.760333354638306,True
2022-01-23,268.58160311343727,302.6350582881623,34.05345517472506,True
2022-01-24,269.30629337805925,303.652102646646,34.34580926858672,True
2022-01-25,270.03162064297425,304.6690183729202,34.637397729945974,True
2022-01-26,270.7575804815427,305.6858020875498,34.92822160600713,True
2022-01-27,271.4841663048447,306.7024465885571,35.21828028371243,True
2022-01-28,272.211369296903,307.7189401073275,35.50757081042451,True
2022-01-29,272.93917853959084,308.73526576947216,35.79608722988132,True
2022-01-30,273.6675814099643,309.7514014970156,36.083820087051265,True
2022-01-31,274.39656428501354,310.76732058461147,36.37075629959793,True
2022-02-01,275.12611348771844,311.7829930406336,36.65687955291514,True
2022-02-02,275.85621629434854,312.79838752262435,36.94217122827581,True
2022-02-03,276.5868617694453,313.8134734476826,37.226611678237305,True
2022-02-04,277.31804124950514,314.8282227863559,37.51018153685078,True
2022-02-05,278.04974843052105,315.8426112040132,37.792862773492175,True
2022-02-06,278.78197914533945,316.85661848543015,38.0746393400907,True
2022-02-07,279.5147309792659,317.8702284022968,38.3554974230309,True
2022-02-08,280.2480028609795,318.8834282737614,38.6354254127819,True
2022-02-09,280.9817947155337,319.8962084451355,38.91441372960185,True
2022-02-10,281.7161072133491,320.9085618326979,39.19245461934878,True
2022-02-11,282.45094161143675,321.92048360412963,39.46954199269288,True
2022-02-12,283.1862996622342,322.9319710058165,39.74567134358227,True
2022-02-13,283.92218355623305,323.9430233106771,40.02083975444407,True
2022-02-14,284.65859586193255,324.9536418365982,40.29504597466564,True
2022-02-15,285.395539428173,325.96382997046976,40.56829054229678,True
2022-02-16,286.1330172196948,326.9735931251597,40.8405759054649,True
2022-02-17,286.8710320680437,327.9829385595151,41.111906491471416,True
2022-02-18,287.6095863369242,328.9918750086987,41.38228867177446,True
2022-02-19,288.34868152127467,330.00041210451894,41.65173058324427,True
2022-02-20,289.08831781720977,331.0085596065024,41.92024178929262,True
2022-02-21,289.8284937094364,332.01632650150145,42.18783279206508,True
2022-02-22,290.5692056209212,333.02372004983374,42.454514428912546,True
2022-02-23,291.3104476595918,334.0307448552266,42.72029719563483,True
2022-02-24,292.05221148638213,335.03740202297905,42.98519053659692,True
2022-02-25,292.79448632511287,336.04368846263793,43.24920213752506,True
2022-02-26,293.53725913818363,337.04959640131545,43.512337263131826,True
2022-02-27,294.2805149944177,338.0551131988632,43.77459820444551,True
2022-02-28,295.02423764235175,339.060221572989,44.03598393063726,True
2022-03-01,295.768410263404,340.0649003157522,44.29649005234819,True
2022-03-02,296.51301632068316,341.0691254907392,44.55610917005606,True
2022-03-03,297.2580403680093,342.07287196291423,44.814831594904945,True
2022-03-04,298.00346867478316,343.07611499653785,45.07264632175469,True
2022-03-05,298.7492895704878,344.07883163151723,45.32954206102943,True
2022-03-06,299.4954934966736,345.0810016341693,45.58550813749571,True
2022-03-07,300.24207283170836,346.0826079657594,45.84053513405104,True
2022-03-08,300.9890215921459,347.083636845669,46.0946152535231,True
2022-03-09,301.7363351102261,348.08407755722317,46.347742446997074,True
2022-03-10,302.4840097567225,349.08392215055636,46.59991239383385,True
2022-03-11,303.23204274226,350.08316516372554,46.85112242146556,True
2022-03-12,303.9804320003539,351.08180343786836,47.101371437514445,True
2022-03-13,304.72917613460925,352.0798360601291,47.350659925519835,True
2022-03-14,305.47827439848294,353.07726443285054,47.5989900343676,True
2022-03-15,306.22772666591567,354.0740924360506,47.84636577013492,True
2022-03-16,306.9775333442594,355.0703266187879,48.09279327452845,True
2022-03-17,307.72769518004816,356.06597632441327,48.33828114436511,True
2022-03-18,308.4782129188203,357.06105363332733,48.58284071450703,True
2022-03-19,309.2290868076686,358.0555730102533,48.826486202584704,True
2022-03-20,309.9803159727097,359.04955058638507,49.06923461367535,True
2022-03-21,310.73189775160586,0.04300309102911016,49.31110533942325,True
2022-03-22,311.48382709286886,1.0359465482884929,49.55211945541964,True
2022-03-23,312.2360961307313,2.0283949287825926,49.79229879805126,True
2022-03-24,312.9886940056213,3.020358958698346,50.03166495307704,True
2022-03-25,313.7416069447786,4.011845237190185,50.27023829241159,True
2022-03-26,314.49481857155706,5.00285573216953,50.508037160612446,True
2022-03-27,315.24831039059075,5.993387656442358,50.74507726585159,True
2022-03-28,316.0020623957432,6.983433692849225,50.98137129710602,True
2022-03-29,316.75605375364853,7.972982530885714,51.21692877723717,True
2022-03-30,317.5102635146603,8.962019674178313,51.45175615951797,True
2022-03-31,318.26467129333406,9.950528458830153,51.68585716549609,True
2022-04-01,319.0192578518202,10.93849118702764,51.91923333520742,True
2022-04-02,319.77400552492753,11.92589024778921,52.151884722861666,True
2022-04-03,320.52889845113936,12.912709091758499,52.38381064061912,True
2022-04-04,321.2839226128669,13.898932960400664,52.61501034753377,True
2022-04-05,322.03906572648077,14.88454933102131,52.84548360454056,True
2022-04-06,322.7943170446099,15.869548103359387,53.075231058749466,True
2022-04-07,323.5496671353118,16.853921599470212,53.30425446415842,True
2022-04-08,324.3051076895005,17.837664467806697,53.53255677830617,True
2022-04-09,325.0606313875604,18.82077357897386,53.76014219141342,True
2022-04-10,325.8162318347583,19.803247983882933,53.987016149124656,True
2022-04-11,326.57190355541394,20.785088982317756,54.213185426903806,True
2022-04-12,327.3276420171612,21.766300323296562,54.43865830613532,True
2022-04-13,328.08344363768873,22.746888525184826,54.6634448874961,True
2022-04-14,328.8393057079994,23.726863258697676,54.88755755069826,True
2022-04-15,329.5952261547302,24.706237679571842,55.111011524841615,True
2022-04-16,330.35120307222553,25.685028542306252,55.33382547008074,True
2022-04-17,331.1072339979962,26.663255902954234,55.556021904958016,True
2022-04-18,331.8633149872227,27.640942268482778,55.777627281260095,True
2022-04-19,332.6194396401286,28.618111192795247,55.99867155266668,True
2022-04-20,333.37559829893127,29.59478551591553,56.21918721698427,True
2022-04-21,334.13177760956967,30.570985594062446,56.43920798449278,True
2022-04-22,334.8879605360043,31.546727880608874,56.6587673446046,True
2022-04-23,335.6441267786891,32.522024083412205,56.87789730472309,True
2022-04-24,336.40025345593267,33.49688092936223,57.09662747342958,True
2022-04-25,337.1563158898461,34.471300418170514,57.31498452832443,True
2022-04-26,337.9122883783538,35.44528039357808,57.53299201522424,True
2022-04-27,338.6681448903022,36.41881528285835,57.750670392556174,True
2022-04-28,339.42385966158656,37.391896907294075,57.968037245707535,True
2022-04-29,340.17940768781233,38.36451530910958,58.18510762129722,True
2022-04-30,340.9347651104215,39.33665955971461,58.40189444929314,True
2022-05-01,341.68990949050414,40.308318514982766,58.61840902447864,True
2022-05-02,342.44481996670714,41.27948147915666,58.83466151244954,True
2022-05-03,343.19947730333337,42.25013874191392,59.05066143858056,True
2022-05-04,343.9538638485667,43.22028196790496,59.266418119338255,True
2022-05-05,344.7079634349445,44.18990444153613,59.48194100659168,True
2022-05-06,345.4617612600335,45.159001194573136,59.69723993453965,True
2022-05-07,346.2152437831955,46.12756906356466,59.912325280369146,True
2022-05-08,346.96839866543206,47.09560673488379,60.12720806945174,True
2022-05-09,347.7212147654254,48.06311483725055,60.341900071825194,True
2022-05-10,348.4736821868974,49.03009613550095,60.55641394860356,True
2022-05-11,349.22579234964957,49.996555863489135,60.7707635138396,True
2022-05-12,349.97753802828845,50.962502202887144,60.9849641745987,True
2022-05-13,350.7289132710943,51.92794686032365,61.199033589229316,True
2022-05-14,351.4799130877034,52.89290561433224,61.41299252662884,True
2022-05-15,352.2305328015246,53.85739861116363,61.62686580963907,True
2022-05-16,352.9807670303936,54.82145013319026,61.84068310279662,True
2022-05-17,353.7306083966831,55.78508761974644,62.05447922306331,True
2022-05-18,354.4800462307523,56.74833993322433,62.26829370247202,True
2022-05-19,355.2290656174687,57.711235170167726,62.48216955269902,True
2022-05-20,355.9776470574794,58.67379854040803,62.696151482928656,True
2022-05-21,356.72576679574746,59.63605081650429,62.91028402075682,True
2022-05-22,357.4733976428757,60.598007603446774,63.12460996057109,True
2022-05-23,358.22051000806425,61.559679370283625,63.339169362219366,True
2022-05-24,358.96707289827907,62.521071993978126,63.553999095699055,True
2022-05-25,359.71305474764165,63.48218753813668,63.76913279049501,True
2022-05-26,0.45842404528846736,64.44302506560469,63.98460102031622,True
2022-05-27,1.2031497906938304,65.40358138363472,64.20043159294089,True
2022-05-28,1.9472018233439887,66.36385169491413,64.41664987157014,True
2022-05-29,2.690551065914053,67.3238301650482,64.63327909913414,True
2022-05-30,3.4331697038825473,68.28351042505587,64.85034072117332,True
2022-05-31,4.17503131097323,69.24288601976954,65.06785470879632,True
2022-06-01,4.9161109238063245,70.20195080203942,65.28583987823309,True
2022-06-02,5.656385070830346,71.16069926655588,65.50431419572553,True
2022-06-03,6.395831767071214,72.11912681940048,65.72329505232926,True
2022-06-04,7.134430493387428,73.07722998947469,65.94279949608726,True
2022-06-05,7.872162183039857,74.03500660249871,66.16284441945885,True
2022-06-06,8.609009236939807,74.99245595334853,66.38344671640871,True
2022-06-07,9.344955580395236,75.94957902446083,66.6046234440656,True
2022-06-08,10.079986757183352,76.90637880319318,66.82639204600983,True
2022-06-09,10.81409002972364,77.86286074391322,67.04877071418957,True
2022-06-10,11.54725441642701,78.81903339211007,67.27177897568306,True
2022-06-11,12.279470553835749,79.77490912613187,67.49543857229612,True
2022-06-12,13.010730239807256,80.73050487115611,67.71977463134886,True
2022-06-13,13.74102553067092,81.68584251901014,67.94481698833921,True
2022-06-14,14.470347372071997,82.64094871312078,68.17060134104878,True
2022-06-15,15.198683945348968,83.59585373338183,68.39716978803287,True
2022-06-16,15.926019124849434,84.55058949869411,68.62457037384468,True
2022-06-17,16.652331509218037,85.5051870943884,68.85285558517037,True
2022-06-18,17.37759431175964,86.45967447790667,69.08208016614704,True
2022-06-19,18.10177605936354,87.41407492885794,69.3122988694944,True
2022-06-20,18.824841775099973,88.3684064562863,69.54356468118633,True
2022-06-21,19.54675425404859,89.32268201078291,69.77592775673432,True
2022-06-22,20.267475155896815,90.2769101674112,70.00943501151438,True
2022-06-23,20.98696580622325,91.231095960574,70.24413015435074,True
2022-06-24,21.70518772434432,92.18524166623257,70.48005394188826,True
2022-06-25,22.422102952755218,93.13934744617669,70.71724449342148,True
2022-06-26,23.13767426897939,94.09341184995054,70.95573758097115,True
2022-06-27,23.8518653413648,95.04743220887154,71.19556686750674,True
2022-06-28,24.5646408648894,96.00140496538583,71.43676410049643,True
2022-06-29,25.27596669121293,96.9553259731072,71.67935928189426,True
2022-06-30,25.98580995304935,97.90919078845242,71.92338083540307,True
2022-07-01,26.69413917727276,98.86299496092619,72.16885578365343,True
2022-07-02,27.4009243828111,99.81673432058216,72.41580993777106,True
2022-07-03,28.106137165536833,100.77040526055518,72.66426809501834,True
2022-07-04,28.809750779085277,101.72400501999108,72.9142542409058,True
2022-07-05,29.51174022341566,102.67753198601028,73.16579176259462,True
2022-07-06,30.212082347769165,103.63098604837256,73.4189037006034,True
2022-07-07,30.910755957769336,104.58436905107683,73.6736130933075,True
2022-07-08,31.60774188523655,105.53768538239143,73.92994349715488,True
2022-07-09,32.30302293482176,106.49094271645322,74.18791978163145,True
2022-07-10,32.99658357391935,107.4441528520347,74.44756927811535,True
2022-07-11,33.68840920875037,108.3973324833813,74.70892327463093,True
2022-07-12,34.37848493583875,109.35050361211319,74.97201867627444,True
2022-07-13,35.0667938151396,110.3036932480777,75.23689943293812,True
2022-07-14,35.75331495753232,111.25693215925259,75.50361720172026,True
2022-07-15,36.43802192595543,112.2102527535866,75.77223082763118,True
2022-07-16,37.120881938026315,113.16368656825081,76.0428046302245,True
2022-07-17,37.80185607365648,114.11726203859733,76.31540596494085,True
2022-07-18,38.48090030106779,115.07100306805846,76.59010276699067,True
2022-07-19,39.157966889627055,116.02492854201141,76.86696165238436,True
2022-07-20,39.83300578469936,116.97905258700894,77.14604680230957,True
2022-07-21,40.50596569138903,117.93338523413092,77.42741954274189,True
2022-07-22,41.17679480331072,118.88793318402456,77.71113838071383,True
2022-07-23,41.8454412337381,119.8427004886835,77.9972592549454,True
2022-07-24,42.51185325131346,120.79768907757989,78.28583582626644,True
2022-07-25,43.17597941846982,121.75289913040793,78.5769197119381,True
2022-07-26,43.83776870587632,122.70832933614493,78.87056063026861,True
2022-07-27,44.497170627283666,123.6639770900773,79.16680646279363,True
2022-07-28,45.154135413333066,124.61983867750259,79.46570326416952,True
